Index;AAPL.Open;AAPL.High;AAPL.Low;AAPL.Close;AAPL.Volume;AAPL.Adjusted
1999-12-31;0.758398983119989;0.772956388305414;0.747598086576196;0.772486805915833;163811200;0.772486805915833
2000-01-03;0.787983229909197;0.845273725417205;0.764033629626965;0.841047585010529;535796800;0.841047585010529
2000-01-04;0.813341422420158;0.831185799517675;0.760277070865559;0.770138800144196;512377600;0.770138800144196
2000-01-05;0.779530269008028;0.830716403255763;0.773895481125146;0.781408548355103;778321600;0.781408548355103
2000-01-06;0.797375559596927;0.803949512700836;0.713786780834198;0.713786780834198;767972800;0.713786780834198
2000-01-07;0.725057079901526;0.758868409430896;0.717544014005156;0.747597932815552;460734400;0.747597932815552
2000-01-10;0.76638146695242;0.7682597460685;0.711908413244426;0.73444926738739;505064000;0.73444926738739
2000-01-11;0.720830890754752;0.746658715856441;0.67997608323221;0.696881294250488;441548800;0.696881294250488
2000-01-12;0.713786547735493;0.717543958162046;0.649921304366062;0.655087411403656;976068800;0.655087411403656
2000-01-13;0.709912174948147;0.741962190242099;0.695003014452534;0.72693520784378;1032684800;0.72693520784378
2000-01-14;0.751354438184677;0.768259650339593;0.746658766058747;0.75464141368866;390376000;0.75464141368866
2000-01-18;0.758868801496457;0.796436658304082;0.754641856458984;0.780939280986786;459177600;0.780939280986786
2000-01-19;0.793617943343117;0.817097959146291;0.776712681066788;0.800662279129028;597643200;0.800662279129028
2000-01-20;0.867814608622888;0.912895514388145;0.852787673473358;0.852787673473358;1831132800;0.852787673473358
2000-01-21;0.858422511461332;0.858422511461332;0.827898956720662;0.836351990699768;495924800;0.836351990699768
2000-01-24;0.814750203364847;0.84715198533019;0.789861487724436;0.798314571380615;440876800;0.798314571380615
2000-01-25;0.788922526364193;0.849970446751968;0.769199864471836;0.843395590782166;497145600;0.843395590782166
2000-01-26;0.826490341770779;0.857953014165104;0.824612112515171;0.827899038791656;367158400;0.827899038791656
2000-01-27;0.817567725397757;0.849031250516103;0.803949484876308;0.826490342617035;340144000;0.826490342617035
2000-01-28;0.812872074604402;0.83306426731934;0.75605110215583;0.763564169406891;423348800;0.763564169406891
2000-01-31;0.75886832934221;0.780469212857248;0.710030020482725;0.779530048370361;701680000;0.779530048370361
2000-02-01;0.781408469221624;0.788922388382418;0.751354548120157;0.753232777118683;318035200;0.753232777118683
2000-02-02;0.756990133995379;0.767320593381926;0.728813591215518;0.742431879043579;464195200;0.742431879043579
2000-02-03;0.753702364501662;0.783287606322746;0.753232782169714;0.776243269443512;475193600;0.776243269443512
2000-02-04;0.780938940169579;0.826490231944992;0.778591078674545;0.811463296413422;425320000;0.811463296413422
2000-02-07;0.811463377941664;0.858422568735427;0.795966808364135;0.857013821601868;441067200;0.857013821601868
2000-02-08;0.856544151324936;0.872510251483528;0.835882428503041;0.863119006156921;408643200;0.863119006156921
2000-02-09;0.857483281357642;0.880024135121312;0.844804157702035;0.846212804317474;299364800;0.846212804317474
2000-02-10;0.848091950602673;0.855605067069103;0.826490210932513;0.852787673473358;302982400;0.852787673473358
2000-02-11;0.853726756744658;0.857483315061259;0.813341522795307;0.817098081111908;212251200;0.817098081111908
2000-02-14;0.821324160471205;0.870632009748181;0.816158905395446;0.870162427425385;367539200;0.870162427425385
2000-02-15;0.865936350535656;0.901156327372719;0.865466768232717;0.89411199092865;485744000;0.89411199092865
2000-02-16;0.884719659413328;0.887537854861897;0.842456157449221;0.857483088970184;378246400;0.857483088970184
2000-02-17;0.865466817488573;0.867814628820225;0.849970299659645;0.863119006156921;289497600;0.863119006156921
2000-02-18;0.861240734959407;0.866875522662304;0.833064238369676;0.835882484912872;233441600;0.835882484912872
2000-02-22;0.82742927539568;0.878615397165886;0.801601398300471;0.855135381221771;422296000;0.855135381221771
2000-02-23;0.850791736234633;0.894112193149313;0.83400343781175;0.873449563980103;473099200;0.873449563980103
2000-02-24;0.881432786787403;0.895051073592538;0.839638812010428;0.865583658218384;376432000;0.865583658218384
2000-02-25;0.862649539432335;0.879085224123164;0.827429505712586;0.829307734966278;249144000;0.829307734966278
2000-02-28;0.82742955733024;0.8640582401961;0.814280848250626;0.850909531116486;328328000;0.850909531116486
2000-02-29;0.853257419614771;0.880963587530372;0.845743598605649;0.861240923404693;368961600;0.861240923404694
2000-03-01;0.890824940222167;0.992257217044959;0.890355357958711;0.979108512401581;1077003200;0.979108512401581
2000-03-02;0.954221429702414;0.961264968758273;0.906791776759634;0.916653513908386;311259200;0.916653513908386
2000-03-03;0.938254089108034;0.963495476732337;0.901626254215476;0.961734116077423;323366400;0.961734116077423
2000-03-06;0.946706636441472;0.970186650036508;0.939192719103128;0.944358825683594;210560000;0.944358825683594
2000-03-07;0.949993460232616;0.957507376373498;0.910077774527182;0.923226475715637;273011200;0.923226475715637
2000-03-08;0.92322747031829;0.931210977199957;0.890825665846933;0.916653513908386;271230400;0.916653513908386
2000-03-09;0.90819992604803;0.939192962152137;0.888477267284819;0.918531239032745;276718400;0.918531239032745
2000-03-10;0.914304845433313;0.961264069254082;0.909138738944834;0.944828391075134;248606400;0.944828391075134
2000-03-13;0.917591676085748;0.95046302726798;0.897868223349994;0.911486506462097;303956800;0.911486506462097
2000-03-14;0.91078237822684;0.93355807204626;0.856544069428136;0.8584223985672;428579200;0.8584223985672
2000-03-15;0.868753940522033;0.903504342915629;0.85748346111914;0.873449563980103;443609600;0.873449563980103
2000-03-16;0.881433097632443;0.91665308366575;0.860300885315741;0.913365304470062;378100800;0.913365304470062
2000-03-17;0.902565127663313;0.939192950725556;0.898807666484257;0.939192950725556;305043200;0.939192950725555
2000-03-20;0.927923085393443;0.948584801789401;0.919470004188437;0.924165725708008;204489600;0.924165725708008
2000-03-21;0.920878825594455;1.0274770997572;0.913835292900873;1.01385891437531;524328000;1.01385891437531
2000-03-22;0.997658081750776;1.0847685524141;0.988500675719254;1.08335900306702;567996800;1.08335900306702
2000-03-23;1.06692348493695;1.12984962551108;1.05189654902001;1.06175827980042;562564800;1.06175827980042
2000-03-24;1.07021050845418;1.08148098676228;1.01808526103555;1.04203486442566;446913600;1.04203486442566
2000-03-27;1.03405190755972;1.0875857832371;1.02841621892978;1.04860925674438;279182400;1.04860925674438
2000-03-28;1.03123374653904;1.066923302603;1.03029458201411;1.04532241821289;202966400;1.04532241821289
2000-03-29;1.04720096620915;1.04767044825312;1.00552390155587;1.02137303352356;239836800;1.02137303352356
2000-03-30;1.00352757132606;1.03452140139093;0.942480480042417;0.944828391075134;414400000;0.944828391075134
2000-03-31;0.957507987573328;1.03123413600803;0.946707089874124;1.02043414115906;404633600;1.02043414115906
2000-04-03;1.01808530249163;1.0481400797315;0.972534808207678;1.0016496181488;328563200;1.0016496181488
2000-04-04;0.996484114311501;0.999301507447441;0.877206613419054;0.956568419933319;660329600;0.956568419933319
2000-04-05;0.950228465432788;0.998362403718457;0.931679815266145;0.979578912258148;457665600;0.979578912258148
2000-04-06;0.981457533697591;1.01057234536876;0.926044401651718;0.940602660179138;259627200;0.940602660179138
2000-04-07;0.956098597612372;0.990848176385206;0.942949896868684;0.989909112453461;242435200;0.989909112453461
2000-04-10;0.989439965495162;0.99742346701729;0.937314721719376;0.939192950725556;212262400;0.939192950725555
2000-04-11;0.927923610656291;0.938254023277058;0.887067931221635;0.897399246692657;541822400;0.897399246692657
2000-04-12;0.894111862390521;0.894111862390521;0.78798311720851;0.820854425430298;941136000;0.820854425430298
2000-04-13;0.837760586740411;0.901625830848116;0.815219685161738;0.855135381221771;529827200;0.855135381221771
2000-04-14;0.821324034409876;0.88659797359333;0.818976173314591;0.840577960014343;667620800;0.840577960014343
2000-04-17;0.822733621962515;0.9312102367411;0.819445793679639;0.930740654468536;409561600;0.930740654468536
2000-04-18;0.927923392174146;0.95328164100647;0.896929453058688;0.95328164100647;390924800;0.95328164100647
2000-04-19;0.948115455531504;0.978638903732466;0.89974667800087;0.91007798910141;520150400;0.91007798910141
2000-04-20;0.929331940940116;0.937314639226329;0.879554512882132;0.893172800540924;722120000;0.893172800540924
2000-04-24;0.864057951663614;0.905382394790649;0.862179722919944;0.905382394790649;443620800;0.905382394790649
2000-04-25;0.917592221502684;0.967369662529376;0.917122639090958;0.964081883430481;391641600;0.964081883430481
2000-04-26;0.951402091216566;0.96173339971705;0.901625582627239;0.911486506462097;366912000;0.911486506462097
2000-04-27;0.880493827171015;0.954220867373339;0.875915173358523;0.952341735363007;326603200;0.952341735363007
2000-04-28;0.955159886391566;0.957977279860428;0.911486826699349;0.932149350643158;249580800;0.932149350643158
2000-05-01;0.938254130942938;0.940133263489867;0.915714170783618;0.934028089046478;226195200;0.934028089046478
2000-05-02;0.926044015254211;0.948584864405685;0.882841348026251;0.885658740997314;236432000;0.885658740997314
2000-05-03;0.893642264206675;0.911017107557514;0.838699638891964;0.864527463912964;489798400;0.864527463912964
2000-05-04;0.864997376828898;0.865936541642044;0.83071645671548;0.831655621528625;399515200;0.831655621528625
2000-05-05;0.832594698436085;0.862179943617497;0.8318903750165;0.849970400333405;284076800;0.849970400333405
2000-05-08;0.842221558468999;0.854196359574961;0.826490249114613;0.827429413795471;184900800;0.827429413795471
2000-05-09;0.828837988905871;0.835882324877555;0.787983177648212;0.792209267616272;327140800;0.792209267616272
2000-05-10;0.781878117429302;0.788922454854834;0.741962412318196;0.74618935585022;535091200;0.74618935585022
2000-05-11;0.76168595953038;0.783287702459626;0.743841577934564;0.772486805915833;499744000;0.772486805915833
2000-05-12;0.796436302718061;0.83024678192841;0.787161073692955;0.808645844459534;306913600;0.808645844459534
2000-05-15;0.811932621835114;0.811932621835114;0.752293474059329;0.758868277072906;678932800;0.758868277072906
2000-05-16;0.785282913220693;0.819445958343694;0.772017236434254;0.794087707996368;440451200;0.794087707996368
2000-05-17;0.778590940727542;0.779060522975017;0.754171811167275;0.761685729026794;398092800;0.761685729026794
2000-05-18;0.773895409087488;0.788452812507754;0.756051029655394;0.756990194320679;373777600;0.756990194320679
2000-05-19;0.745719922126539;0.745719922126539;0.701577267653542;0.706273794174194;740667200;0.706273794174194
2000-05-22;0.704395255318282;0.704395255318282;0.646164798260449;0.675749182701111;755507200;0.675749182701111
2000-05-23;0.679976226778099;0.701577114166628;0.64334750110477;0.644756197929382;517585600;0.644756197929382
2000-05-24;0.647573508689991;0.674340450314874;0.623623910195384;0.65884393453598;678462400;0.65884393453598
2000-05-25;0.664949330222741;0.696177161092878;0.646164981276498;0.65567409992218;406750400;0.65567409992218
2000-05-26;0.661191828202115;0.675279699255936;0.640530105530966;0.648982286453247;181148800;0.648982286453247
2000-05-30;0.658374514791955;0.662131073542973;0.614232767579692;0.657904982566833;713059200;0.657904982566833
2000-05-31;0.652739709173289;0.685611077026872;0.629729270155726;0.63113796710968;433507200;0.63113796710968
2000-06-01;0.614232838621917;0.672931997619044;0.603901523407421;0.669645071029663;903840000;0.669645071029663
2000-06-02;0.704395393271841;0.749476301989745;0.668705780435406;0.695472776889801;792848000;0.695472776889801
2000-06-05;0.701107439391701;0.715664840737642;0.673870915604413;0.686080455780029;323668800;0.686080455780029
2000-06-06;0.691011792373912;0.726935288197506;0.67856741053635;0.697820484638214;525481600;0.697820484638214
2000-06-07;0.703456277800488;0.728813726447525;0.688428487923379;0.725526750087738;337019200;0.725526750087738
2000-06-08;0.733510173548747;0.740084075402509;0.699698841224551;0.712377965450287;238526400;0.712377965450287
2000-06-09;0.726935236171634;0.735857850589368;0.709090910186028;0.719422221183777;252358400;0.719422221183777
2000-06-12;0.724117792923464;0.724587375137096;0.68279345464079;0.685141265392303;290337600;0.685141265392303
2000-06-13;0.685141422761957;0.711438835298719;0.662600568480444;0.710030138492584;351456000;0.710030138492584
2000-06-14;0.711438860395497;0.723178870271885;0.677158797975814;0.679506659507751;277446400;0.679506659507751
2000-06-15;0.685611046673916;0.701577147523102;0.66870578112478;0.69406408071518;248572800;0.69406408071518
2000-06-16;0.702516058088285;0.704395189475969;0.669175169178894;0.685141265392303;303564800;0.685141265392303
2000-06-19;0.680445710560459;0.735388393896766;0.674810070971075;0.725996196269989;394004800;0.725996196269989
2000-06-20;0.740084149229799;0.780939019973397;0.739145034630818;0.760746777057648;501390400;0.760746777057648
2000-06-21;0.758868519892222;0.8556051447231;0.756051075882436;0.835882484912872;4.9e+08;0.835882484912872
2000-06-22;0.837760764875452;0.865936458954492;0.80488854496235;0.80770593881607;467712000;0.80770593881607
2000-06-23;0.808175504479471;0.820854629250989;0.763564127711505;0.776712834835052;204965600;0.776712834835052
2000-06-26;0.788922365300172;0.822733696417797;0.783287578152789;0.813341498374939;185354400;0.813341498374939
2000-06-27;0.808175345338708;0.834003172147922;0.775773567528918;0.777651846408844;203470400;0.777651846408844
2000-06-28;0.801132113662861;0.832125154420765;0.773895531527074;0.818037331104279;286428800;0.818037331104279
2000-06-29;0.797375324249141;0.810524029109571;0.767320554142025;0.770138800144196;203660800;0.770138800144196
2000-06-30;0.793618240180374;0.825551300332262;0.776712971580963;0.787044286727905;323097600;0.787044286727905
2000-07-03;0.783287409983129;0.816158716721592;0.783287409983129;0.801131784915924;70828800;0.801131784915924
2000-07-05;0.800192654095693;0.829307454818016;0.762624821420443;0.775773525238037;265216000;0.775773525238037
2000-07-06;0.788922409494606;0.795497164173749;0.745719780763963;0.778591096401215;309545600;0.778591096401215
2000-07-07;0.790331216719898;0.823672972045972;0.78328773140757;0.818037331104279;263603200;0.818037331104279
2000-07-10;0.812871913778296;0.875328464302035;0.807705806429251;0.8584223985672;397796000;0.8584223985672
2000-07-11;0.856544070471973;0.89035539944957;0.833064103513449;0.855605006217957;357896000;0.855605006217957
2000-07-12;0.873449489401527;0.885659032263523;0.847152074201336;0.884719967842102;225433600;0.884719967842102
2000-07-13;0.879085060484733;0.911017259137143;0.822733679112843;0.849031090736389;445659200;0.849031090736389
2000-07-14;0.858422486113435;0.88659812828951;0.854665927768854;0.866875469684601;190276800;0.866875469684601
2000-07-17;0.875328685592057;0.883780867904644;0.858422615583233;0.876267850399017;260002400;0.876267850399017
2000-07-18;0.879085177534398;0.884719965313531;0.854665991563519;0.860300779342651;318404800;0.860300779342651
2000-07-19;0.829307601132718;0.853726734298639;0.777651941216665;0.791739761829376;457872800;0.791739761829376
2000-07-20;0.826490027460324;0.857483105675047;0.813341324187943;0.828368306159973;465572800;0.828368306159973
2000-07-21;0.816863408629858;0.835882549049117;0.795497259073831;0.804888606071472;196235200;0.804888606071472
2000-07-24;0.789861358380446;0.794557030334379;0.713786527115842;0.731631755828857;412171200;0.731631755828857
2000-07-25;0.756051067003689;0.760746740087072;0.737266719445017;0.752293705940247;211607200;0.752293705940247
2000-07-26;0.749006729766045;0.770138938945576;0.74008411326338;0.752293705940247;210470400;0.752293705940247
2000-07-27;0.751354624210066;0.800192896734374;0.749476344862992;0.781408548355103;294985600;0.781408548355103
2000-07-28;0.785635354607166;0.788922330350302;0.704395310417514;0.725996196269989;237893600;0.725996196269989
2000-07-31;0.738675450698469;0.775773762651435;0.732571130580425;0.763564169406891;155299200;0.763564169406891
2000-08-01;0.75605103078227;0.768729352515837;0.740084077806917;0.741023242473602;137284000;0.741023242473602
2000-08-02;0.736327551029347;0.750415371782373;0.709091024007939;0.710030138492584;162355200;0.710030138492584
2000-08-03;0.684671761766009;0.722239647285;0.664949156054733;0.721300482749939;339897600;0.721300482749939
2000-08-04;0.743371993891947;0.770138992572049;0.69594241710771;0.711908519268036;263121600;0.711908519268036
2000-08-07;0.719422475719273;0.737266808018298;0.70909116106625;0.720361590385437;187348000;0.720361590385437
2000-08-08;0.720361490436112;0.721300604971976;0.695942355695192;0.702516257762909;176674400;0.702516257762909
2000-08-09;0.723178980772092;0.72787465439512;0.710030272030781;0.713786780834198;379640800;0.713786780834198
2000-08-10;0.721300306023896;0.727874255525328;0.711908161391172;0.71472555398941;251714400;0.71472555398941
2000-08-11;0.703925764571098;0.721300561149886;0.684671836184689;0.716604888439178;238056000;0.716604888439178
2000-08-14;0.715195455108683;0.716604954569471;0.695942377637218;0.707212805747986;156660000;0.707212805747986
2000-08-15;0.71003028141917;0.720361596154938;0.698759852009716;0.701577246189117;114200800;0.701577246189117
2000-08-16;0.704395136531795;0.736327326558506;0.703455972175121;0.728813409805298;143673600;0.728813409805298
2000-08-17;0.72693555439348;0.787983480078751;0.725996439648475;0.772956490516663;270900000;0.772956490516663
2000-08-18;0.772017079046927;0.778590980051983;0.749476177021433;0.751354455947876;190176000;0.751354455947876
2000-08-21;0.755110867009281;0.774834373200216;0.745719573895549;0.758868277072906;134467200;0.758868277072906
2000-08-22;0.760746733915996;0.793618100458169;0.756990225574765;0.776712834835052;276802400;0.776712834835052
2000-08-23;0.773425903276687;0.822733755268292;0.767320680685871;0.816158950328827;236863200;0.816158950328827
2000-08-24;0.821559007164634;0.850909409073324;0.802071138817995;0.84316074848175;310766400;0.84316074848175
2000-08-25;0.849031240613679;0.864058177982185;0.847152108527916;0.853726863861084;334460000;0.853726863861084
2000-08-28;0.860300653734002;0.886598065019466;0.85748326025579;0.872510194778442;359004800;0.872510194778442
2000-08-29;0.869693185485497;0.893173213665007;0.866875790762707;0.889416754245758;267030400;0.889416754245758
2000-08-30;0.886598072181641;0.901625909675658;0.882137190778715;0.89411199092865;285392800;0.89411199092865
2000-08-31;0.886128669736084;0.924166148111243;0.885659087337834;0.915713965892792;419596800;0.915713965892792
2000-09-01;0.921348637529944;0.956099034723015;0.918531243813399;0.95328164100647;256872000;0.95328164100647
2000-09-05;0.941541519468993;0.963611985919835;0.935436247896149;0.93825364112854;298642400;0.93825364112854
2000-09-06;0.922287612278069;0.937314646928495;0.867814561511944;0.8781458735466;355404000;0.8781458735466
2000-09-07;0.888477171098834;0.94013282758016;0.875328465835707;0.931679844856262;217464800;0.931679844856262
2000-09-08;0.926044319801908;0.926044319801908;0.879085180046865;0.884719967842102;195518400;0.884719967842102
2000-09-11;0.881902431575884;0.907260677944305;0.873449348397538;0.8781458735466;187381600;0.8781458735466
2000-09-12;0.86170993508795;0.902564786203694;0.856543829187875;0.867814302444458;187997600;0.867814302444458
2000-09-13;0.852787747789661;0.894112098922918;0.852787747789661;0.871571242809296;305984000;0.871571242809296
2000-09-14;0.88002401803765;0.895990115427279;0.853726609603796;0.85443103313446;426552000;0.85443103313446
2000-09-15;0.86781459381582;0.874389348065935;0.815219769948195;0.830011963844299;394514400;0.830011963844299
2000-09-18;0.830246440080398;0.91289515254329;0.827429047601385;0.911486506462097;424536000;0.911486506462097
2000-09-19;0.897868782526669;0.90913916199473;0.880024349424538;0.900686979293823;271510400;0.900686979293823
2000-09-20;0.892703358095471;0.923226913903667;0.880024233029236;0.917357385158539;227388000;0.917357385158539
2000-09-21;0.879085305323944;0.895990473652208;0.830246976441067;0.851848721504211;510490400;0.851848721504211
2000-09-22;0.756050908535617;0.787983154098106;0.751354433903213;0.784226596355438;726700800;0.784226596355438
2000-09-25;0.792678937625044;0.834003338343009;0.782348476964353;0.803949415683746;435551200;0.803949415683746
2000-09-26;0.80113218999248;0.822733935778215;0.772017375771657;0.772956490516663;290936800;0.772956490516663
2000-09-27;0.777652034442847;0.792678971332303;0.725057203588016;0.735388517379761;402259200;0.735388517379761
2000-09-28;0.741023273712992;0.808645891273518;0.723178893502034;0.803949415683746;979585600;0.803949415683746
2000-09-29;0.42357596726979;0.435785558277248;0.381312457539462;0.386947244405746;7421640800;0.386947244405746
2000-10-02;0.401035868043609;0.401975007374442;0.353136727592664;0.364407151937485;2424788800;0.364407151937485
2000-10-03;0.374738546659694;0.375677686202617;0.333413322033581;0.335292428731918;2038120000;0.335292428731918
2000-10-04;0.33623157575337;0.35689332329475;0.32871765670953;0.355015069246292;1466024000;0.355015069246292
2000-10-05;0.353136900854988;0.368163864816779;0.330595990947601;0.331535130739212;873006400;0.331535130739212
2000-10-06;0.340927257212631;0.344683790761125;0.315568981725736;0.333413362503052;612656800;0.333413362503052
2000-10-09;0.339988124073213;0.343744632337451;0.317447218629349;0.326839417219162;597564800;0.326839417219162
2000-10-10;0.324961026556762;0.337170589617685;0.308054939465832;0.313690602779388;691101600;0.313690602779388
2000-10-11;0.302420206493043;0.315568911123176;0.287393248048472;0.294906288385391;1198422400;0.294906288385391
2000-10-12;0.305237674991287;0.31275159495102;0.293028106798461;0.300542026758194;1191064000;0.300542026758194
2000-10-13;0.304298572032117;0.332474270530823;0.30054206302402;0.331535130739212;1247752800;0.331535130739212
2000-10-16;0.335292399863977;0.349380244169894;0.321203702866478;0.323082834482193;820176000;0.323082834482193
2000-10-17;0.325900246444423;0.329656779428554;0.295846302267273;0.302420228719711;601720000;0.302420228719711
2000-10-18;0.292088916591509;0.316508073832045;0.281757604463307;0.302420228719711;834265600;0.302420228719711
2000-10-19;0.287862825527464;0.297724555328654;0.275183677187233;0.2845758497715;1506724800;0.2845758497715
2000-10-20;0.2864541592913;0.306176793380742;0.284575880065326;0.293028086423874;791263200;0.293028086423874
2000-10-23;0.304533352949067;0.308995088151218;0.292088992486167;0.306176841259003;551292000;0.306176841259003
2000-10-24;0.310873340958991;0.313690760223728;0.282697668640473;0.283636808395386;804451200;0.283636808395386
2000-10-25;0.28645418957103;0.288332443916377;0.277062014994139;0.278001129627228;663969600;0.278001129627228
2000-10-26;0.282697655801163;0.283636795513423;0.262974166935124;0.278001129627228;721851200;0.278001129627228
2000-10-27;0.283636756129799;0.288332403880751;0.268608917753364;0.278940230607986;744503200;0.278940230607986
2000-10-30;0.287393152736151;0.29960271387025;0.281757490311973;0.290210545063019;639189600;0.290210545063019
2000-10-31;0.296785463573817;0.30429850501454;0.289271544362231;0.293967217206955;885880800;0.293967217206955
2000-11-01;0.292088942727087;0.313690708432201;0.292088942727087;0.30805504322052;575366400;0.30805504322052
2000-11-02;0.317447197428884;0.3371706827386;0.316508082965126;0.335292428731918;590693600;0.335292428731918
2000-11-03;0.345622854748906;0.345622854748906;0.329656756780969;0.334352403879166;515821600;0.334352403879166
2000-11-06;0.337170662792777;0.33998808125488;0.313690670858691;0.322143703699112;393478400;0.322143703699112
2000-11-07;0.323082853835357;0.327778501268635;0.312751541679679;0.320264607667923;301963200;0.320264607667923
2000-11-08;0.32120382581276;0.322143818326208;0.29772465313662;0.301481187343597;422088800;0.301481187343597
2000-11-09;0.298663775161055;0.308055097579292;0.286454205833405;0.30335944890976;476834400;0.30335944890976
2000-11-10;0.290915113469327;0.29866380092797;0.286454230546951;0.286454230546951;422251200;0.286454230546951
2000-11-13;0.281757650703938;0.300542024090655;0.274244608581839;0.291149824857712;431816000;0.291149824857712
2000-11-14;0.299602813405155;0.308054993193766;0.293967174187845;0.304298460483551;409001600;0.304298460483551
2000-11-15;0.301011541914811;0.303359378242236;0.289271532665196;0.298663705587387;282357600;0.298663705587387
2000-11-16;0.293028046270637;0.297724546225401;0.283636726665149;0.285514980554581;239372000;0.285514980554581
2000-11-17;0.288332443916377;0.289271583628636;0.274244620936533;0.278001129627228;446180000;0.278001129627228
2000-11-20;0.279409792456211;0.293028055230289;0.274244562753385;0.2845758497715;408066400;0.2845758497715
2000-11-21;0.288332405369566;0.293028078223932;0.281757625729257;0.28269761800766;301952000;0.28269761800766
2000-11-22;0.282697655801163;0.287393329283289;0.27612287528188;0.278001129627228;280532000;0.278001129627228
2000-11-24;0.283401830220318;0.293027937389887;0.282697482138601;0.290210545063019;160932800;0.290210545063019
2000-11-27;0.298663634627199;0.29960277395087;0.278001014598492;0.280818432569504;258792800;0.280818432569504
2000-11-28;0.280818460529609;0.285514960148713;0.269548862760968;0.270957559347153;269124800;0.270957559347153
2000-11-29;0.271896688958416;0.27518363918125;0.25921754236932;0.263913214206696;492150400;0.263913214206696
2000-11-30;0.25076459515504;0.255460243499092;0.242311535317273;0.247947201132774;809597600;0.247947201132774
2000-12-01;0.255460205491943;0.262974124511316;0.252642811888846;0.25640019774437;385705600;0.25640019774437
2000-12-04;0.258278534532981;0.258278534532981;0.247008103818147;0.250764638185501;371520800;0.250764638185501
2000-12-05;0.254521088222638;0.262034982080546;0.246068882426758;0.255460202693939;613978400;0.255460202693939
2000-12-06;0.219771471633182;0.225406258812772;0.210379298615809;0.215074971318245;1374464000;0.215074971318245
2000-12-07;0.216954078043388;0.223528004779297;0.210379298615809;0.215074971318245;408917600;0.215074971318245
2000-12-08;0.222588857072837;0.230102775781612;0.216954070099567;0.226345390081406;435624000;0.226345390081406
2000-12-11;0.228223696351051;0.231041942865525;0.223528023260382;0.228223696351051;332511200;0.228223696351051
2000-12-12;0.229162761805943;0.240433212453006;0.225406229154108;0.231041893362999;386260000;0.231041893362999
2000-12-13;0.233859271476824;0.233859271476824;0.223527960929824;0.225406214594841;344887200;0.225406214594841
2000-12-14;0.225875798968918;0.229162749183753;0.216954037547112;0.216954037547112;263317600;0.216954037547112
2000-12-15;0.218832342446715;0.220710621648363;0.210379308585097;0.211318448185921;513945600;0.211318448185921
2000-12-18;0.218832356270498;0.219771495930647;0.209440194754331;0.214135855436325;325808000;0.214135855436325
2000-12-19;0.216014059184801;0.22916276372851;0.210379272699356;0.210379272699356;374007200;0.210379272699356
2000-12-20;0.207092379451755;0.219771518543447;0.204744542599391;0.216014131903648;565331200;0.216014131903648
2000-12-21;0.214135841909224;0.225406269494145;0.208501041923034;0.211318448185921;366844800;0.211318448185921
2000-12-22;0.212257511010734;0.225406214594841;0.212257511010734;0.225406214594841;318052000;0.225406214594841
2000-12-26;0.223528029081344;0.225406283319023;0.214135855042851;0.220710635185242;216815200;0.220710635185242
2000-12-27;0.215544559087459;0.222588896751404;0.213196722403684;0.222588896751404;325466400;0.222588896751404
2000-12-28;0.216014116392546;0.224467176130092;0.215075001782372;0.222588896751404;305177600;0.222588896751404
2000-12-29;0.220710604231191;0.225406251706421;0.21789321073022;0.223527997732162;630336000;0.223527997732162
2001-01-02;0.223527997732162;0.229162784734105;0.218832325177767;0.223527997732162;452312000;0.223527997732162
2001-01-03;0.217893214059323;0.250764552588106;0.216954074518262;0.246068879961967;817073600;0.246068879961967
2001-01-04;0.272601088733012;0.278001084779224;0.252642811888846;0.25640019774437;739396000;0.25640019774437
2001-01-05;0.254521085673184;0.261095864993934;0.24137237972334;0.246068879961967;412356000;0.246068879961967
2001-01-08;0.254521099689886;0.255225448114679;0.23949411383037;0.248886287212372;373699200;0.248886287212372
2001-01-09;0.252642819248497;0.265087177435801;0.248886285975216;0.258278459310532;588929600;0.258278459310532
2001-01-10;0.250764566397932;0.255460214203499;0.241372393015931;0.248886287212372;580781600;0.248886287212372
2001-01-11;0.244190532514516;0.27800097256694;0.244190532514516;0.270487934350967;803734400;0.270487934350967
2001-01-12;0.268608919542262;0.270488051410183;0.256400205213475;0.258278459310532;423376800;0.258278459310532
2001-01-16;0.262034976012723;0.27424456734024;0.255460196778365;0.257339328527451;306118400;0.257339328527451
2001-01-17;0.263913262459035;0.263913262459035;0.247947162727958;0.252642810344696;840873600;0.252642810344696
2001-01-18;0.267669729663298;0.281757546814014;0.264852311692286;0.280818432569504;1227010400;0.280818432569504
2001-01-19;0.292088946810887;0.293967226036861;0.280818519079993;0.293028086423874;776664000;0.293028086423874
2001-01-22;0.2864541104079;0.294906290244915;0.277061938426587;0.289271503686905;519327200;0.289271503686905
2001-01-23;0.290210688606541;0.31462982295289;0.286454155286282;0.30805504322052;879530400;0.30805504322052
2001-01-24;0.309934175111942;0.310873289632631;0.2939672219268;0.30805504322052;717091200;0.30805504322052
2001-01-25;0.308994947544752;0.308994947544752;0.296785383847501;0.299602776765823;489708800;0.299602776765823
2001-01-26;0.293028077622177;0.297724578079427;0.286454150687064;0.293967217206955;482820800;0.293967217206955
2001-01-29;0.293967151049765;0.326839336402539;0.293967151049765;0.325900197029114;855528800;0.325900197029114
2001-01-30;0.324021998402231;0.3305959254834;0.313690710365111;0.326839417219162;692423200;0.326839417219162
2001-01-31;0.323082871788826;0.338109832212819;0.322143732218317;0.324961125850677;730704800;0.324961125850677
2001-02-01;0.310873229935762;0.323082819843501;0.308054984064838;0.317447155714035;369695200;0.317447155714035
2001-02-02;0.317447057844766;0.329656643988277;0.308054889091185;0.309934020042419;427341600;0.309934020042419
2001-02-05;0.308055097579292;0.308995090036726;0.296785520709076;0.30335944890976;286115200;0.30335944890976
2001-02-06;0.302889754876255;0.321438479437598;0.300541943946214;0.317447155714035;462711200;0.317447155714035
2001-02-07;0.310403733753723;0.313690709828266;0.297724584184608;0.311812430620193;393887200;0.311812430620193
2001-02-08;0.308995036887252;0.316508103561207;0.303359396729658;0.311812430620193;604128000;0.311812430620193
2001-02-09;0.308055210276066;0.312751738434774;0.280818667439185;0.287393450737;590083200;0.287393450737
2001-02-12;0.286454140277476;0.300541985912229;0.282697607154041;0.295846313238144;274120000;0.295846313238144
2001-02-13;0.299603024531315;0.307116095246103;0.285515170518712;0.287393450737;237070400;0.287393450737
2001-02-14;0.288332413438106;0.29490634057068;0.278001100241032;0.293028086423874;309120000;0.293028086423874
2001-02-15;0.295846398572718;0.308995108449463;0.295846398572718;0.301481187343597;311416000;0.301481187343597
2001-02-16;0.285514980554581;0.293028046270637;0.28175759500495;0.285514980554581;263911200;0.285514980554581
2001-02-20;0.288332476932693;0.292089011132712;0.273305512519885;0.275183767080307;314893600;0.275183767080307
2001-02-21;0.27424463339193;0.299602911524883;0.27424463339193;0.283636808395386;390258400;0.283636808395386
2001-02-22;0.28645415127532;0.291149799050519;0.270488051005445;0.28269761800766;431961600;0.28269761800766
2001-02-23;0.279879371635011;0.283636757594367;0.274244584273105;0.28269761800766;293865600;0.28269761800766
2001-02-26;0.2864541592913;0.295846332875387;0.278940239854019;0.293028086423874;206438400;0.293028086423874
2001-02-27;0.28974112789237;0.292088964527663;0.280818536113157;0.291149824857712;348516000;0.291149824857712
2001-02-28;0.29114979100271;0.292088930563457;0.272366297571086;0.274244576692581;508233600;0.274244576692581
2001-03-01;0.267669830311582;0.281757652759552;0.258278483701895;0.281757652759552;330461600;0.281757652759552
2001-03-02;0.275183659521141;0.307115880584397;0.274244545147582;0.289271503686905;406201600;0.289271503686905
2001-03-05;0.291149852726322;0.30805509569952;0.289271598285805;0.306176841259003;324172800;0.306176841259003
2001-03-06;0.31134282629186;0.331535014403295;0.310873244021244;0.323082834482193;731802400;0.323082834482193
2001-03-07;0.320264765878711;0.324961268323695;0.311812556196754;0.319325625896454;419540800;0.319325625896454
2001-03-08;0.310873371118197;0.317447299882005;0.307116009200525;0.312751650810242;204859200;0.312751650810242
2001-03-09;0.309934124780025;0.310873239148206;0.3005419528525;0.304298460483551;299135200;0.304298460483551
2001-03-12;0.295846345270754;0.298663739148591;0.272366324133046;0.27987939119339;391020000;0.27987939119339
2001-03-13;0.283636757011897;0.293967217206955;0.273305444125145;0.293967217206955;443329600;0.293967217206955
2001-03-14;0.27800116256461;0.30805511658876;0.277062047820256;0.307116001844406;477775200;0.307116001844406
2001-03-15;0.313690691996332;0.321203733164036;0.295846313238144;0.295846313238144;529317600;0.295846313238144
2001-03-16;0.28551496915487;0.305237599754283;0.283636715340431;0.294906288385391;470316000;0.294906288385391
2001-03-19;0.296785442364043;0.309934147986291;0.293028056680925;0.308995008468628;356008800;0.308995008468628
2001-03-20;0.311342855659289;0.314629806467816;0.295846313238144;0.295846313238144;499206400;0.295846313238144
2001-03-21;0.297254999001426;0.313690680363738;0.291149777075685;0.302420228719711;371375200;0.302420228719711
2001-03-22;0.306176779532133;0.326839404991696;0.303359385899773;0.324961125850677;723301600;0.324961125850677
2001-03-23;0.331535051275417;0.354075930700933;0.330595911708903;0.345622897148132;944888000;0.345622897148132
2001-03-26;0.347576819708972;0.356893251852205;0.317522052399953;0.327290385961533;734451200;0.327290385961533
2001-03-27;0.329694591279719;0.346374290005171;0.329092892042901;0.343669652938843;543821600;0.343669652938843
2001-03-28;0.331798485088679;0.338109858616372;0.323082897018899;0.333150804042816;584662400;0.333150804042816
2001-03-29;0.327139852486101;0.352385373503745;0.323082920409148;0.338560104370117;613065600;0.338560104370117
2001-03-30;0.338861253101874;0.341415264934863;0.32067775622018;0.331647783517838;400349600;0.331647783517838
2001-04-02;0.331948393539511;0.340514212312141;0.321580058912308;0.324435323476791;340911200;0.324435323476791
2001-04-03;0.320978999138439;0.321579845718019;0.302495079419668;0.30414867401123;368687200;0.30414867401123
2001-04-04;0.296935245281089;0.304298514154767;0.281757633613812;0.293028086423874;685484800;0.293028086423874
2001-04-05;0.309557955806063;0.338109780666747;0.300541946448693;0.313615739345551;446762400;0.313615739345551
2001-04-06;0.312563844101228;0.316169751277909;0.299038977369247;0.309408158063889;324889600;0.309408158063889
2001-04-09;0.310910401165813;0.320677886552617;0.301443314119206;0.308656811714172;266582400;0.308656811714172
2001-04-10;0.314065919192202;0.341114796399548;0.312262552035353;0.331196665763855;457374400;0.331196665763855
2001-04-11;0.345322355541843;0.345622778780404;0.319776423838204;0.327590763568878;334096000;0.327590763568878
2001-04-12;0.321880284014641;0.345923277134028;0.317823327994774;0.336907267570496;298933600;0.336907267570496
2001-04-16;0.331948292259639;0.33660694902858;0.313465218618204;0.322180807590485;285224800;0.322180807590485
2001-04-17;0.318573987548938;0.318724613014179;0.294530993289877;0.306552916765213;685199200;0.306552916765213
2001-04-18;0.324134688860093;0.361852317543646;0.316771397022073;0.342467129230499;1100842400;0.342467129230499
2001-04-19;0.383942240463134;0.386947276460208;0.354639766343641;0.38649708032608;1873670400;0.38649708032608
2001-04-20;0.374625807107137;0.385144788099477;0.369666752517701;0.376278549432755;693403200;0.376278549432755
2001-04-23;0.365759470440895;0.375677601361467;0.360649767001848;0.364407151937485;541525600;0.364407151937485
2001-04-24;0.365609007722925;0.371920381956037;0.353286657577295;0.361101001501083;377137600;0.361101001501083
2001-04-25;0.363805544969708;0.373573854787959;0.354188688230907;0.371470063924789;330780800;0.371470063924789
2001-04-26;0.378231708910942;0.392206799814765;0.370868439892705;0.371019065380096;799696800;0.371019065380096
2001-04-27;0.378682733659585;0.395062038031242;0.371920311796165;0.393709719181061;453012000;0.393709719181061
2001-04-30;0.401223642706089;0.407535041291785;0.373723706943089;0.383040994405746;494776800;0.383040994405746
2001-05-01;0.381838383133023;0.398217659760524;0.378682672046045;0.389652699232101;427252000;0.389652699232101
2001-05-02;0.395813514606067;0.401223617679594;0.387097927109155;0.399570047855377;368524800;0.399570047855377
2001-05-03;0.390253668841014;0.394461251511132;0.371619945135228;0.375076055526733;301543200;0.375076055526733
2001-05-04;0.364256593702852;0.388450213704792;0.360049011977152;0.386947244405746;281052800;0.386947244405746
2001-05-07;0.384994190503366;0.387097981838425;0.373272687580591;0.375076055526733;276550400;0.375076055526733
2001-05-08;0.380937168165294;0.382439259773737;0.359899233334592;0.369215667247772;315436800;0.369215667247772
2001-05-09;0.362753660794414;0.368915235720581;0.355691643488171;0.36034944653511;324889600;0.36034944653511
2001-05-10;0.36380556909135;0.368163776573648;0.344871424988253;0.345622897148132;288976800;0.345622897148132
2001-05-11;0.345773549466885;0.352986193059116;0.342017015988385;0.343369334936142;203044800;0.343369334936142
2001-05-14;0.34397003262915;0.355841302263144;0.341866242374715;0.349980980157852;309220800;0.349980980157852
2001-05-15;0.35118275739216;0.383190692628855;0.346224531412748;0.348328322172165;237025600;0.348328322172165
2001-05-16;0.34953010171685;0.36816382492572;0.343369353376743;0.362152874469757;322330400;0.362152874469757
2001-05-17;0.364106896462572;0.365609013485078;0.349380356353214;0.353888362646103;332119200;0.353888362646103
2001-05-18;0.35103300092345;0.355240608017424;0.347426265592897;0.353587865829468;159051200;0.353587865829468
2001-05-21;0.355089985099355;0.359297592520828;0.346374397049235;0.354038089513779;460997600;0.354038089513779
2001-05-22;0.360649940102302;0.362603958767158;0.351633927343969;0.353136897087097;412916000;0.353136897087097
2001-05-23;0.356893299860626;0.356893299860626;0.343519082601432;0.349078983068466;281041600;0.349078983068466
2001-05-24;0.349981197796214;0.35013099570056;0.33991328892125;0.348628878593445;271756800;0.348628878593445
2001-05-25;0.348628700273833;0.349981018784907;0.338109747840692;0.342016905546188;158743200;0.342016905546188
2001-05-29;0.335404406457708;0.338109872086345;0.31271372639526;0.3226318359375;515989600;0.3226318359375
2001-05-30;0.311962261764773;0.311962261764773;0.29002305341805;0.297235697507858;777078400;0.297235697507858
2001-05-31;0.297536085055911;0.304148734270053;0.292878281722791;0.299790501594543;442892800;0.299790501594543
2001-06-01;0.302495214886698;0.316921357622865;0.30024165047703;0.31391629576683;456075200;0.31391629576683
2001-06-04;0.316771402652334;0.317221623759226;0.307454143054197;0.310460031032562;281920800;0.310460031032562
2001-06-05;0.312563910582165;0.317071916221141;0.30580148831742;0.314667701721191;471794400;0.314667701721191
2001-06-06;0.314517084511403;0.314517084511403;0.305501072996183;0.311512023210526;223176800;0.311512023210526
2001-06-07;0.311210736674251;0.326087898826023;0.307304405713172;0.325487077236176;325180800;0.325487077236176
2001-06-08;0.325336433815135;0.325336433815135;0.31121074349623;0.320377379655838;342624800;0.320377379655838
2001-06-11;0.316320422650225;0.316620845990859;0.299790492936099;0.301142811775208;2.94e+08;0.301142811775208
2001-06-12;0.297085957280799;0.310910426451689;0.296935331752501;0.305200725793839;303794400;0.305200725793839
2001-06-13;0.321880462892084;0.326539120800055;0.301443365673233;0.307604968547821;511487200;0.307604968547821
2001-06-14;0.301142873256621;0.307304474720527;0.297085915911024;0.298738658428192;297348800;0.298738658428192
2001-06-15;0.302044939095474;0.31181242207135;0.290774486701827;0.307153791189194;454624800;0.307153791189194
2001-06-18;0.306702587559247;0.313314380654316;0.3005418430606;0.305500894784927;345912000;0.305500894784927
2001-06-19;0.313314487676322;0.321579852577521;0.300691718482502;0.303397208452225;321087200;0.303397208452225
2001-06-20;0.300542079195398;0.328342444286739;0.300241655765777;0.325636953115463;431620000;0.325636953115463
2001-06-21;0.32383351350101;0.345622922355837;0.317071918793963;0.337959229946136;341331200;0.337959229946136
2001-06-22;0.337809456486887;0.345622947336725;0.326989223869238;0.334503144025803;286025600;0.334503144025803
2001-06-25;0.338109786643994;0.360649810435889;0.337358314582197;0.360500037670135;439549600;0.360500037670135
2001-06-26;0.350732641745147;0.357193813814186;0.345773586661544;0.356893390417099;272781600;0.356893390417099
2001-06-27;0.358095888693537;0.360649875953572;0.338109848066928;0.35073259472847;374130400;0.35073259472847
2001-06-28;0.346374383490979;0.359297578456714;0.344721641239075;0.353737652301788;348409600;0.353737652301788
2001-06-29;0.35554097144995;0.377179724562053;0.348628727829049;0.349380224943161;515390400;0.349380224943161
2001-07-02;0.355240657677565;0.364106871766061;0.347726737544772;0.359147816896439;230048000;0.359147816896439
2001-07-03;0.353286557468192;0.363355315456102;0.353136784696257;0.358245611190796;112543200;0.358245611190796
2001-07-05;0.354639768612168;0.35719375579976;0.345773530501959;0.34847816824913;152292000;0.34847816824913
2001-07-06;0.342016910390159;0.345021970722628;0.326388254267665;0.331046909093857;302920800;0.331046909093857
2001-07-09;0.331948217758089;0.345622883827505;0.325787470464534;0.34111487865448;337467200;0.34111487865448
2001-07-10;0.34487137867399;0.346674746093017;0.313164694948497;0.317672699689865;395270400;0.317672699689865
2001-07-11;0.316020072617756;0.3388613806213;0.315569023695919;0.338710755109787;470506400;0.338710755109787
2001-07-12;0.35013093402872;0.372822440974879;0.35013093402872;0.366060018539429;614801600;0.366060018539429
2001-07-13;0.362603957152052;0.375827552820402;0.3582457236119;0.373423337936401;454742400;0.373423337936401
2001-07-16;0.373874306243386;0.377179790641414;0.35929756695884;0.360049039125443;278667200;0.360049039125443
2001-07-17;0.360349444336825;0.378983139248355;0.34577350831909;0.377179771661758;647830400;0.377179771661758
2001-07-18;0.327290463311719;0.342317424171873;0.306853374208723;0.312413275241852;1137012800;0.312413275241852
2001-07-19;0.319025038034909;0.321880300990172;0.296785436256987;0.299941122531891;861140000;0.299941122531891
2001-07-20;0.296033952770156;0.301443227998881;0.292878266349237;0.300241559743881;444584000;0.300241559743881
2001-07-23;0.301894304587204;0.308055052522969;0.293178716662495;0.293629765510559;241360000;0.293629765510559
2001-07-24;0.291375356094413;0.299339472006984;0.28145724686691;0.28686735033989;348376000;0.28686735033989
2001-07-25;0.287318346510577;0.290022983944797;0.270036946197651;0.277550011873245;443878400;0.277550011873245
2001-07-26;0.277700633620817;0.28250906136361;0.268233550891086;0.279353350400925;369140800;0.279353350400925
2001-07-27;0.281757619686884;0.289271538752762;0.278001086499785;0.284913331270218;334135200;0.284913331270218
2001-07-30;0.28731837072373;0.290924278402425;0.278151734632561;0.284463107585907;243359200;0.284463107585907
2001-07-31;0.289572005769145;0.291826422588936;0.278151779008392;0.28235936164856;235026400;0.28235936164856
2001-08-01;0.285664849711205;0.297235702101096;0.284763579540788;0.286416321992874;304136000;0.286416321992874
2001-08-02;0.29528245240114;0.298587936366583;0.289422128926104;0.297837316989899;252089600;0.297837316989899
2001-08-03;0.29888926359514;0.299039036387854;0.285515019678313;0.293028086423874;186054400;0.293028086423874
2001-08-06;0.286115876006402;0.295432310815508;0.285515029273577;0.287468194961548;99652000;0.287468194961548
2001-08-07;0.290474024519511;0.295582875930165;0.285214547650128;0.289271503686905;168548800;0.289271503686905
2001-08-08;0.28942215219555;0.29603394827043;0.278601921598423;0.284012049436569;276169600;0.284012049436569
2001-08-09;0.284913270146196;0.28776853269634;0.28130736320968;0.286266416311264;200664800;0.286266416311264
2001-08-10;0.286115930597271;0.290323513755012;0.279353481839518;0.285815507173538;186961600;0.285815507173538
2001-08-13;0.287017148217908;0.290474085988542;0.281908295726138;0.28686735033989;147996800;0.28686735033989
2001-08-14;0.288520030018162;0.290924244057633;0.28055591583509;0.281457185745239;228950400;0.281457185745239
2001-08-15;0.281908306909805;0.284612944947298;0.273493116724995;0.277099877595901;289279200;0.277099877595901
2001-08-16;0.274545004130491;0.281757647885062;0.27003699833231;0.280255556106567;288092000;0.280255556106567
2001-08-17;0.270488001395588;0.277249569435572;0.270337350863832;0.271539896726608;208426400;0.271539896726608
2001-08-20;0.272591803817934;0.273944122500106;0.267632725162532;0.272290527820587;252302400;0.272290527820587
2001-08-21;0.272591776784511;0.272591776784511;0.265979129184543;0.269285440444946;185701600;0.269285440444946
2001-08-22;0.269585893484921;0.274244548886891;0.26462683985297;0.2736437022686;173975200;0.2736437022686
2001-08-23;0.273493107207428;0.275596898410626;0.264176672284375;0.267632782459259;217078400;0.267632782459259
2001-08-24;0.270488069745555;0.279804504626326;0.26522856668226;0.279053032398224;290332000;0.279053032398224
2001-08-27;0.279504175118375;0.290023134619015;0.272892375948381;0.284312605857849;175644000;0.284312605857849
2001-08-28;0.284012119105859;0.287618855163259;0.276498198509216;0.276498198509216;171735200;0.276498198509216
2001-08-29;0.277099789802487;0.282960112897871;0.267933130264282;0.267933130264282;239971200;0.267933130264282
2001-08-30;0.26658081167399;0.273192606788949;0.259667765661316;0.267933130264282;368692800;0.267933130264282
2001-08-31;0.26643016147113;0.279503977729022;0.265228468441344;0.278752505779266;216904800;0.278752505779266
2001-09-04;0.278001084777238;0.286716697154979;0.273192656118543;0.274244576692581;348213600;0.274244576692581
2001-09-05;0.27409385117899;0.284763453765031;0.272290484022032;0.278752505779266;360057600;0.278752505779266
2001-09-06;0.276498146703341;0.284463114717977;0.265228546957675;0.266280442476273;282368800;0.266280442476273
2001-09-07;0.262974095572452;0.271990105218533;0.258466090749412;0.259667783975601;241830400;0.259667783975601
2001-09-10;0.255460234097588;0.262974153958347;0.254258565683766;0.261020988225937;308845600;0.261020988225937
2001-09-17;0.240433398093019;0.256512289158027;0.236376439010123;0.255310595035553;458007200;0.255310595035553
2001-09-18;0.253958175722264;0.266280501322189;0.242988144206996;0.2446408867836;327101600;0.2446408867836
2001-09-19;0.247947272876738;0.256963287465174;0.234422398302036;0.255761593580246;373318400;0.255761593580246
2001-09-20;0.244791378837315;0.25470950919421;0.232920108635059;0.235624745488167;411174400;0.235624745488167
2001-09-21;0.222401249007571;0.244190658594797;0.220597856075049;0.236376315355301;570516800;0.236376315355301
2001-09-24;0.242086765412825;0.253055939317446;0.23968172396369;0.247195616364479;294537600;0.247195616364479
2001-09-25;0.242537148472594;0.243739670000119;0.230665869194677;0.23352113366127;374404800;0.23352113366127
2001-09-26;0.237577981303519;0.238780502270529;0.224354363649759;0.227660700678825;493796800;0.227660700678825
2001-09-27;0.229162787577872;0.236676706418124;0.228412168132167;0.233069971203804;322240800;0.233069971203804
2001-09-28;0.236075859753233;0.239080920690175;0.231266603596644;0.233069971203804;365108800;0.233069971203804
2001-10-01;0.232769661158178;0.240283558576207;0.228862500709834;0.23352113366127;208208000;0.23352113366127
2001-10-02;0.231868326720058;0.237879277472713;0.223602934001238;0.226157799363136;235883200;0.226157799363136
2001-10-03;0.224654778013319;0.230816377931935;0.222851410441101;0.225105851888657;683043200;0.225105851888657
2001-10-04;0.230665733616457;0.244190600576009;0.225256458954223;0.238629847764969;401122400;0.238629847764969
2001-10-05;0.231417263331204;0.242687691835213;0.225256515072733;0.242537066340446;342686400;0.242537066340446
2001-10-08;0.23397204967931;0.245692696748602;0.232920154295532;0.243439108133316;207984000;0.243439108133316
2001-10-09;0.241184777845607;0.243439194876615;0.234873403294041;0.240433305501938;174025600;0.240433305501938
2001-10-10;0.241936236470709;0.253206690840424;0.239681819567533;0.252755641937256;307759200;0.252755641937256
2001-10-11;0.254258641444814;0.26658096909523;0.253206745518716;0.26658096909523;334163200;0.26658096909523
2001-10-12;0.260118884161957;0.27168973561964;0.253356436705224;0.270637840032578;287812000;0.270637840032578
2001-10-15;0.269736526383407;0.276197696739244;0.269736526383407;0.270337373018265;318752000;0.270337373018265
2001-10-16;0.271840361108896;0.273493103427829;0.267031104416199;0.270637840032578;202949600;0.270637840032578
2001-10-17;0.2755970456761;0.276648966918963;0.254859545933109;0.255310595035553;285538400;0.255310595035553
2001-10-18;0.259818333153635;0.273944042780187;0.259818333153635;0.270487934350967;612572800;0.270487934350967
2001-10-19;0.269585914351781;0.276498133834416;0.268684644354584;0.274996042251587;166790400;0.274996042251587
2001-10-22;0.273643806642285;0.28656697953924;0.271840413407974;0.285815507173538;391938400;0.285815507173538
2001-10-23;0.287318303121459;0.29182630736853;0.268533961465141;0.272591769695282;684980800;0.272591769695282
2001-10-24;0.271389301007097;0.286867335884839;0.266730669996714;0.284763544797897;374427200;0.284763544797897
2001-10-25;0.277099911061686;0.289271611313018;0.272892328000709;0.288370341062546;254951200;0.288370341062546
2001-10-26;0.283411287013493;0.289271612701491;0.279804550768853;0.28055602312088;278964000;0.28055602312088
2001-10-29;0.279052982183662;0.280555926369416;0.264477046862483;0.264927268028259;239181600;0.264927268028259
2001-10-30;0.261170762119016;0.270488048976114;0.256362333363485;0.264477074146271;276763200;0.264477074146271
2001-10-31;0.266430204779264;0.276498109795509;0.262072825419583;0.263875365257263;273750400;0.263875365257263
2001-11-01;0.265228490454927;0.282208638081229;0.259217541970262;0.279353350400925;312995200;0.279353350400925
2001-11-02;0.278301535090953;0.283411240276179;0.272892284307928;0.279053032398224;197204000;0.279053032398224
2001-11-05;0.283110803136807;0.289271550927441;0.279653840454002;0.286566913127899;235793600;0.286566913127899
2001-11-06;0.28491317910556;0.294831282139516;0.27845201168349;0.294079810380936;316019200;0.294079810380936
2001-11-07;0.292427171830945;0.302495076186987;0.290474006661996;0.294380336999893;382989600;0.294380336999893
2001-11-08;0.294982106895145;0.298889291192287;0.279053046639203;0.281156837940216;342143200;0.281156837940216
2001-11-09;0.279504095521599;0.289271579760215;0.278752623255148;0.281156837940216;134293600;0.281156837940216
2001-11-12;0.280405358837131;0.288069051587883;0.26988637750936;0.281757652759552;201499200;0.281757652759552
2001-11-13;0.286716635693287;0.29137526548979;0.281156736071168;0.291074842214584;224672000;0.291074842214584
2001-11-14;0.294380387528585;0.299039018301099;0.287768591251874;0.294681638479233;221149600;0.294681638479233
2001-11-15;0.292276620864868;0.2990390431795;0.288971136257765;0.292276620864868;213029600;0.292276620864868
2001-11-16;0.289571927209181;0.289872350514455;0.27649810886991;0.285063922405243;230664000;0.285063922405243
2001-11-19;0.285515039530508;0.301293499007511;0.284913365163488;0.300542026758194;332589600;0.300542026758194
2001-11-20;0.297837347243686;0.303547020760921;0.293028065961636;0.293479114770889;276584000;0.293479114770889
2001-11-21;0.294681586341932;0.29753602135554;0.289422109823674;0.295733481645584;201583200;0.295733481645584
2001-11-23;0.296183879474413;0.299790616270865;0.294080087611958;0.298137873411179;60004000;0.298137873411179
2001-11-26;0.299639917373958;0.323833542948249;0.29873864720192;0.321128904819489;460689600;0.321128904819489
2001-11-27;0.318574044888535;0.323383301680082;0.308055063722539;0.31556898355484;268553600;0.31556898355484
2001-11-28;0.313314529983088;0.318724632882345;0.306702733736772;0.308506101369858;250611200;0.308506101369858
2001-11-29;0.309557991574448;0.311060935845133;0.303397244244616;0.306853353977203;202764800;0.306853353977203
2001-11-30;0.307604851101254;0.322180763351039;0.304298513880483;0.32007697224617;303912000;0.32007697224617
2001-12-03;0.31647018735757;0.319776498983161;0.309557968409649;0.316320389509201;181165600;0.316320389509201
2001-12-04;0.316320398799612;0.339011074317133;0.311361345021786;0.336606860160828;380419200;0.336606860160828
2001-12-05;0.336006018006785;0.361100908015348;0.333150755029197;0.357043951749802;568579200;0.357043951749802
2001-12-06;0.352836382135188;0.353136805467496;0.332699717666548;0.342317402362823;338934400;0.342317402362823
2001-12-07;0.337508233855788;0.341265595516596;0.33059598750105;0.338710755109787;203515200;0.338710755109787
2001-12-10;0.33495422106168;0.345473178486541;0.334052123218005;0.338710755109787;170010400;0.338710755109787
2001-12-11;0.340663773809316;0.343369238558026;0.32533636814095;0.327290385961533;205475200;0.327290385961533
2001-12-12;0.328642855825439;0.32939432817868;0.319325566701346;0.322932302951813;192460800;0.322932302951813
2001-12-13;0.322932252815619;0.323833522931949;0.308055063722539;0.31556898355484;197842400;0.31556898355484
2001-12-14;0.311511975147348;0.313014091759732;0.30189426568663;0.306402295827866;189884800;0.306402295827866
2001-12-17;0.306552986294592;0.315568998330421;0.303397299320788;0.309858471155167;173712000;0.309858471155167
2001-12-18;0.313916207040856;0.320528003345552;0.303847448222433;0.315719574689865;235239200;0.315719574689865
2001-12-19;0.309257590492468;0.325787495821796;0.307604848243298;0.32488539814949;289956800;0.32488539814949
2001-12-20;0.321579911087152;0.322631806621426;0.309858434728434;0.31060990691185;220864000;0.31060990691185
2001-12-21;0.315719609047193;0.323683725052192;0.312563922221145;0.31556898355484;256334400;0.31556898355484
2001-12-24;0.314066011344155;0.322331377603882;0.314066011344155;0.320979058742523;50629600;0.320979058742523
2001-12-26;0.320828511407828;0.335104028360408;0.31767282409185;0.322932302951813;146400800;0.322932302951813
2001-12-27;0.324284491012198;0.334352395726493;0.324284491012198;0.331647783517838;191508800;0.331647783517838
2001-12-28;0.330144904657671;0.345622940873483;0.329995131853421;0.33705797791481;299124000;0.33705797791481
2001-12-31;0.338259579751365;0.340513995905181;0.328041024477205;0.329092919826508;137782400;0.329092919826508
2002-01-02;0.331347534203605;0.350131034851074;0.329995214849623;0.350131034851074;529496800;0.350131034851074
2002-01-03;0.345622880196509;0.356893306816907;0.342166770520581;0.354338467121124;612007200;0.354338467121124
2002-01-04;0.350732634928137;0.359899297697296;0.345473156549673;0.355992138385773;409976000;0.355992138385773
2002-01-07;0.356442296275198;0.36064987852572;0.341866383884128;0.344120800495148;444584000;0.344120800495148
2002-01-08;0.341866419422419;0.346374425500523;0.337508211233086;0.339762628078461;450038400;0.339762628078461
2002-01-09;0.342617890776813;0.344571056614068;0.319776584366117;0.32533648610115;327835200;0.32533648610115
2002-01-10;0.318875360971802;0.322481269785866;0.304298592274978;0.319025158882141;452737600;0.319025158882141
2002-01-11;0.321429240989746;0.328191662089298;0.309557968409649;0.316320389509201;348801600;0.316320389509201
2002-01-14;0.315719559542046;0.321579883410775;0.314065989835829;0.317823350429535;415996000;0.317823350429535
2002-01-15;0.320377453822227;0.326989251694397;0.31872471125736;0.326087981462479;290320800;0.326087981462479
2002-01-16;0.321729775681028;0.321729775681028;0.308055105820252;0.312262713909149;566893600;0.312262713909149
2002-01-17;0.32999512531237;0.34171577494194;0.328642806325311;0.337809443473816;660576000;0.337809443473816
2002-01-18;0.330595938932177;0.339611975447314;0.329995117278969;0.333150804042816;338811200;0.333150804042816
2002-01-22;0.33465386391521;0.336155981264263;0.327891439199448;0.327891439199448;327314400;0.327891439199448
2002-01-23;0.327590917119452;0.346224615154439;0.324435205137887;0.345923364162445;443279200;0.345923364162445
2002-01-24;0.344270570415345;0.353286580902251;0.344120772554309;0.348778575658798;344002400;0.348778575658798
2002-01-25;0.343970097779786;0.351934211647979;0.340513988508917;0.349380224943161;185914400;0.349380224943161
2002-01-28;0.351633857542742;0.35388829917033;0.341415325559137;0.349680691957474;186446400;0.349680691957474
2002-01-29;0.348929246442168;0.353737675644579;0.343369344999518;0.346674829721451;240324000;0.346674829721451
2002-01-30;0.346674820567526;0.362753702802933;0.344721654884557;0.362003058195114;471576000;0.362003058195114
2002-01-31;0.36305490047211;0.371619861779327;0.362303428362056;0.371470063924789;468445600;0.371470063924789
2002-02-01;0.36575961823835;0.375076053699962;0.36575961823835;0.366811513900757;398305600;0.366811513900757
2002-02-04;0.365459125376039;0.383491146096415;0.363655757781505;0.380937159061432;522373600;0.380937159061432
2002-02-05;0.377029951090643;0.390404192986614;0.376879325628969;0.382439225912094;456887200;0.382439225912094
2002-02-06;0.384693749475619;0.390404276441126;0.362904339766325;0.370718657970428;597576000;0.370718657970428
2002-02-07;0.370418214517188;0.380035072450872;0.361852424533227;0.36515873670578;347832800;0.36515873670578
2002-02-08;0.366660903428443;0.370267639450985;0.351182866166258;0.361101001501083;355331200;0.361101001501083
2002-02-11;0.359597974966334;0.375677709178064;0.356743564392604;0.375376433134079;398602400;0.375376433134079
2002-02-12;0.370568119578265;0.376278647886026;0.367412431978628;0.371319591999054;224280000;0.371319591999054
2002-02-13;0.37161990902218;0.379283601339066;0.370418215583291;0.375827491283417;312872000;0.375827491283417
2002-02-14;0.37642819830363;0.379133687841367;0.366360295232783;0.36966660618782;260170400;0.36966660618782
2002-02-15;0.368614877753183;0.375376472927552;0.358396344629814;0.359147816896439;260187200;0.359147816896439
2002-02-19;0.357043965398244;0.358696707538594;0.337809398464358;0.339913189411163;390258400;0.339913189411163
2002-02-20;0.342166783492104;0.348628781905096;0.335855410554415;0.347576886415482;285443200;0.347576886415482
2002-02-21;0.34442116547706;0.345622858709211;0.322331337326725;0.323082834482193;446751200;0.323082834482193
2002-02-22;0.325487041885577;0.34487137956214;0.323082827858149;0.341715693473816;406476000;0.341715693473816
2002-02-25;0.343369279751117;0.371470057689891;0.336006011853611;0.357795417308807;426848800;0.357795417308807
2002-02-26;0.359297549132397;0.366210596154639;0.349380268817837;0.355691641569138;260131200;0.355691641569138
2002-02-27;0.359748586205403;0.364407216687828;0.314667658269816;0.329995065927505;1030159200;0.329995065927505
2002-02-28;0.332850429925492;0.339462227797661;0.320828502744537;0.326087981462479;456937600;0.326087981462479
2002-03-01;0.329543982112693;0.353136779677776;0.327891265178623;0.35238528251648;348992000;0.35238528251648
2002-03-04;0.349529994805329;0.369366233083086;0.342016929742877;0.365008026361465;348258400;0.365008026361465
2002-03-05;0.362904299885464;0.367111881900271;0.351633847607704;0.353587865829468;274702400;0.353587865829468
2002-03-06;0.352836401094936;0.365759570753511;0.344571009676979;0.361701786518097;226206400;0.361701786518097
2002-03-07;0.361552026448447;0.368614872519284;0.354789578678298;0.366360455751419;258249600;0.366360455751419
2002-03-08;0.371770528262005;0.377030006000183;0.365158731621517;0.370568007230759;269774400;0.370568007230759
2002-03-11;0.369666766108415;0.377781532849309;0.362152871203082;0.376578986644745;262785600;0.376578986644745
2002-03-12;0.368314377630035;0.37177048724632;0.362152802895062;0.371470063924789;254055200;0.371470063924789
2002-03-13;0.366210662840445;0.373423306892842;0.362904350391871;0.368013203144073;200765600;0.368013203144073
2002-03-14;0.365158755570665;0.369666761411543;0.358696756377427;0.367111921310425;217296800;0.367111921310425
2002-03-15;0.367562882289399;0.375075947690193;0.364407196194089;0.374926149845123;240900800;0.374926149845123
2002-03-18;0.37492618754944;0.376428304213217;0.365459128311458;0.37177050113678;304556000;0.37177050113678
2002-03-19;0.371019123052401;0.380185786360553;0.365158797546857;0.373423337936401;242345600;0.373423337936401
2002-03-20;0.370567963127255;0.377781458310287;0.368163748963448;0.374475121498108;294319200;0.374475121498108
2002-03-21;0.358546107432758;0.365158757228681;0.349530095710065;0.364707708358765;616352800;0.364707708358765
2002-03-22;0.363956223878083;0.369065076319171;0.358696745947885;0.362003058195114;202193600;0.362003058195114
2002-03-25;0.361701754115275;0.362003005049268;0.349229609323782;0.350882351398468;262830400;0.350882351398468
2002-03-26;0.34862880885919;0.35524063072534;0.345622920020747;0.352535992860794;257840800;0.352535992860794
2002-03-27;0.350882411482628;0.35644231291428;0.349530092497912;0.352685779333115;127702400;0.352685779333115
2002-03-28;0.356141837677581;0.358847327944788;0.352535955193487;0.355691641569138;108455200;0.355691641569138
2002-04-01;0.351333413880696;0.371168827466573;0.349830469601971;0.367562919855118;199046400;0.367562919855118
2002-04-02;0.360649865913086;0.365158724056609;0.358696725421056;0.361701786518097;203795200;0.361701786518097
2002-04-03;0.36140142167791;0.368013219251825;0.354639826211783;0.356893390417099;214530400;0.356893390417099
2002-04-04;0.355691587822837;0.376428242918747;0.355691587822837;0.374174654483795;338497600;0.374174654483795
2002-04-05;0.37492618754944;0.378532095154991;0.362152816426177;0.37177050113678;278348000;0.37177050113678
2002-04-08;0.363054953578092;0.370868443918175;0.357344426796334;0.369065076112747;261514400;0.369065076112747
2002-04-09;0.369516143946104;0.375677744978;0.360800555449374;0.362152874469757;191531200;0.362152874469757
2002-04-10;0.363805585106659;0.374926214904912;0.360800523947363;0.370568007230759;224980000;0.370568007230759
2002-04-11;0.376127911612446;0.378682751568342;0.371920329385113;0.373573899269104;407254400;0.373573899269104
2002-04-12;0.37582751439295;0.378231729031125;0.369215717234816;0.376578986644745;320241600;0.376578986644745
2002-04-15;0.376578919904464;0.377931238672981;0.372671761455158;0.375677675008774;299370400;0.375677675008774
2002-04-16;0.377931308285935;0.390554081012925;0.377480259409194;0.386797547340393;614577600;0.386797547340393
2002-04-17;0.38965280083716;0.393258708920373;0.381387408756141;0.392357438802719;396250400;0.392357438802719
2002-04-18;0.383190704742767;0.383491128058979;0.373874271490434;0.381838411092758;401710400;0.381838411092758
2002-04-19;0.383040977952734;0.383040977952734;0.374625788559658;0.375376433134079;375407200;0.375376433134079
2002-04-22;0.373272595623497;0.374625741959232;0.36410678787532;0.368614792823792;269427200;0.368614792823792
2002-04-23;0.368764530713772;0.372371265131068;0.362002938196722;0.364407151937485;233469600;0.364407151937485
2002-04-24;0.365158766829244;0.368163828278281;0.355841478794069;0.357193797826767;140448000;0.357193797826767
2002-04-25;0.354038062944846;0.365759564074751;0.353888290158788;0.362453252077103;194202400;0.362453252077103
2002-04-26;0.364857459802495;0.36621060624002;0.345622892610477;0.34577351808548;304981600;0.34577351808548
2002-04-29;0.348027114605674;0.361551983458647;0.346975219094934;0.360049039125443;272288800;0.360049039125443
2002-04-30;0.358997181381844;0.36636045073165;0.356893365059872;0.364707708358765;280963200;0.364707708358765
2002-05-01;0.365008077194532;0.365008077194532;0.351032987749583;0.36034944653511;214704000;0.36034944653511
2002-05-02;0.35779550634591;0.365759622858257;0.354639819318832;0.355992138385773;239344000;0.355992138385773
2002-05-03;0.354188776638483;0.360951199704457;0.352084960171023;0.353286653757095;230781600;0.353286653757095
2002-05-06;0.350882490799925;0.353136933104971;0.337508268197108;0.340363532304764;249664800;0.340363532304764
2002-05-07;0.344721638127452;0.344871435996703;0.332699738410653;0.337658792734146;242748800;0.337658792734146
2002-05-08;0.348628784480078;0.36846419853313;0.346224570144987;0.366210609674454;436682400;0.366210609674454
2002-05-09;0.364407282383819;0.365909399251817;0.357644859833732;0.363505184650421;224616000;0.363505184650421
2002-05-10;0.365008099226078;0.365008099226078;0.345322482469277;0.350432187318802;235396000;0.350432187318802
2002-05-13;0.35343717473367;0.362002988337271;0.344721588361608;0.35974857211113;265608000;0.35974857211113
2002-05-14;0.367412265982864;0.385895334255057;0.363956156498931;0.384843438863754;526506400;0.384843438863754
2002-05-15;0.381237664782438;0.390404302595072;0.373272695471703;0.379885345697403;335826400;0.379885345697403
2002-05-16;0.37657897138091;0.382439296049714;0.371920340176179;0.378833413124084;227052000;0.378833413124084
2002-05-17;0.383040987446168;0.387398367580985;0.369816541251285;0.375827491283417;236493600;0.375827491283417
2002-05-20;0.36921566138963;0.374625764216685;0.368614814724119;0.37177050113678;269914400;0.37177050113678
2002-05-21;0.373122855431349;0.375677720500681;0.351633870085066;0.352535992860794;280991200;0.352535992860794
2002-05-22;0.351182831657506;0.36621064614968;0.350432212117357;0.36545917391777;290875200;0.36545917391777
2002-05-23;0.367412349788254;0.3792836251104;0.361701822757942;0.378382354974747;369398400;0.378382354974747
2002-05-24;0.3755269949527;0.3755269949527;0.360048987840415;0.362904250621796;166174400;0.362904250621796
2002-05-28;0.355992066819023;0.363655758399454;0.352084883213809;0.36034944653511;149716000;0.36034944653511
2002-05-29;0.359448176542552;0.36726249359465;0.352385306544661;0.36034944653511;221793600;0.36034944653511
2002-05-30;0.357193752140318;0.366360413504908;0.353286593427472;0.363655775785446;196375200;0.363655775785446
2002-05-31;0.362003165886717;0.364407381139664;0.349830611396059;0.350131034851074;365495200;0.350131034851074
2002-06-03;0.351484082872969;0.352385327840827;0.339311532677497;0.344270586967468;235110400;0.344270586967468
2002-06-04;0.343819519024362;0.346224560907795;0.333300539251997;0.342317402362823;347821600;0.342317402362823
2002-06-05;0.343068945560042;0.343068945560042;0.33585547364058;0.341415375471115;277082400;0.341415375471115
2002-06-06;0.345022021836337;0.34907897802804;0.331196730910088;0.333000123500824;259996800;0.333000123500824
2002-06-07;0.326989178774807;0.329694669171805;0.314517058144738;0.321579903364182;612376800;0.321579903364182
2002-06-10;0.322781503200531;0.328191604655891;0.320677712792159;0.322781503200531;277575200;0.322781503200531
2002-06-11;0.325186585597051;0.3260878303321;0.306702667009549;0.307454138994217;349496000;0.307454138994217
2002-06-12;0.306702852091452;0.311812533625739;0.299639979229056;0.301894396543503;528718400;0.301894396543503
2002-06-13;0.300842409016764;0.301293482943997;0.291224723395925;0.293629765510559;352083200;0.293629765510559
2002-06-14;0.289120906334361;0.305951233952508;0.272140755776166;0.302044928073883;424900000;0.302044928073883
2002-06-17;0.304148805198165;0.310009130907702;0.298287626796728;0.308656811714172;324609600;0.308656811714172
2002-06-18;0.306853368446723;0.309408208304862;0.300241572001413;0.302795559167862;353360000;0.302795559167862
2002-06-19;0.261021022115843;0.264477132775818;0.253657751871159;0.257263660430908;1709467200;0.257263660430908
2002-06-20;0.258015084421826;0.26447708321892;0.253206655501346;0.257113814353943;396636800;0.257113814353943
2002-06-21;0.255009948094141;0.262823435884023;0.252304458383571;0.253206580877304;445177600;0.253206580877304
2002-06-24;0.252004078981436;0.266430216694079;0.250952183556208;0.259517997503281;431933600;0.259517997503281
2002-06-25;0.261471106164877;0.265678686953009;0.253356342763995;0.257563948631287;301201600;0.257563948631287
2002-06-26;0.25245523056568;0.259818500809087;0.240132879910011;0.248698696494102;558952800;0.248698696494102
2002-06-27;0.252304509943261;0.259518005363882;0.246744609329;0.256362318992615;251658400;0.256362318992615
2002-06-28;0.256963180675824;0.26778255920818;0.255460211252225;0.266280442476273;269858400;0.266280442476273
2002-07-01;0.266129801435232;0.268684641148871;0.256211693521969;0.256362318992615;222689600;0.256362318992615
2002-07-02;0.255911239483917;0.257865232305448;0.2529061789439;0.254558920860291;305188800;0.254558920860291
2002-07-03;0.25260574936518;0.265678714143171;0.251703626817797;0.26372554898262;199029600;0.26372554898262
2002-07-05;0.266129802798908;0.28175760926468;0.266129802798908;0.281607836484909;161649600;0.281607836484909
2002-07-08;0.278301532507947;0.279653851460944;0.265678785463202;0.270637840032578;211204000;0.270637840032578
2002-07-09;0.271840366026319;0.274845427352608;0.262373305571507;0.263425201177597;226749600;0.263425201177597
2002-07-10;0.266129786680453;0.27304200569739;0.259217567663516;0.260269463062286;206880800;0.260269463062286
2002-07-11;0.259367382987784;0.275747514388827;0.25501000324927;0.274996042251587;373676800;0.274996042251587
2002-07-12;0.278752596822108;0.282359332314012;0.259367402989644;0.263124763965607;443492000;0.263124763965607
2002-07-15;0.261922329728805;0.279504161641732;0.252605892168669;0.27394425868988;295993600;0.27394425868988
2002-07-16;0.272741537336534;0.279052933765865;0.264626798798843;0.268384158611298;446768000;0.268384158611298
2002-07-17;0.24238720256228;0.243439097901848;0.228261514398822;0.234873309731483;1215485600;0.234873309731483
2002-07-18;0.232920102511865;0.233821372235122;0.221649679103862;0.225256413221359;559462400;0.225256413221359
2002-07-19;0.220898246009946;0.227961115940351;0.218343406303387;0.224805429577827;385207200;0.224805429577827
2002-07-22;0.221649804151871;0.228261602022633;0.21954598758597;0.224204644560814;430897600;0.224204644560814
2002-07-23;0.223903310674843;0.227360273115236;0.216991091177367;0.217442139983177;399890400;0.217442139983177
2002-07-24;0.215338332776297;0.228712574647025;0.214135811922451;0.22841215133667;406593600;0.22841215133667
2002-07-25;0.22435435401742;0.224654777343149;0.210529915359106;0.215789392590523;479354400;0.215789392590523
2002-07-26;0.217291563436113;0.218343459144857;0.207374280762718;0.215488195419312;207704000;0.215488195419312
2002-07-29;0.2175919841438;0.226909272592352;0.215939241654135;0.225706726312637;274960000;0.225706726312637
2002-07-30;0.223152752080209;0.233070035225004;0.218794518452218;0.231868341565132;354838400;0.231868341565132
2002-07-31;0.231417163912951;0.231717587160812;0.223903247188264;0.229313373565674;310699200;0.229313373565674
2002-08-01;0.227059025002817;0.231717681348072;0.221349350827283;0.22240124642849;228956000;0.22240124642849
2002-08-02;0.221499127841096;0.225406286950288;0.214135858492551;0.21714174747467;179060000;0.21714174747467
2002-08-05;0.218042968210281;0.220898231051473;0.20992822845437;0.210228651762009;204024800;0.210228651762009
2002-08-06;0.213535057043742;0.228862470823174;0.211581890881074;0.221499174833298;272053600;0.221499174833298
2002-08-07;0.226758607204044;0.230816416909045;0.215638804178822;0.225857362151146;333474400;0.225857362151146
2002-08-08;0.221950152386852;0.23111681367672;0.221950152386852;0.229914292693138;227348800;0.229914292693138
2002-08-09;0.229162747004037;0.229162747004037;0.221649707264807;0.225406214594841;205716000;0.225406214594841
2002-08-12;0.223903242138963;0.225706609197712;0.220747556689212;0.225256413221359;179765600;0.225256413221359
2002-08-13;0.223903341844837;0.228561998265946;0.218643863753165;0.219245538115501;269869600;0.219245538115501
2002-08-14;0.220447232848681;0.230665790793515;0.218494067094816;0.227961152791977;399084000;0.227961152791977
2002-08-15;0.229162745609643;0.236676663073816;0.225556863747346;0.234572872519493;322078400;0.234572872519493
2002-08-16;0.232168685062282;0.241936166943757;0.229613845495419;0.237577959895134;245224000;0.237577959895134
2002-08-19;0.237127791985956;0.244190663116283;0.236225694236277;0.240132853388786;216557600;0.240132853388786
2002-08-20;0.239983078255308;0.241785618700313;0.233370452839518;0.239080980420113;186625600;0.239080980420113
2002-08-21;0.24058387204397;0.244039981887518;0.232168708037935;0.242236614227295;202428800;0.242236614227295
2002-08-22;0.243439132011189;0.244190629239966;0.235324391452899;0.239983022212982;258311200;0.239983022212982
2002-08-23;0.2389311554486;0.239381376702488;0.232168732901679;0.236376315355301;163245600;0.236376315355301
2002-08-26;0.239681812218285;0.239681812218285;0.227810536495965;0.233370438218117;189968800;0.233370438218117
2002-08-27;0.236075913713784;0.236526135009117;0.221048950369343;0.223152741789818;262231200;0.223152741789818
2002-08-28;0.222401150090618;0.227209577152522;0.220146709294312;0.220898181200027;247973600;0.220898181200027
2002-08-29;0.220146709294312;0.226608730672842;0.2180429190032;0.220898181200027;164169600;0.220898181200027
2002-08-30;0.221349342609501;0.227510090496739;0.219094900920333;0.221649765968323;193519200;0.221649765968323
2002-09-03;0.217742579621387;0.218643849688009;0.211130782961845;0.211130782961845;276936800;0.211130782961845
2002-09-04;0.213384359401132;0.222100799341748;0.212934138200541;0.217591941356659;420660800;0.217591941356659
2002-09-05;0.213685537341077;0.215789327600033;0.211130698423139;0.213083863258362;226178400;0.213083863258362
2002-09-06;0.218043040459039;0.22014683192202;0.213835457533078;0.216089874505997;181591200;0.216089874505997
2002-09-09;0.214586889977811;0.218343423288523;0.212633724387752;0.215939208865166;158244800;0.215939208865166
2002-09-10;0.216540027691896;0.217742548555039;0.212182648239421;0.215338334441185;249468800;0.215338334441185
2002-09-11;0.21548813430201;0.219395292628141;0.21263369899872;0.214737489819527;202412000;0.214737489819527
2002-09-12;0.213384333243389;0.218042963440929;0.21218264003912;0.212483063340187;269830400;0.212483063340187
2002-09-13;0.212332447248454;0.215488133467442;0.211130753991184;0.212934121489525;282951200;0.212934121489525
2002-09-16;0.212483114205326;0.219545960114539;0.212182690832342;0.217893242835999;286641600;0.217893242835999
2002-09-17;0.218945136254893;0.225857356602086;0.218945136254893;0.22240124642849;427996800;0.22240124642849
2002-09-18;0.220747671230978;0.226758622008363;0.218193658550404;0.225706726312637;328641600;0.225706726312637
2002-09-19;0.221649857790344;0.222401330304986;0.217592046654675;0.21909499168396;205945600;0.21909499168396
2002-09-20;0.219695762843595;0.224505044834444;0.218193645945523;0.223453149199486;352788800;0.223453149199486
2002-09-23;0.221799569986619;0.224805484302284;0.217141765850334;0.223152741789818;263709600;0.223152741789818
2002-09-24;0.216390302019936;0.22270170160783;0.216390302019936;0.219997063279152;250661600;0.219997063279152
2002-09-25;0.220747592030084;0.227961086499091;0.220146745451719;0.224354326725006;254682400;0.224354326725006
2002-09-26;0.226909153912682;0.228261472298078;0.21864376548288;0.220898181200027;208644800;0.220898181200027
2002-09-27;0.217742597527234;0.223152726288678;0.217591972030802;0.221198707818985;206152800;0.221198707818985
2002-09-30;0.216390273279312;0.218945138447741;0.212483114205326;0.217893242835999;237697600;0.217893242835999
2002-10-01;0.219245580454935;0.219395378364994;0.210379364927466;0.218043059110641;342423200;0.218043059110641
2002-10-02;0.215338335616501;0.219846340556135;0.211882226083196;0.212934121489525;229348000;0.212934121489525
2002-10-03;0.213083997538668;0.219395372292811;0.211280629378521;0.214887365698814;217896000;0.214887365698814
2002-10-04;0.215789369318405;0.216390215905063;0.210228641748497;0.210830315947533;190825600;0.210830315947533
2002-10-07;0.20992824774395;0.213534982991857;0.20677254876557;0.206923186779022;244697600;0.206923186779022
2002-10-08;0.208876376178127;0.20977847389963;0.200761622207959;0.205570891499519;453644800;0.205570891499519
2002-10-09;0.20346704967081;0.208124839620502;0.201513044295909;0.20421852171421;356686400;0.20421852171421
2002-10-10;0.204819421024595;0.213685634761559;0.204067948787765;0.212032064795494;321574400;0.212032064795494
2002-10-11;0.214135899257643;0.222100869565638;0.211882309704642;0.218043059110641;294677600;0.218043059110641
2002-10-14;0.218643817032278;0.225105839934352;0.216991075017377;0.221950128674507;194404000;0.221950128674507
2002-10-15;0.228712614654759;0.229162810813665;0.222100817833098;0.227810516953468;405518400;0.227810516953468
2002-10-16;0.223302485623149;0.227360295122402;0.208876370953256;0.218794479966164;307624800;0.218794479966164
2002-10-17;0.213535009269155;0.216089849351859;0.210078899069812;0.212032064795494;469296800;0.212032064795494
2002-10-18;0.21037934238227;0.215638820925992;0.209327446673526;0.215488195419312;288299200;0.215488195419312
2002-10-21;0.214286474309179;0.219846375539879;0.21037931537644;0.218794479966164;238520800;0.218794479966164
2002-10-22;0.217442072523519;0.22360281797082;0.214286387086851;0.220898181200027;218148000;0.220898181200027
2002-10-23;0.219846357825615;0.225105860349573;0.217893217402074;0.223602890968323;209036800;0.223602890968323
2002-10-24;0.225706689031022;0.228561977328773;0.218643843724533;0.220747634768486;174748000;0.220747634768486
2002-10-25;0.220747632032869;0.232168709844834;0.219245515314751;0.23171766102314;279070400;0.23171766102314
2002-10-28;0.233671602687212;0.23968172346042;0.229162745609643;0.234572872519493;349300000;0.234572872519493
2002-10-29;0.233972136584219;0.238629941005;0.2248054980333;0.232018142938614;259179200;0.232018142938614
2002-10-30;0.232769583958608;0.245993178311242;0.232619786075405;0.240132853388786;270676000;0.240132853388786
2002-10-31;0.240283499751329;0.247045095398041;0.239231604027098;0.241485193371773;295836800;0.241485193371773
2002-11-01;0.23953200688561;0.247947197036795;0.238780534630949;0.245843380689621;189828800;0.245843380689621
2002-11-04;0.247947073683451;0.261170661471438;0.24569263296188;0.25380739569664;376818400;0.25380739569664
2002-11-05;0.251703782716544;0.254859495664332;0.245692830450687;0.253958225250244;210694400;0.253958225250244
2002-11-06;0.256662770600622;0.260269506168741;0.25095221880736;0.258766561746597;216389600;0.258766561746597
2002-11-07;0.254559024371583;0.256963239303697;0.23757804164108;0.240433305501938;336179200;0.240433305501938
2002-11-08;0.240583933017468;0.243439196902082;0.233220662646043;0.238029092550278;190064000;0.238029092550278
2002-11-11;0.236526104928047;0.238780521568703;0.227209670227655;0.227810516953468;152975200;0.227810516953468
2002-11-12;0.230214689796333;0.24103489457775;0.229613843179284;0.235023945569992;223792800;0.235023945569992
2002-11-13;0.232920087203059;0.241485045653886;0.229613776543957;0.23427240550518;231739200;0.23427240550518
2002-11-14;0.238931127498472;0.246594844348439;0.237127759856078;0.244941249489784;141713600;0.244941249489784
2002-11-15;0.243889195655177;0.244039821032793;0.236827182758499;0.239681616425514;160994400;0.239681616425514
2002-11-18;0.243288440598982;0.24343906603308;0.23322053727036;0.23517370223999;164578400;0.23517370223999
2002-11-19;0.233671696510373;0.236676758103561;0.2255569543123;0.229464113712311;210952000;0.229464113712311
2002-11-20;0.229914327829354;0.235925278440844;0.229162830472167;0.233370438218117;208740000;0.233370438218117
2002-11-21;0.238931150069029;0.247045063807529;0.236676733399948;0.245692744851112;418482400;0.245692744851112
2002-11-22;0.241785515246989;0.244941201094557;0.238931080290718;0.240583822131157;227858400;0.240583822131157
2002-11-25;0.240884292225015;0.242537034386657;0.236075863602509;0.239983022212982;199427200;0.239983022212982
2002-11-26;0.238179671273392;0.238931143475682;0.22946408342943;0.231567874550819;240262400;0.231567874550819
2002-11-27;0.234422267380205;0.238329425549862;0.232168678798131;0.236225634813309;286798400;0.236225634813309
2002-11-29;0.237277503964005;0.238629822486309;0.231567806604535;0.232920125126839;143432800;0.232920125126839
2002-12-02;0.238931156615252;0.241936217977112;0.225556936949136;0.228110924363136;398742400;0.228110924363136
2002-12-03;0.228412191291852;0.23051598244477;0.226909246864748;0.227810516953468;227869600;0.227810516953468
2002-12-04;0.228110857274181;0.228261507802808;0.217893180160551;0.224955171346664;325757600;0.224955171346664
2002-12-05;0.225857266241778;0.226608738172363;0.218343349469022;0.219846293330193;243398400;0.219846293330193
2002-12-06;0.220146832105892;0.22826159963658;0.218193666151219;0.224654838442802;245358400;0.224654838442802
2002-12-09;0.224505029295965;0.224654802089928;0.22044721984131;0.221649765968323;236084800;0.221649765968323
2002-12-10;0.22164974073508;0.232168695159118;0.22134931741046;0.229613855481148;308610400;0.229613855481148
2002-12-11;0.229914344676986;0.23276960849762;0.226608859546664;0.23276960849762;253500800;0.23276960849762
2002-12-12;0.233069973900215;0.233671648184554;0.225556907664697;0.228261545300484;149340800;0.228261545300484
2002-12-13;0.227509991993467;0.227660617413942;0.220146701167244;0.222250491380692;164780000;0.222250491380692
2002-12-16;0.222551042295742;0.226909275722759;0.219545980671924;0.223152741789818;251624800;0.223152741789818
2002-12-17;0.223152761575376;0.22826161507264;0.220297497592619;0.226608872413635;222661600;0.226608872413635
2002-12-18;0.222401255928217;0.223302500997468;0.217893249960856;0.218945145606995;150701600;0.218945145606995
2002-12-19;0.218343429444636;0.224204606684312;0.211882258177045;0.213384374976158;347519200;0.213384374976158
2002-12-20;0.214737479516791;0.218794435499797;0.207072948544197;0.212483063340187;318096800;0.212483063340187
2002-12-23;0.212783479167262;0.218643802363229;0.212182632586232;0.217742532491684;125826400;0.217742532491684
2002-12-24;0.216991085893437;0.217442134688263;0.21488729500087;0.215789392590523;39340000;0.215789392590523
2002-12-26;0.21669069037879;0.222551015013805;0.214586899216213;0.216390267014503;85422400;0.216390267014503
2002-12-27;0.215037899874758;0.216089795220296;0.210529895195649;0.211280539631844;80035200;0.211280539631844
2002-12-30;0.211581830755975;0.212633726301445;0.20797509528221;0.211431205272675;155041600;0.211431205272675
2002-12-31;0.210379280750923;0.215789383216417;0.209627808663012;0.215338334441185;200726400;0.215338334441185
2003-01-02;0.215789424372102;0.224204614260929;0.21563879888082;0.22240124642849;181428800;0.22240124642849
2003-01-03;0.222401295681598;0.224354436746105;0.219245583099942;0.223903387784958;147453600;0.223903387784958
2003-01-06;0.225857406620587;0.23111688579139;0.223602964348451;0.223903387784958;390532800;0.223903387784958
2003-01-07;0.222250618894628;0.225406306025341;0.217442189251449;0.223152741789818;342344800;0.223152741789818
2003-01-08;0.219094878023869;0.221048896150011;0.216991087119416;0.218643829226494;229644800;0.218643829226494
2003-01-09;0.219695735754775;0.224204593810061;0.217893220778511;0.220597833395004;215252800;0.220597833395004
2003-01-10;0.219094916544648;0.222701677412001;0.217742597527234;0.221198707818985;175100800;0.221198707818985
2003-01-13;0.223903248620644;0.223903248620644;0.215789338039741;0.219846293330193;178942400;0.219846293330193
2003-01-14;0.220747638937249;0.222701657229861;0.217742577794507;0.219545945525169;186860800;0.219545945525169
2003-01-15;0.219245524727403;0.220898266994547;0.21428647031342;0.21684131026268;371128800;0.21684131026268
2003-01-16;0.213534970065545;0.221799507928173;0.213534970065545;0.219695717096329;559070400;0.219695717096329
2003-01-17;0.218794483706725;0.218794483706725;0.211581840054753;0.211882263422012;266761600;0.211882263422012
2003-01-21;0.213534957776574;0.216540018386649;0.210379271710417;0.210679695010185;253456000;0.210679695010185
2003-01-22;0.210078878498164;0.212633718330689;0.207374240800499;0.208575934171677;215140800;0.208575934171677
2003-01-23;0.211130753991184;0.215789384394195;0.20962780980716;0.212934121489525;228256000;0.212934121489525
2003-01-24;0.213985995310211;0.213985995310211;0.20376746559202;0.207374200224876;305468800;0.207374200224876
2003-01-27;0.205570863380554;0.217893210604909;0.2051198145815;0.212332457304001;391406400;0.212332457304001
2003-01-28;0.213986137242452;0.220747734648433;0.212783615696443;0.21909499168396;286255200;0.21909499168396
2003-01-29;0.218643801393441;0.226909191180769;0.214887268860111;0.224354326725006;373044000;0.224354326725006
2003-01-30;0.225105861760061;0.22645818059541;0.214737507201554;0.215187728404999;407058400;0.215187728404999
2003-01-31;0.213234552903129;0.218643827991177;0.211130762010563;0.215789392590523;341224800;0.215789392590523
2003-02-03;0.216540025601728;0.224053943875035;0.215638755672394;0.220297411084175;264784800;0.220297411084175
2003-02-04;0.217141706091012;0.220146766887811;0.215037915249519;0.2193952947855;317413600;0.2193952947855
2003-02-05;0.221048931663032;0.224354391329068;0.216991121980522;0.21714174747467;221614400;0.21714174747467
2003-02-06;0.215789414708579;0.219245524727403;0.213685623600377;0.21684131026268;179149600;0.21684131026268
2003-02-07;0.218643805395937;0.219395277438833;0.211431163486425;0.212633684277534;269701600;0.212633684277534
2003-02-10;0.214286438045031;0.218945093480136;0.211280549707355;0.215638756752014;167888000;0.215638756752014
2003-02-11;0.217893198084435;0.219846338334818;0.213384340498757;0.215638756752014;164780000;0.215638756752014
2003-02-12;0.214436278240911;0.219395332887438;0.214436278240911;0.216239646077156;228687200;0.216239646077156
2003-02-13;0.21654007914118;0.219997042168582;0.213986066570377;0.218494072556496;208493600;0.218494072556496
2003-02-14;0.21954589789066;0.221198639779949;0.215638739924044;0.220447167754173;243297600;0.220447167754173
2003-02-18;0.22164979491229;0.229914335003055;0.221198720929707;0.229464113712311;290897600;0.229464113712311
2003-02-19;0.22645822681475;0.227660748031883;0.220597876382162;0.223152741789818;240368800;0.223152741789818
2003-02-20;0.22315267460878;0.224805416623681;0.22104888382166;0.221950128674507;224352800;0.221950128674507
2003-02-21;0.222701602548369;0.226308337124107;0.22014673817703;0.225406214594841;157444000;0.225406214594841
2003-02-24;0.223302543082642;0.225857408816121;0.20737430750353;0.221499174833298;180252800;0.221499174833298
2003-02-25;0.220597873338825;0.226608849195382;0.219094928741313;0.225706726312637;188641600;0.225706726312637
2003-02-26;0.225256512118195;0.225706708292203;0.217591966771247;0.217893242835999;217095200;0.217893242835999
2003-02-27;0.218945084677295;0.225406229561989;0.218042962088127;0.223302438855171;154341600;0.223302438855171
2003-02-28;0.22330245374473;0.226758563334609;0.221950135001946;0.225556895136833;195098400;0.225556895136833
2003-03-03;0.22555691836676;0.227810507299344;0.218643845783415;0.220146790146828;203761600;0.220146790146828
2003-03-04;0.221499117837841;0.222551013411557;0.216991112180856;0.218794479966164;126414400;0.218794479966164
2003-03-05;0.219545919244022;0.222401207253897;0.218193600511042;0.219695717096329;126683200;0.219695717096329
2003-03-06;0.219094903328287;0.21939532669041;0.216390265456609;0.218794479966164;99859200;0.218794479966164
2003-03-07;0.217442181448149;0.221048942436608;0.215037966712839;0.218343451619148;200984000;0.218343451619148
2003-03-10;0.21804299993717;0.220447214360527;0.214887313329163;0.215939208865166;134573600;0.215939208865166
2003-03-11;0.215789396393547;0.217742561851438;0.212182661196306;0.213835403323174;161190400;0.213835403323174
2003-03-12;0.212934114979494;0.216239598948364;0.211280545382648;0.213685587048531;222560800;0.213685587048531
2003-03-13;0.217442174146988;0.222401254031755;0.212934168218069;0.221198707818985;335445600;0.221198707818985
2003-03-14;0.220597839768535;0.2255569191747;0.2199970181452;0.222100809216499;153098400;0.222100809216499
2003-03-17;0.223753527608972;0.226458165094539;0.221048890123406;0.225556895136833;399912800;0.225556895136833
2003-03-18;0.225406214594841;0.226758533157658;0.222701602548369;0.225406214594841;229980800;0.225406214594841
2003-03-19;0.226458231579278;0.22766075282171;0.22225062357063;0.224654838442802;141316000;0.224654838442802
2003-03-20;0.224354362276443;0.225256484978471;0.2193953081882;0.224053964018822;163178400;0.224053964018822
2003-03-21;0.226758533157658;0.227660655686924;0.222701602548369;0.225406214594841;297948000;0.225406214594841
2003-03-24;0.220447214360527;0.222401232642293;0.215638785513813;0.215939208865166;161100800;0.215939208865166
2003-03-25;0.216540038322041;0.2228514110354;0.215939191667189;0.218643829226494;167697600;0.218643829226494
2003-03-26;0.21864384453861;0.218794470019108;0.214887311264001;0.216540053486824;178343200;0.216540053486824
2003-03-27;0.215187693103752;0.220898218460646;0.215187693103752;0.217742532491684;122393600;0.217742532491684
2003-03-28;0.216390280355024;0.21969576517853;0.215939231474501;0.218945145606995;145303200;0.218945145606995
2003-03-31;0.215338326118925;0.218343386741997;0.210980119222451;0.212483063340187;256659200;0.212483063340187
2003-04-01;0.213384392023308;0.215037962053277;0.211431226222142;0.212783545255661;154341600;0.212783545255661
2003-04-02;0.215789387351831;0.220747613524681;0.214436241000201;0.2193952947855;171371200;0.2193952947855
2003-04-03;0.218794478359136;0.220898269491115;0.215638791661168;0.217291533946991;145712000;0.217291533946991
2003-04-04;0.218193623322178;0.220447212241931;0.216239630138359;0.216540053486824;146020000;0.216540053486824
2003-04-07;0.223152659637226;0.224654751010638;0.216540011717254;0.217742532491684;196862400;0.217742532491684
2003-04-08;0.218043017601743;0.220146808844185;0.215789428477759;0.21714174747467;128934400;0.21714174747467
2003-04-09;0.218193612742053;0.219695729411542;0.212483086560526;0.213234558701515;146725600;0.213234558701515
2003-04-10;0.213384368959864;0.216239632216518;0.213384368959864;0.215939208865166;107100000;0.215939208865166
2003-04-11;0.211130772367888;0.216991096538249;0.194300431862134;0.19835738837719;1392708800;0.19835738837719
2003-04-14;0.206021083591007;0.206622770433926;0.202865397045453;0.204067930579185;502958400;0.204067930579185
2003-04-15;0.204218591013718;0.204368376366215;0.199860370188445;0.20121268928051;303968000;0.20121268928051
2003-04-16;0.195201752762486;0.205420287064318;0.194149844450839;0.19895912706852;1016176000;0.19895912706852
2003-04-17;0.198357362536869;0.199108834596393;0.191144720467758;0.197155669331551;616257600;0.197155669331551
2003-04-21;0.197305495965859;0.198207593613877;0.195051907070854;0.197456121444702;152320000;0.197456121444702
2003-04-22;0.198056944374262;0.204668740012261;0.196704625676992;0.203015998005867;300568800;0.203015998005867
2003-04-23;0.203316445869824;0.204819402748963;0.200761606015083;0.204067930579185;209680800;0.204067930579185
2003-04-24;0.203166628579413;0.204518947227249;0.195352299838568;0.201964095234871;325108000;0.201964095234871
2003-04-25;0.202264497022092;0.204067876771129;0.198808388042429;0.200611755251884;205318400;0.200611755251884
2003-04-28;0.20256497294233;0.209778456194781;0.201813500775363;0.208275511860847;636798400;0.208275511860847
2003-04-29;0.210078846444022;0.212783483729009;0.204067897667747;0.211280539631844;458236800;0.211280539631844
2003-04-30;0.20932738009308;0.215638752338098;0.208124846720557;0.213685587048531;458175200;0.213685587048531
2003-05-01;0.214135822880315;0.216239613772882;0.210379289890008;0.215789392590523;342759200;0.215789392590523
2003-05-02;0.217291545356213;0.219245538717112;0.215488177489463;0.21714174747467;321182400;0.21714174747467
2003-05-05;0.221950101690723;0.253657635262532;0.221649703495738;0.241785511374474;1555708000;0.241785511374474
2003-05-06;0.242236629930926;0.268985093081176;0.241936206570165;0.262974143028259;1514492000;0.262974143028259
2003-05-07;0.260419283457104;0.274093924824951;0.257113799124768;0.265228539705276;1054379200;0.265228539705276
2003-05-08;0.265979078160127;0.271539829421259;0.259818333153635;0.270487934350967;687736000;0.270487934350967
2003-05-09;0.275446238364776;0.276498133834416;0.268684644354584;0.274996042251587;588386400;0.274996042251587
2003-05-12;0.272741644891874;0.281607883967606;0.272441221510865;0.278903245925903;419372800;0.278903245925903
2003-05-13;0.276949261797067;0.285064029620318;0.26973661692051;0.28055602312088;446796000;0.28055602312088
2003-05-14;0.282960086608074;0.283110712042937;0.276949113543149;0.278752505779266;355488000;0.278752505779266
2003-05-15;0.279504020467046;0.283260553177944;0.277550002497284;0.281457185745239;284995200;0.281457185745239
2003-05-16;0.279353495127933;0.285664895243942;0.274695715498572;0.282509207725525;341628000;0.282509207725525
2003-05-19;0.278452204605999;0.280255572553622;0.271389333237237;0.271990180015564;445888800;0.271990180015564
2003-05-20;0.271990178982905;0.272892301838784;0.264477111444415;0.267332375049591;416220000;0.267332375049591
2003-05-21;0.267332386679961;0.271840392921705;0.265529018660728;0.26823365688324;305009600;0.26823365688324
2003-05-22;0.26883439002118;0.276498080153174;0.266580801659472;0.274093866348267;178460800;0.274093866348267
2003-05-23;0.273643737245814;0.277400270508923;0.269886351291009;0.275296479463577;206718400;0.275296479463577
2003-05-27;0.269886321401746;0.284012035538853;0.269134849309842;0.283711612224579;290130400;0.283711612224579
2003-05-28;0.278001124384168;0.280405364135215;0.272741646160492;0.274695664644241;339679200;0.274695664644241
2003-05-29;0.274845443631581;0.278001130636762;0.268985118511286;0.271990180015564;333765600;0.271990180015564
2003-05-30;0.272290600589052;0.273192698359857;0.263425214056154;0.269736588001251;382748800;0.269736588001251
2003-06-02;0.271990130285782;0.274845393379752;0.259518010046324;0.262222647666931;418588800;0.262222647666931
2003-06-03;0.262072865132801;0.265528975097364;0.255761491907284;0.260118871927261;360858400;0.260118871927261
2003-06-04;0.259969068736395;0.267332337348781;0.257564026746106;0.264477074146271;271202400;0.264477074146271
2003-06-05;0.262222685069021;0.26658089306829;0.260419317193897;0.265077948570251;205497600;0.265077948570251
2003-06-06;0.266580872161023;0.271088877688979;0.257564033492567;0.257714658975601;241388000;0.257714658975601
2003-06-09;0.254558875568649;0.256061819377439;0.24990022124958;0.252304434776306;259952000;0.252304434776306
2003-06-10;0.253807567908693;0.259818519421441;0.251703751180695;0.258165776729584;176646400;0.258165776729584
2003-06-11;0.257714642428422;0.263124745282127;0.252605790521443;0.262222647666931;225114400;0.262222647666931
2003-06-12;0.263725559880808;0.26868461332388;0.262222615779904;0.267031043767929;252588000;0.267031043767929
2003-06-13;0.266730673753632;0.269736562555911;0.257414239214189;0.261771619319916;191245600;0.261771619319916
2003-06-16;0.264477020214817;0.274544924497604;0.262222604163332;0.274544924497604;238526400;0.274544924497604
2003-06-17;0.276648797511298;0.278001091298328;0.270337399314858;0.273342460393906;177464000;0.273342460393906
2003-06-18;0.277249677124322;0.292727714887927;0.275145885645131;0.28731843829155;454983200;0.28731843829155
2003-06-19;0.290924210055212;0.294681569939365;0.282058826998152;0.287618726491928;381528000;0.287618726491928
2003-06-20;0.290774424350059;0.294230533497723;0.284012003888956;0.288520008325577;356546400;0.288520008325577
2003-06-23;0.29002305789983;0.295883383039149;0.281757665334939;0.286416321992874;307361600;0.286416321992874
2003-06-24;0.292577806900157;0.295582867477119;0.281307381414872;0.282208651304245;514382400;0.282208651304245
2003-06-25;0.283411240181841;0.291525981585017;0.281156823498287;0.28686735033989;329812000;0.28686735033989
2003-06-26;0.281007022008706;0.290323456766639;0.281007022008706;0.289872407913208;161705600;0.289872407913208
2003-06-27;0.290022974147484;0.290172771992972;0.277700653034342;0.281457185745239;365792000;0.281457185745239
2003-06-30;0.280705769663131;0.288670738837883;0.279353450601184;0.286416321992874;222152000;0.286416321992874
2003-07-01;0.28356103805986;0.288219669304988;0.278151762199467;0.28686735033989;180992000;0.28686735033989
2003-07-02;0.28596532356476;0.29152605390787;0.285815525649578;0.289572060108185;325298400;0.289572060108185
2003-07-03;0.285515029273577;0.29377956849395;0.285214605907164;0.287468194961548;137771200;0.287468194961548
2003-07-07;0.289571880330942;0.303246517987837;0.287468089922189;0.298587888479233;286272000;0.298587888479233
2003-07-08;0.293328472405281;0.308055008276235;0.292878251234449;0.306552916765213;256737600;0.306552916765213
2003-07-09;0.303697647981868;0.307304382953812;0.298889219760895;0.298889219760895;213645600;0.298889219760895
2003-07-10;0.298738555225113;0.299639825119664;0.291074864478055;0.294230550527573;170934400;0.294230550527573
2003-07-11;0.295432277595483;0.30054198216684;0.293479112127136;0.29828754067421;136858400;0.29828754067421
2003-07-14;0.30069174833257;0.306552924912804;0.298587957437948;0.299039006233215;188406400;0.299039006233215
2003-07-15;0.300842385942475;0.304148722966248;0.291976173210918;0.294681638479233;206645600;0.294681638479233
2003-07-16;0.300090832374707;0.300541906144965;0.291224622048597;0.298587888479233;250930400;0.298587888479233
2003-07-17;0.303397355596462;0.314817584452618;0.302495232578797;0.314066112041473;751212000;0.314066112041473
2003-07-18;0.314065935151269;0.318273516193631;0.30655287049695;0.313465088605881;298838400;0.313465088605881
2003-07-21;0.310910438107756;0.312564008529857;0.305050111701903;0.309708744287491;183808800;0.309708744287491
2003-07-22;0.313615761797622;0.314968080536803;0.308055008683847;0.312563866376877;198424800;0.312563866376877
2003-07-23;0.314817489665972;0.314968115147965;0.307454220911619;0.312413275241852;143035200;0.312413275241852
2003-07-24;0.316169840012178;0.323082913312637;0.306252557977496;0.308205723762512;229236000;0.308205723762512
2003-07-25;0.306702754521943;0.324134782827305;0.306552956649658;0.323683708906174;216686400;0.323683708906174
2003-07-28;0.323082846999816;0.323082846999816;0.313465137628719;0.315418303012848;170357600;0.315418303012848
2003-07-29;0.315418329039942;0.316771475508823;0.308356311413665;0.311361372470856;197120000;0.311361372470856
2003-07-30;0.31211284687353;0.314066012432814;0.303096836024868;0.304749578237534;173594400;0.304749578237534
2003-07-31;0.311661739092682;0.320828373686934;0.309106899710914;0.316771417856216;301464800;0.316771417856216
2003-08-01;0.315568980108599;0.319625937006672;0.310158876631915;0.311512023210526;149604000;0.311512023210526
2003-08-04;0.308506158464225;0.323082925167893;0.304749624640709;0.318724691867828;230115200;0.318724691867828
2003-08-05;0.320828482959899;0.321579955246507;0.302044986245307;0.30625256896019;249440800;0.30625256896019
2003-08-06;0.301443246796498;0.303096841731992;0.293028082482621;0.294982075691223;245464800;0.294982075691223
2003-08-07;0.296484146300307;0.301894248636723;0.291826343646284;0.299490034580231;174378400;0.299490034580231
2003-08-08;0.302194676797628;0.302495100107965;0.294530985740547;0.295131832361221;137659200;0.295131832361221
2003-08-11;0.297837336473093;0.299490053484764;0.293178680833429;0.295432269573212;137228000;0.295432269573212
2003-08-12;0.296935188754953;0.297536035353205;0.292427184043273;0.296033918857574;164438400;0.296033918857574
2003-08-13;0.298438188411399;0.3056508317701;0.294230606215687;0.3032466173172;284099200;0.3032466173172
2003-08-14;0.3036976693086;0.305501036921212;0.299639860197936;0.300090909004211;192780000;0.300090909004211
2003-08-15;0.300842426131718;0.301593923462891;0.295432322484859;0.296183794736862;125865600;0.296183794736862
2003-08-18;0.298438216044642;0.306702780796679;0.29633442475199;0.305650860071182;192774400;0.305650860071182
2003-08-19;0.306101865151237;0.307304386024712;0.300541964787846;0.30535039305687;133688800;0.30535039305687
2003-08-20;0.303246601543598;0.319625905714795;0.302645779943931;0.315719574689865;273212800;0.315719574689865
2003-08-21;0.316020030652519;0.326238588389276;0.314817509558207;0.325787514448166;255326400;0.325787514448166
2003-08-22;0.32774065035852;0.330595913536846;0.310158850080155;0.313765585422516;250264000;0.313765585422516
2003-08-25;0.312262567902783;0.314216560593777;0.307905189030234;0.313465088605881;137782400;0.313465088605881
2003-08-26;0.311812384646974;0.31662081281836;0.30580143562653;0.316320389509201;164959200;0.316320389509201
2003-08-27;0.314216543744891;0.322781503200531;0.310460011619163;0.322781503200531;225702400;0.322781503200531
2003-08-28;0.320528073864763;0.333902319971742;0.320528073864763;0.333451271057129;319625600;0.333451271057129
2003-08-29;0.333601879548003;0.343369363986002;0.331347462702628;0.339762628078461;263155200;0.339762628078461
2003-09-02;0.340514071551954;0.344120807154357;0.336606912584781;0.343369334936142;242132800;0.343369334936142
2003-09-03;0.342617842678864;0.350432185235335;0.342016995984465;0.344871431589127;268828000;0.344871431589127
2003-09-04;0.348027154694651;0.349380326397084;0.342166829777632;0.343068927526474;199780000;0.343068927526474
2003-09-05;0.341566051255347;0.347877426307621;0.336757621009647;0.338109940290451;240133600;0.338109940290451
2003-09-08;0.337809362936997;0.342467165534713;0.337658737479857;0.341715693473816;167244000;0.341715693473816
2003-09-09;0.338560166178163;0.340663957890441;0.332399416569118;0.336155951023102;180370400;0.336155951023102
2003-09-10;0.334352396457108;0.33976252373612;0.332248605759231;0.33330050110817;224890400;0.33330050110817
2003-09-11;0.334352388197252;0.342467152569526;0.332098824791444;0.339011043310165;213684800;0.339011043310165
2003-09-12;0.338259615774274;0.347726674926192;0.335254554861553;0.347125828266144;179989600;0.347125828266144
2003-09-15;0.342767568221205;0.344120714416876;0.332399240674188;0.333751559257507;226844800;0.333751559257507
2003-09-16;0.333751628824482;0.340965099588893;0.33360183095753;0.336006045341492;269007200;0.336006045341492
2003-09-17;0.336155992611837;0.336306618158259;0.328342499294411;0.3323994576931;289396800;0.3323994576931
2003-09-18;0.332098909248211;0.345473128557308;0.329844467498375;0.343819558620453;252907200;0.343819558620453
2003-09-19;0.343819636280768;0.346374476895416;0.337058039966652;0.339311629533768;205956800;0.339311629533768
2003-09-22;0.333300585653644;0.338109867556732;0.329394279256493;0.331798493862152;179821600;0.331798493862152
2003-09-23;0.330896376912621;0.337508199177688;0.328792585643808;0.33705797791481;132451200;0.33705797791481
2003-09-24;0.333751622894924;0.335254567212895;0.316771471950221;0.320377379655838;301285600;0.320377379655838
2003-09-25;0.320677807209332;0.32112885603315;0.304298502731656;0.307003140449524;574380800;0.307003140449524
2003-09-26;0.305049961008321;0.326087868598552;0.302795519710597;0.310910284519196;347250400;0.310910284519196
2003-09-29;0.322932235547428;0.325636873364388;0.310309488918214;0.32007697224617;365702400;0.32007697224617
2003-09-30;0.316921273374797;0.318875266532612;0.307153790423277;0.311361372470856;285426400;0.311361372470856
2003-10-01;0.311210754223523;0.317071906220637;0.303397264248267;0.312413275241852;236112800;0.312413275241852
2003-10-02;0.312563943643848;0.312563943643848;0.304749624983024;0.309107005596161;204058400;0.309107005596161
2003-10-03;0.315418258739051;0.328492050790843;0.313765516906588;0.325937211513519;299600000;0.325937211513519
2003-10-06;0.325636884864441;0.335555019106128;0.324284565908203;0.334954172372818;268329600;0.334954172372818
2003-10-07;0.331347397046504;0.351784484735294;0.329243606119409;0.348929196596146;418174400;0.348929196596146
2003-10-08;0.349380391985943;0.353737748135467;0.341566047142025;0.346525102853775;428668800;0.346525102853775
2003-10-09;0.350130866270084;0.355691619234539;0.34246717521222;0.35238528251648;347748800;0.35238528251648
2003-10-10;0.353136785865177;0.357795416288565;0.351182767815748;0.355841398239136;174837600;0.355841398239136
2003-10-13;0.356592991655626;0.366811525207208;0.356442341071766;0.365909427404404;279865600;0.365909427404404
2003-10-14;0.36545912036551;0.371770493053607;0.363505127326355;0.368915230035782;275419200;0.368915230035782
2003-10-15;0.373423298857256;0.375827513489653;0.369366341842451;0.372972249984741;610103200;0.372972249984741
2003-10-16;0.357644762102859;0.358245583606706;0.336757455946542;0.349380224943161;975682400;0.349380224943161
2003-10-17;0.35133349506144;0.352986237582435;0.337058003952463;0.341866433620453;359811200;0.341866433620453
2003-10-20;0.33961193528331;0.350732564192581;0.33630645103358;0.348929196596146;279132000;0.348929196596146
2003-10-21;0.350281487472017;0.35163380615844;0.34186632443435;0.348328322172165;176461600;0.348328322172165
2003-10-22;0.344721542568336;0.348628700273833;0.34081438486284;0.342016905546188;161599200;0.342016905546188
2003-10-23;0.341565951883103;0.347877325099201;0.339462160811071;0.345473110675812;165211200;0.345473110675812
2003-10-24;0.339011190102259;0.343369398732612;0.334052134630729;0.339612036943436;219856000;0.339612036943436
2003-10-27;0.341866454016942;0.343970245573789;0.337959294323835;0.339612036943436;162013600;0.339612036943436
2003-10-28;0.339011041408033;0.357193685086703;0.336606827485114;0.356442213058472;251714400;0.356442213058472
2003-10-29;0.353286647560071;0.359147825412851;0.350732634928137;0.355992138385773;267080800;0.355992138385773
2003-10-30;0.360500075723133;0.360649848504697;0.343669723042859;0.346975207328796;260556800;0.346975207328796
2003-10-31;0.350130927529291;0.350882399742901;0.3423174372554;0.3439701795578;218153600;0.3439701795578
2003-11-03;0.343068894801037;0.350130912559379;0.342317422619556;0.347877323627472;302842400;0.347877323627472
2003-11-04;0.346674801372069;0.347125850201848;0.339462158158267;0.344270586967468;249233600;0.344270586967468
2003-11-05;0.342918298238966;0.347576929589501;0.33765882013759;0.346073985099792;322470400;0.346073985099792
2003-11-06;0.344270608499698;0.347877344138446;0.340363449493151;0.347426295280457;397073600;0.347426295280457
2003-11-07;0.348478273185138;0.349229745588425;0.337358467887164;0.338109940290451;210145600;0.338109940290451
2003-11-10;0.337358309857273;0.34036337044997;0.328191649932416;0.329092919826508;234276000;0.329092919826508
2003-11-11;0.329092984559519;0.330896352314818;0.322781611222247;0.323683708906174;215073600;0.323683708906174
2003-11-12;0.322781619431078;0.341415341638822;0.322781619431078;0.335555016994476;300003200;0.335555016994476
2003-11-13;0.331647790723034;0.33901105830948;0.329394202138354;0.336907267570496;212772000;0.336907267570496
2003-11-14;0.337809422263986;0.339762587875416;0.319776547393528;0.32248118519783;237048000;0.32248118519783
2003-11-17;0.320828360223878;0.321128783501061;0.314817411843213;0.317522048950195;228256000;0.317522048950195
2003-11-18;0.318724632158112;0.320677797648893;0.30580146303161;0.306702733039856;267192800;0.306702733039856
2003-11-19;0.308957144911168;0.310309463709791;0.304449139711599;0.306853353977203;344584800;0.306853353977203
2003-11-20;0.302044986245307;0.316771525747398;0.302044986245307;0.30625256896019;239590400;0.30625256896019
2003-11-21;0.305650823198222;0.309257583661865;0.298287554562226;0.304749578237534;241836000;0.304749578237534
2003-11-24;0.308055015419201;0.319625890379555;0.307304395992091;0.317823350429535;381824800;0.317823350429535
2003-11-25;0.319024944141233;0.319325367372455;0.309708513524528;0.310760408639908;268654400;0.310760408639908
2003-11-26;0.313916212317606;0.317823371020717;0.304298502152892;0.311361372470856;245128800;0.311361372470856
2003-11-28;0.31226265036485;0.316620858000632;0.308356319175923;0.314216643571854;76098400;0.314216643571854
2003-12-01;0.316169870992107;0.328342423690285;0.315569024170554;0.326238632202148;361536000;0.326238632202148
2003-12-02;0.324584978977547;0.329092984559519;0.321729715666035;0.323683708906174;205296000;0.323683708906174
2003-12-03;0.323683642987086;0.32819164765099;0.31496805695522;0.316019952297211;191296000;0.316019952297211
2003-12-04;0.314667664098302;0.318123773754538;0.312112824417075;0.317823350429535;177940000;0.317823350429535
2003-12-05;0.314066029288641;0.317823390354344;0.311512016899046;0.3133145570755;186177600;0.3133145570755
2003-12-08;0.312262605804501;0.31677143827915;0.306702705554007;0.316320389509201;148237600;0.316320389509201
2003-12-09;0.318123821308624;0.31932551478827;0.30655296969779;0.307304441928864;135144800;0.307304441928864
2003-12-10;0.307304464638911;0.309708679388465;0.299941194887865;0.30625256896019;271336800;0.30625256896019
2003-12-11;0.304298550666668;0.320677857724514;0.303697728961113;0.318724691867828;183136800;0.318724691867828
2003-12-12;0.320377468421764;0.320377468421764;0.311061031816591;0.31391629576683;192673600;0.31391629576683
2003-12-15;0.32293221989545;0.32293221989545;0.301593886524946;0.303096830844879;388908800;0.303096830844879
2003-12-16;0.30339726081029;0.307905266255999;0.300691770373674;0.302345365285873;373956800;0.302345365285873
2003-12-17;0.301743720060559;0.30249519237182;0.297386339312993;0.298738658428192;274260000;0.298738658428192
2003-12-18;0.299039020778258;0.303246602772157;0.299039020778258;0.301142811775208;330915200;0.301142811775208
2003-12-19;0.303397211408707;0.306853320767248;0.294831398048676;0.296033918857574;453560800;0.296033918857574
2003-12-22;0.29528247973541;0.298889240031125;0.289271530245325;0.29828754067421;377064800;0.29828754067421
2003-12-23;0.299339468167396;0.299790517020838;0.294531039105926;0.297686725854874;308498400;0.297686725854874
2003-12-24;0.296334378609628;0.309408198289586;0.295282483127093;0.306702733039856;177475200;0.306702733039856
2003-12-26;0.305801541494335;0.314216707513783;0.305650890902225;0.312262713909149;103695200;0.312262713909149
2003-12-29;0.314216615304564;0.317973148285804;0.313465143185823;0.317823350429535;233458400;0.317823350429535
2003-12-30;0.318273620368776;0.32308290222215;0.317823399118532;0.319776564836502;204853600;0.319776564836502
2003-12-31;0.320828481428809;0.32353311955757;0.318273641189065;0.321128904819489;174451200;0.321128904819489
2004-01-02;0.323833521764251;0.326839435778873;0.318273620368776;0.319776564836502;144642400;0.319776564836502
2004-01-05;0.321880350862397;0.336456288683468;0.321880350862397;0.333150804042816;395018400;0.333150804042816
2004-01-06;0.334352495039145;0.336907360322558;0.326238605844785;0.331948280334473;509348000;0.331948280334473
2004-01-07;0.332098950618306;0.343068956746124;0.3295440851833;0.339462220668793;586874400;0.339462220668793
2004-01-08;0.343218655626843;0.356592897822826;0.340363392690393;0.351032972335815;460303200;0.351032972335815
2004-01-09;0.34907900699357;0.362603875725551;0.342467210644144;0.345622897148132;427459200;0.345622897148132
2004-01-12;0.34938036802276;0.360649945245881;0.347125925915501;0.356593012809753;487547200;0.356593012809753
2004-01-13;0.371168839473157;0.373272630486429;0.358546068314356;0.362453252077103;679016800;0.362453252077103
2004-01-14;0.366660836850124;0.368764627879155;0.357344402698354;0.363655775785446;620043200;0.363655775785446
2004-01-15;0.344270605030455;0.351633874111358;0.338109857021211;0.343369334936142;1018208800;0.343369334936142
2004-01-16;0.343970215743646;0.346224632621642;0.339762632994846;0.341415375471115;372820000;0.341415375471115
2004-01-20;0.340663779729811;0.342617772505191;0.334352382814543;0.341565877199173;315946400;0.341565877199173
2004-01-21;0.341114947140627;0.345172731939772;0.337057989954127;0.339762628078461;226660000;0.339762628078461
2004-01-22;0.339011051685108;0.343068835238093;0.33330050110817;0.33330050110817;205004800;0.33330050110817
2004-01-23;0.336907252664261;0.341715680537079;0.334352388197252;0.339011043310165;227169600;0.339011043310165
2004-01-26;0.337508152047829;0.346524990235493;0.337057930847821;0.34577351808548;271269600;0.34577351808548
2004-01-27;0.346224608467387;0.349380320388001;0.342617872759279;0.346674829721451;307070400;0.346674829721451
2004-01-28;0.343218596363385;0.35133333498885;0.336757427118204;0.338410168886185;275402400;0.338410168886185
2004-01-29;0.340063058552012;0.342617898840791;0.33345126099223;0.340814530849457;212699200;0.340814530849457
2004-01-30;0.340363361923622;0.343669673343916;0.336907252664261;0.339011043310165;185298400;0.339011043310165
2004-02-02;0.337508187251603;0.342767665237789;0.331798488018449;0.335404396057129;287431200;0.335404396057129
2004-02-03;0.335103990795952;0.336606935333957;0.330595959715398;0.334503144025803;180812800;0.334503144025803
2004-02-04;0.330595828339723;0.331948146841476;0.326087824129777;0.327440142631531;305552800;0.327440142631531
2004-02-05;0.327891258006963;0.344270535156942;0.327740607469697;0.336907267570496;352844800;0.336907267570496
2004-02-06;0.337358458974912;0.343970257291276;0.336606986591477;0.341265618801117;193340000;0.341265618801117
2004-02-09;0.339913146270649;0.343519053427174;0.338109778886194;0.34066379070282;188260800;0.34066379070282
2004-02-10;0.339913155446813;0.347426220870412;0.337207690490903;0.34532243013382;255343200;0.34532243013382
2004-02-11;0.346975249379939;0.358696751578657;0.346374402639221;0.357644855976105;348544000;0.357644855976105
2004-02-12;0.354789619630654;0.360500172424142;0.354639846808915;0.356593012809753;183988000;0.356593012809753
2004-02-13;0.358396293720233;0.362152826907121;0.343068884939554;0.345622897148132;315980000;0.345622897148132
2004-02-17;0.347125721178471;0.352986043337241;0.347125721178471;0.348026990890503;170956800;0.348026990890503
2004-02-18;0.348328377602042;0.352234708823364;0.346374384378833;0.349530071020126;141635200;0.349530071020126
2004-02-19;0.350581962504063;0.355240618555684;0.336757522681028;0.337658792734146;323080800;0.337658792734146
2004-02-20;0.338109804363186;0.338259602215954;0.333751597221326;0.336606860160828;277603200;0.336606860160828
2004-02-23;0.335705688017509;0.337508228450589;0.328943264749056;0.333451271057129;194079200;0.333451271057129
2004-02-24;0.332699733305716;0.341715744148705;0.330595917189016;0.336006045341492;259056000;0.336006045341492
2004-02-25;0.334803481929503;0.344120742551112;0.333751586543994;0.342767596244812;276276000;0.342767596244812
2004-02-26;0.343819534244916;0.34832836726659;0.342617840862487;0.346224576234818;198408000;0.346224576234818
2004-02-27;0.345022055535457;0.36095113884563;0.344871430056263;0.359448194503784;468837600;0.359448194503784
2004-03-01;0.362152759158145;0.365158647235344;0.358696649959252;0.360951066017151;321680800;0.360951066017151
2004-03-02;0.360649827542501;0.362152796816548;0.357193717984224;0.357795417308807;256687200;0.357795417308807
2004-03-03;0.354639765744905;0.36350515109174;0.354639765744905;0.359448194503784;225131200;0.359448194503784
2004-03-04;0.359597997751403;0.378983192599846;0.359297599459261;0.378081947565079;660223200;0.378081947565079
2004-03-05;0.374926158310879;0.413094865777314;0.374174686231351;0.401824414730072;1540599200;0.401824414730072
2004-03-08;0.400021156802395;0.402575997049917;0.38769883207115;0.390704721212387;522872000;0.390704721212387
2004-03-09;0.389201705530855;0.409187744819545;0.386947264007664;0.407234579324722;618363200;0.407234579324722
2004-03-10;0.406332498006652;0.422862429188025;0.404829553557565;0.415950208902359;1006964000;0.415950208902359
2004-03-11;0.409788578102861;0.421359453843913;0.407083940382882;0.407985210418701;595851200;0.407985210418701
2004-03-12;0.41053998677294;0.417452205060399;0.408286398363367;0.414146721363068;329224000;0.414146721363068
2004-03-15;0.406182712639796;0.410991141592985;0.394611836408384;0.397466272115707;481717600;0.397466272115707
2004-03-16;0.398969180422823;0.399871278027779;0.381538006335125;0.387999176979065;605432800;0.387999176979065
2004-03-17;0.390102965591251;0.396414338338548;0.387398328017403;0.393559902906418;411432000;0.393559902906418
2004-03-18;0.389802511199914;0.391605878642933;0.38454300925045;0.38574555516243;321081600;0.38574555516243
2004-03-19;0.384092880279182;0.404829540465567;0.383791604229873;0.388600885868073;408576000;0.388600885868073
2004-03-22;0.381237616963289;0.393258689329478;0.379434249205221;0.388600885868073;419031200;0.388600885868073
2004-03-23;0.388901432980179;0.390704801312106;0.378983295881812;0.380035191774368;385515200;0.380035191774368
2004-03-24;0.379734670636282;0.386947314495754;0.379734670636282;0.383190780878067;428215200;0.383190780878067
2004-03-25;0.392808539735213;0.404379418060632;0.389051178048784;0.403777718544006;566445600;0.403777718544006
2004-03-26;0.405731671180593;0.411140921869069;0.404379352238682;0.406332492828369;419893600;0.406332492828369
2004-03-29;0.411291583149604;0.420608018110206;0.408736717995514;0.419406324625015;350728000;0.419406324625015
2004-03-30;0.416851443606394;0.420007130113954;0.410840468853896;0.419556081295013;359676800;0.419556081295013
2004-03-31;0.419556111575748;0.420458209278736;0.404980173886458;0.406332492828369;390773600;0.406332492828369
2004-04-01;0.404078876888387;0.409788550205756;0.400021067892971;0.40738433599472;318332000;0.40738433599472
2004-04-02;0.417002140603249;0.419706778755739;0.409187821926441;0.413244754076004;274478400;0.413244754076004
2004-04-05;0.412944342714977;0.426318562777194;0.41234349594733;0.425567090511322;385672000;0.425567090511322
2004-04-06;0.416400314392311;0.423012937085022;0.412192708115434;0.418203681707382;257992000;0.418203681707382
2004-04-07;0.414898293153374;0.416250612046819;0.404529110536893;0.410390287637711;255119200;0.410390287637711
2004-04-08;0.418955260257576;0.420758628031218;0.408736702869474;0.413695782423019;240917600;0.413695782423019
2004-04-12;0.41324462539789;0.42226148753207;0.413094852633368;0.42135939002037;230540800;0.42135939002037
2004-04-13;0.420458234957427;0.421209732297459;0.403327456213536;0.404679775238037;436396800;0.404679775238037
2004-04-14;0.401824457734288;0.406783536979133;0.395362459248705;0.400321513414383;639732800;0.400321513414383
2004-04-15;0.433080962131005;0.444501162421183;0.423162853512538;0.440293580293655;1761446400;0.440293580293655
2004-04-16;0.438040050314486;0.440444239835177;0.428272566422041;0.438490271568298;402931200;0.438490271568298
2004-04-19;0.422561979334929;0.4320290134271;0.418203746930274;0.426018089056015;712353600;0.426018089056015
2004-04-20;0.423914343078127;0.426919379236481;0.414146834461301;0.416701674461365;354519200;0.416701674461365
2004-04-21;0.414747681186292;0.422562024140614;0.411291571098743;0.416701674461365;325875200;0.416701674461365
2004-04-22;0.414146880194951;0.423463315911382;0.407384432068879;0.417452365159988;344584800;0.417452365159988
2004-04-23;0.416250735521317;0.420758742374212;0.406483249404579;0.416250735521317;315828800;0.416250735521317
2004-04-26;0.414447219968336;0.4153484899735;0.405731632801775;0.407684773206711;231128800;0.407684773206711
2004-04-27;0.409338390093338;0.412343451218224;0.401072998598794;0.404829531908035;283864000;0.404829531908035
2004-04-28;0.403027025961911;0.405881436590066;0.395813529840403;0.397466272115707;231168000;0.397466272115707
2004-04-29;0.397466187534753;0.405731577456678;0.39040417109305;0.402275443077087;460790400;0.402275443077087
2004-04-30;0.401373458550318;0.405130844893892;0.383041011553001;0.387398391962051;466502400;0.387398391962051
2004-05-03;0.390704639120529;0.395663693071493;0.386797480625452;0.391756534576416;297634400;0.391756534576416
2004-05-04;0.39025365680609;0.398969245266465;0.383190785660939;0.392808496952057;279983200;0.392808496952057
2004-05-05;0.393709741900402;0.401975133647935;0.390103006350113;0.400472164154053;238106400;0.400472164154053
2004-05-06;0.396715682776435;0.401975186384554;0.389201787329651;0.399420320987701;263558400;0.399420320987701
2004-05-07;0.39896914452391;0.414296551383371;0.39896914452391;0.400772511959076;419036800;0.400772511959076
2004-05-10;0.394761617410561;0.3997206716371;0.389802563184022;0.394912242889404;249978400;0.394912242889404
2004-05-11;0.396715539423135;0.408586836376137;0.396715539423135;0.407835364341736;305172000;0.407835364341736
2004-05-12;0.402575890907237;0.410840428641323;0.39431052556072;0.410239607095718;245420000;0.410239607095718
2004-05-13;0.407234541008885;0.416550974020127;0.404228627620506;0.408586859703064;229852000;0.408586859703064
2004-05-14;0.409488193509444;0.410540114202876;0.397466292885699;0.40663293004036;257801600;0.40663293004036
2004-05-17;0.40122361105133;0.406632886422971;0.396113931408657;0.400321513414383;300445600;0.400321513414383
2004-05-18;0.405280611052393;0.410089040256851;0.402725770957012;0.40663293004036;206063200;0.40663293004036
2004-05-19;0.411742573529445;0.413244665093408;0.397016012060277;0.39776748418808;375592000;0.39776748418808
2004-05-20;0.40017178222389;0.405731709078051;0.397767567478974;0.401373475790024;196296800;0.401373475790024
2004-05-21;0.404228649665399;0.408736654762649;0.401673809985721;0.40738433599472;179894400;0.40738433599472
2004-05-24;0.410089068831423;0.419255731703977;0.407384430667034;0.410840541124344;235603200;0.410840541124344
2004-05-25;0.413244645907171;0.428422255470845;0.410088959684398;0.426919311285019;319978400;0.426919311285019
2004-05-26;0.42571760504099;0.432480051137667;0.420758551468975;0.42842224240303;322168000;0.42842224240303
2004-05-27;0.427670853614944;0.429774644775634;0.418053995516114;0.423313498497009;235972800;0.423313498497009
2004-05-28;0.421961217801567;0.424815628745584;0.417753610019616;0.421659916639328;145717600;0.421659916639328
2004-06-01;0.417602984517667;0.423763707990718;0.41489834638378;0.421659916639328;182134400;0.421659916639328
2004-06-02;0.421209655036823;0.43834038048016;0.417753520281733;0.434583872556686;318712800;0.434583872556686
2004-06-03;0.431578013194268;0.435635772330808;0.425116817123456;0.426769584417343;250930400;0.426769584417343
2004-06-04;0.429173848526596;0.439542180061267;0.42842237622188;0.432480186223984;399112000;0.432480186223984
2004-06-07;0.436386567529163;0.450512262189743;0.432930456625566;0.447957396507263;295876000;0.447957396507263
2004-06-08;0.450662727544521;0.457424321425504;0.448258538397951;0.456072002649307;415620800;0.456072002649307
2004-06-09;0.452164790864593;0.461482101629886;0.450812472172838;0.453818410634995;349204800;0.453818410634995
2004-06-10;0.453818538230304;0.465389365626803;0.453818538230304;0.461933255195618;257577600;0.461933255195618
2004-06-14;0.460580117679649;0.461031141479771;0.443299566120671;0.452615976333618;243986400;0.452615976333618
2004-06-15;0.458927076175618;0.467943082702442;0.454719496114816;0.461181491613388;444634400;0.461181491613388
2004-06-16;0.460730589041106;0.500702660271154;0.458777423905298;0.49198704957962;909641600;0.49198704957962
2004-06-17;0.489282444744662;0.49784738039656;0.484022942861372;0.493038952350616;551320000;0.493038952350616
2004-06-18;0.490784798827458;0.502055280685212;0.48732868759404;0.494542211294174;406252000;0.494542211294174
2004-06-21;0.49769757337305;0.503407245850778;0.48266978844219;0.485825449228287;390213600;0.485825449228287
2004-06-22;0.485375395593421;0.49724667114289;0.485224770094954;0.495894402265549;360511200;0.495894402265549
2004-06-23;0.495894209333317;0.508366326799002;0.494240589785716;0.506413161754608;390868800;0.506413161754608
2004-06-24;0.503558158079279;0.506413422005594;0.495594015677518;0.498599052429199;252515200;0.498599052429199
2004-06-25;0.496946079496285;0.506413161754608;0.495894209333317;0.506413161754608;323428000;0.506413161754608
2004-06-28;0.513625775437192;0.513776400876325;0.48402288589456;0.488230466842651;521096800;0.488230466842651
2004-06-29;0.481919177101025;0.495743615352258;0.472001069581702;0.488380372524261;590553600;0.488380372524261
2004-06-30;0.489282497894688;0.495443245272011;0.479213764338467;0.488981246948242;373044000;0.488981246948242
2004-07-01;0.482369455999816;0.488079982541336;0.479364419938076;0.485375344753265;341941600;0.485375344753265
2004-07-02;0.458026252511216;0.468545212328724;0.446755820190617;0.46704226732254;910683200;0.46704226732254
2004-07-06;0.469897332751543;0.472150896614194;0.462834487349604;0.465088903903961;348980800;0.465088903903961
2004-07-07;0.463585991540143;0.471249684173992;0.452766587000679;0.45667377114296;397992000;0.45667377114296
2004-07-08;0.452766501208085;0.461031039020222;0.450061011067046;0.452916324138641;233380000;0.452916324138641
2004-07-09;0.4548704921543;0.458326603218578;0.451263755559921;0.451263755559921;208863200;0.451263755559921
2004-07-12;0.451113021116349;0.451414272103818;0.434733715012476;0.43788942694664;511621600;0.43788942694664
2004-07-13;0.439542112273597;0.444801615061972;0.436086002295053;0.439091891050339;316176000;0.439091891050339
2004-07-14;0.433681633544555;0.450362182523016;0.4318782414807;0.444500982761383;835800000;0.444500982761383
2004-07-15;0.490784482642872;0.505361243339259;0.482519946114534;0.494842290878296;1767724000;0.494842290878296
2004-07-16;0.492888364202308;0.494691756838306;0.482669858201065;0.483872354030609;488381600;0.483872354030609
2004-07-19;0.481017084948475;0.484172796309062;0.475757632891938;0.480416238307953;533170400;0.480416238307953
2004-07-20;0.48011584614031;0.483872354030609;0.474104871742524;0.483872354030609;323747200;0.483872354030609
2004-07-21;0.487178774156321;0.491536129439398;0.470949240825397;0.475156873464584;301257600;0.475156873464584
2004-07-22;0.469597037673298;0.476809657450477;0.466741723630337;0.476058185100555;334118400;0.476058185100555
2004-07-23;0.473804428216337;0.477109861919247;0.458025973038406;0.461331456899643;273571200;0.461331456899643
2004-07-26;0.463585872879373;0.472601882186422;0.462533952460642;0.469746619462967;393932000;0.469746619462967
2004-07-27;0.477861611090573;0.492137078801417;0.474405500133931;0.4873286485672;425006400;0.4873286485672
2004-07-28;0.485525163106235;0.487028107468732;0.468244613387659;0.48492431640625;285051200;0.48492431640625
2004-07-29;0.487929402239556;0.493188905511734;0.482820574622355;0.490484267473221;222157600;0.490484267473221
2004-07-30;0.490634905610461;0.495894409018144;0.480867421230745;0.485976248979568;243023200;0.485976248979568
2004-08-02;0.468544906266766;0.483872286956474;0.467793434254549;0.474555879831314;365092000;0.474555879831314
2004-08-03;0.472601886887448;0.476659695523815;0.468093857109919;0.470197647809982;211629600;0.470197647809982
2004-08-04;0.468694784113764;0.482669899518256;0.468394385843153;0.477711647748947;276488800;0.477711647748947
2004-08-05;0.478012191791945;0.48537543689904;0.469597025864782;0.471700817346573;244501600;0.471700817346573
2004-08-06;0.464337534945896;0.467342571661381;0.446304656260604;0.447507202625275;492290400;0.447507202625275
2004-08-09;0.448558825672834;0.457574833691915;0.447957126476741;0.455320417881012;290847200;0.455320417881012
2004-08-10;0.456673722407723;0.473954271556537;0.456072023035875;0.473653823137283;351036000;0.473653823137283
2004-08-11;0.467342504732174;0.467793578680399;0.454719757299441;0.46599018573761;322392000;0.46599018573761
2004-08-12;0.457574875910043;0.46358584942728;0.455020061690246;0.456372380256653;226200800;0.456372380256653
2004-08-13;0.459829389231113;0.470047093364382;0.456823500569843;0.46343532204628;328048000;0.46343532204628
2004-08-16;0.465839644761102;0.47665990406428;0.460430367801441;0.462534159421921;435674400;0.462534159421921
2004-08-17;0.459528113313872;0.467793504150046;0.456072003631158;0.463886320590973;323019200;0.463886320590973
2004-08-18;0.458476283602895;0.478612949522102;0.458175835169778;0.476960182189941;364655200;0.476960182189941
2004-08-19;0.473504128101103;0.478763631526663;0.456222723423042;0.461482226848602;388920000;0.461482226848602
2004-08-20;0.461482158566022;0.465689740620564;0.458175821467206;0.462834477424622;316780800;0.462834477424622
2004-08-23;0.463735928752336;0.469897531789134;0.459829595916881;0.46704226732254;254660000;0.46704226732254
2004-08-24;0.46974662044096;0.480115801095963;0.468694700020038;0.480115801095963;374136000;0.480115801095963
2004-08-25;0.478913389718121;0.498147959646616;0.476809598443779;0.496645867824554;505618400;0.496645867824554
2004-08-26;0.496494983759552;0.528652736294881;0.491987004802075;0.520839273929596;955858400;0.520839273929596
2004-08-27;0.521139867899656;0.522341561367698;0.510921310279225;0.51618081331253;388813600;0.51618081331253
2004-08-30;0.5109212453207;0.521740648299573;0.51032039866307;0.51272463798523;218142400;0.51272463798523
2004-08-31;0.511973245134687;0.525196839325027;0.510921324435545;0.518284618854523;376560800;0.518284618854523
2004-09-01;0.515429316774928;0.540825435246593;0.513776549448875;0.538871467113495;515726400;0.538871467113495
2004-09-02;0.533462071712501;0.538119874054095;0.523393289626702;0.535866260528564;406324800;0.535866260528564
2004-09-03;0.526098798697956;0.539773463240287;0.526098798697956;0.529404282569885;293468000;0.529404282569885
2004-09-07;0.531959142276532;0.543830414242045;0.529404277783151;0.537368416786194;301957600;0.537368416786194
2004-09-08;0.536467184855704;0.549541004223224;0.536166786605968;0.546234667301178;343526400;0.546234667301178
2004-09-09;0.542478289705535;0.545483326249968;0.530155939505503;0.53646731376648;461339200;0.53646731376648
2004-09-10;0.535866435630352;0.544431423784211;0.532860546569837;0.539022147655487;328014400;0.539022147655487
2004-09-13;0.539171711469481;0.542026973925171;0.530756549542105;0.534814357757568;281976800;0.534814357757568
2004-09-14;0.529554987582705;0.534212790794049;0.522641915199991;0.533311545848846;254822400;0.533311545848846
2004-09-15;0.531358406059012;0.533160946195057;0.522943241640601;0.528953313827515;232668800;0.528953313827515
2004-09-16;0.528953266104071;0.552396267266512;0.527150776288988;0.546234667301178;501916800;0.546234667301178
2004-09-17;0.549240678775055;0.561712800446301;0.546986211932412;0.558106064796448;502308800;0.558106064796448
2004-09-20;0.554198815790322;0.570728745113965;0.554049043008964;0.566671788692474;2.45e+08;0.566671788692474
2004-09-21;0.567272673442031;0.584103002149909;0.562915268315313;0.571179807186127;386652000;0.571179807186127
2004-09-22;0.572532267283257;0.57313311413885;0.553147068790074;0.554800689220428;401688000;0.554800689220428
2004-09-23;0.556603973393231;0.563516194339008;0.554950403296288;0.560060083866119;397404000;0.560060083866119
2004-09-24;0.562764680801017;0.571029220229425;0.558256700045363;0.560360491275787;369488000;0.560360491275787
2004-09-27;0.555250585804289;0.570728641935285;0.553448096287258;0.563967049121857;397516000;0.563967049121857
2004-09-28;0.562915399528688;0.575387523483675;0.562764774010453;0.571631014347076;353186400;0.571631014347076
2004-09-29;0.569977260706014;0.583953177587534;0.56832449352172;0.581247687339783;273509600;0.581247687339783
2004-09-30;0.586057061087;0.590114018062173;0.577791668951311;0.582299649715424;425012000;0.582299649715424
2004-10-01;0.587859675492997;0.588911546163707;0.579745760519076;0.581098079681396;465404800;0.581098079681396
2004-10-04;0.588761768817492;0.588761768817492;0.582299718696947;0.582901418209076;574084000;0.582901418209076
2004-10-05;0.57944423621075;0.596124788965056;0.577040047303494;0.591616809368134;406162400;0.591616809368134
2004-10-06;0.593570011165294;0.612504128538568;0.593118937307021;0.610700786113739;446303200;0.610700786113739
2004-10-07;0.60919874485636;0.61505909457998;0.592969262258182;0.595373451709747;426148800;0.595373451709747
2004-10-08;0.59447214845436;0.59762780981498;0.583651892548911;0.586958229541779;359228800;0.586958229541779
2004-10-11;0.583051328354047;0.58695846341606;0.57403526409315;0.579895615577698;323870400;0.579895615577698
2004-10-12;0.578542890414361;0.579745436083022;0.565769523051401;0.575387179851532;460191200;0.575387179851532
2004-10-13;0.584102983884931;0.597477202188162;0.582149818340647;0.597326576709747;1163008000;0.597326576709747
2004-10-14;0.649020198635169;0.687489286171638;0.639402487865597;0.675918459892273;2768427200;0.675918459892273
2004-10-15;0.674416406228418;0.685385584682728;0.66404727204593;0.683732867240906;1031128000;0.683732867240906
2004-10-18;0.671710846587894;0.717544078826904;0.671710846587894;0.717544078826904;1200752000;0.717544078826904
2004-10-19;0.722803599419037;0.726560158139282;0.710931471435875;0.712585091590881;801992800;0.712585091590881
2004-10-20;0.708978387883919;0.715289812545162;0.701014295884496;0.713336646556854;605108000;0.713336646556854
2004-10-21;0.713486324852836;0.723253808725764;0.711682931924224;0.720398545265198;724505600;0.720398545265198
2004-10-22;0.714388199888822;0.716341365009512;0.706573884181384;0.712434232234955;483067200;0.712434232234955
2004-10-25;0.709278417839634;0.718896124510525;0.707325253003864;0.714537918567657;392644000;0.714537918567657
2004-10-26;0.713035264763294;0.722052129264881;0.705822645917145;0.720849633216858;594361600;0.720849633216858
2004-10-27;0.72896438917733;0.760671935490505;0.72385556131842;0.755862653255463;1193494400;0.755862653255463
2004-10-28;0.751054040344194;0.784714744312163;0.743841422869489;0.784263670444489;864264800;0.784263670444489
2004-10-29;0.779004274305427;0.799441337760975;0.778403427619239;0.787419438362122;810219200;0.787419438362122
2004-11-01;0.78892240590956;0.800342656424996;0.782010185977411;0.78817093372345;602050400;0.78817093372345
2004-11-02;0.787419484858214;0.81266497851901;0.787419484858214;0.803949415683746;729988000;0.803949415683746
2004-11-03;0.817023172693752;0.843169909317818;0.811312596287442;0.831148862838745;1204173600;0.831148862838745
2004-11-04;0.826941131938004;0.834754595061173;0.817023025528012;0.818224668502808;928625600;0.818224668502808
2004-11-05;0.824386463022597;0.826490254116788;0.782010192705086;0.822282671928406;1205047200;0.822282671928406
2004-11-08;0.815520117822457;0.833252592085888;0.809359370831027;0.817172884941101;526920800;0.817172884941101
2004-11-09;0.814919429582644;0.819727858488356;0.802146007353609;0.81221479177475;475764800;0.81221479177475
2004-11-10;0.810711750926861;0.832350557537602;0.810110954409433;0.822733700275421;508676000;0.822733700275421
2004-11-11;0.825738976267471;0.832951646390325;0.814919619974754;0.830998480319977;407299200;0.830998480319977
2004-11-12;0.826640203608665;0.836858712210177;0.824086190897999;0.834003448486328;395701600;0.834003448486328
2004-11-15;0.829495191723844;0.833402324778453;0.8165719990406;0.83009684085846;376045600;0.83009684085846
2004-11-16;0.828894444115494;0.829495290788632;0.818675887530483;0.82558810710907;295103200;0.82558810710907
2004-11-17;0.829345320110944;0.833252503094495;0.814768558711084;0.8249871134758;397751200;0.8249871134758
2004-11-18;0.815971306533727;0.833252709371536;0.815820681048738;0.832350611686707;459149600;0.832350611686707
2004-11-19;0.833853605736255;0.855191966588673;0.818976391405402;0.829045176506042;765279200;0.829045176506042
2004-11-22;0.928674376635294;0.961734148171944;0.870069357331294;0.921912729740143;2568210400;0.921912729740143
2004-11-23;0.936187503694002;0.938441919342418;0.917404017072695;0.920709550380707;911450400;0.920709550380707
2004-11-24;0.927021262719244;0.979766766425103;0.924917521761418;0.962485313415527;1390788000;0.962485313415527
2004-11-26;0.982020582644985;0.988182134310129;0.966843770319103;0.969999432563782;550144000;0.969999432563782
2004-11-29;1.03611799483614;1.04543440287284;1.01297624593163;1.02845430374146;1712916800;1.02845430374146
2004-11-30;1.03371350710181;1.03371350710181;1.00756597518921;1.00756597518921;1028518400;1.00756597518921
2004-12-01;1.0186870098114;1.02109119940113;0.995845703958712;1.0186870098114;800553600;1.0186870098114
2004-12-02;0.993741755256771;1.00531268132318;0.971652024366356;0.979916512966156;987442400;0.979916512966156
2004-12-03;0.969697899482709;0.976760794589546;0.927923331680892;0.941898345947266;1238848800;0.941898345947266
2004-12-06;0.965490027660147;0.995394215843986;0.945955068426594;0.988481998443604;1247920800;0.988481998443604
2004-12-07;0.990735440518589;1.00275738516707;0.940094704069532;0.94505375623703;1056899200;0.94505375623703
2004-12-08;0.947908940498566;0.968195369602599;0.932430988164074;0.950914025306702;691902400;0.950914025306702
2004-12-09;0.943851613993548;0.967744839195757;0.932731811434163;0.961584091186524;741501600;0.961584091186523
2004-12-10;0.977211778916203;0.99253916152373;0.972252725104955;0.979015171527863;775773600;0.979015171527863
2004-12-13;0.986077894614542;0.990285476014802;0.970749710583904;0.97540831565857;395040800;0.975408315658569
2004-12-14;0.982771973598028;0.989985445519479;0.977061345945637;0.981119155883789;415721600;0.981119155883789
2004-12-15;0.98036732154607;0.983673657970335;0.971651811107642;0.980667769908905;398361600;0.980667769908905
2004-12-16;0.994042333938396;1.01432877501433;0.992539389380877;1.00080478191376;1126115200;1.00080478191376
2004-12-17;1.00441053259766;1.00741642131611;0.975258708748866;0.976611077785492;783496000;0.976611077785492
2004-12-20;0.98382331712689;0.991787454947008;0.928072847636508;0.942498981952667;1168126400;0.942498981952667
2004-12-21;0.955121953624637;0.958277614836577;0.925668881574316;0.957075119018555;1064414400;0.957075119018555
2004-12-22;0.956624985492728;0.967143990918537;0.952717851813615;0.95797735452652;565829600;0.95797735452652
2004-12-23;0.957977721050072;0.965490740321549;0.955723303653414;0.96188485622406;245929600;0.96188485622406
2004-12-27;0.973755495333301;0.979014996603988;0.944903225035091;0.949110805988312;559490400;0.949110805988312
2004-12-28;0.951214719356474;0.965490179999493;0.932431229070044;0.964438259601593;611755200;0.964438259601593
2004-12-29;0.958878675726584;0.976460477730375;0.955272792722035;0.968345761299133;449562400;0.968345761299133
2004-12-30;0.973905430445704;0.977211767230312;0.965040045967927;0.973755657672882;345340800;0.973755657672882
2004-12-31;0.975108051381844;0.976760768391249;0.962184857693253;0.967744708061218;278588800;0.967744708061218
2005-01-03;0.973455363068353;0.978414417603753;0.940695949525444;0.951065182685852;691992000;0.951065182685852
2005-01-04;0.958578060295268;0.983823550546641;0.946255763569007;0.960832476615906;1096810400;0.960832476615906
2005-01-05;0.968645999415262;0.980518176003649;0.962485251945343;0.969247698783874;680433600;0.969247698783875
2005-01-06;0.971802023239137;0.975408709340257;0.951666155459668;0.969999432563782;705555200;0.969999432563782
2005-01-07;0.97676084545946;1.04633657548688;0.973004287114431;1.04062604904175;2227450400;1.04062604904175
2005-01-10;1.04934192022671;1.06241579379501;1.02003941367161;1.03626894950867;1725309600;1.03626894950867
2005-01-11;1.02559905771097;1.03912304822149;0.963837598373528;0.970148921012878;2611627200;0.970148921012878
2005-01-12;0.98352353362336;0.990285882012257;0.951215137665463;0.983674108982086;1919702400;0.983674108982086
2005-01-13;1.10764687237925;1.11831645172549;1.04783948577241;1.04889130592346;3164716800;1.04889130592346
2005-01-14;1.05565295275632;1.0777427810615;1.0397246738734;1.05490148067474;1770742400;1.05490148067474
2005-01-18;1.04964203635272;1.06241545737527;1.01808512270774;1.06166398525238;1006460000;1.06166398525238
2005-01-19;1.05925944994468;1.07383535738595;1.04813965137661;1.05009281635284;751895200;1.05009281635284
2005-01-20;1.04663684469144;1.07098108812133;1.04393220741215;1.05880856513977;914922400;1.05880856513977
2005-01-21;1.07158217049627;1.07593952538716;1.05189652870115;1.05925977230072;911332800;1.05925977230072
2005-01-24;1.0666229201619;1.07864476740353;1.06016092271603;1.06331658363342;841629600;1.06331658363342
2005-01-25;1.07248383729483;1.09457367709866;1.0660226386532;1.08270239830017;969231200;1.08270239830017
2005-01-26;1.09186877070373;1.09322103961977;1.07022996012994;1.08570802211761;739496800;1.08570802211761
2005-01-27;1.08435452345841;1.09577557462156;1.07518869101461;1.09156799316406;496227200;1.09156799316406
2005-01-28;1.09126779804839;1.11170411109924;1.08856235755385;1.11170411109924;801612000;1.11170411109924
2005-01-31;1.12072079585903;1.17046030486223;1.11966887533988;1.15558314323425;1681097600;1.15558314323425
2005-02-01;1.15783760022915;1.16865695325358;1.15077470506691;1.16505026817322;678395200;1.16505026817322
2005-02-02;1.17136128920511;1.20081445528997;1.16745415671734;1.19660687446594;1020062400;1.19660687446594
2005-02-03;1.18864282984113;1.19360188300378;1.16204497418528;1.16925764083862;731651200;1.16925764083862
2005-02-04;1.17015998194846;1.18608826327046;1.16505035221464;1.18473589420319;563556000;1.18473589420319
2005-02-07;1.18608820929001;1.19239963247786;1.1646000779842;1.18623888492584;524456800;1.18623888492584
2005-02-08;1.18819236581885;1.22290495177345;1.18398468236574;1.21569228172302;890019200;1.21569228172302
2005-02-09;1.21779558496442;1.2320711471033;1.17361592776976;1.18323278427124;1191456000;1.18323278427124
2005-02-10;1.18293229114533;1.19134745335849;1.1519770819337;1.17752301692963;1093019200;1.17752301692963
2005-02-11;1.20006303000961;1.22861485219602;1.18623859397148;1.22035026550293;1201054400;1.22035026550293
2005-02-14;1.24319099320236;1.27414700987378;1.23297323954105;1.27174282073975;1271463200;1.27174282073975
2005-02-15;1.302247568106;1.33861285299589;1.29232946218611;1.32854497432709;2312217600;1.32854497432709
2005-02-16;1.32463828802626;1.3554436336408;1.31261633740591;1.3543918132782;1639243200;1.3543918132782
2005-02-17;1.36220589069262;1.36566200037932;1.31411909810239;1.31952917575836;1518473600;1.31952917575836
2005-02-18;1.31847724273423;1.32028053492082;1.29608696665062;1.30450212955475;1163254400;1.30450212955475
2005-02-22;1.29683796305231;1.32689274008765;1.28166115283966;1.28166115283966;1219293600;1.28166115283966
2005-02-23;1.30314953222805;1.32914650445301;1.28556852914764;1.3258410692215;1345181600;1.3258410692215
2005-02-24;1.32959727322349;1.34206934412405;1.31832679542216;1.3363596200943;1519028000;1.3363596200943
2005-02-25;1.34672792643781;1.35108608354237;1.32523889343716;1.3372608423233;915510400;1.3372608423233
2005-02-28;1.3428210171477;1.35664636202351;1.32118230645821;1.3482311964035;651610400;1.3482311964035
2005-03-01;1.35213798993762;1.35574387234913;1.32719284752625;1.33741140365601;468188000;1.33741140365601
2005-03-02;1.32989769162466;1.34913231104591;1.32478886419119;1.32599055767059;458161200;1.32599055767059
2005-03-03;1.33350436853423;1.33470606191549;1.23883372203853;1.25596439838409;1411653600;1.25596439838409
2005-03-04;1.28511695751353;1.29262997284825;1.25776762752667;1.2866199016571;756618800;1.2866199016571
2005-03-07;1.28631876447722;1.2998436578988;1.27279477390563;1.28481662273407;450632000;1.28481662273407
2005-03-08;1.25927046543595;1.26708402881356;1.20517270679682;1.21809589862823;1021451200;1.21809589862823
2005-03-09;1.19134818139409;1.21058270632608;1.16700472716411;1.18263256549835;1322465200;1.18263256549835
2005-03-10;1.18804249516953;1.2099817564018;1.17511929723178;1.19705855846405;777109200;1.19705855846405
2005-03-11;1.2084784373445;1.21989948955116;1.19615694276097;1.21028172969818;632830800;1.21028172969818
2005-03-14;1.21779559434931;1.22591040958024;1.18774172629024;1.21178472042084;605385200;1.21178472042084
2005-03-15;1.22140240174861;1.2364293360515;1.20968090144071;1.23101925849915;508608800;1.23101925849915
2005-03-16;1.23853311101386;1.27159206376692;1.22560991810768;1.2376309633255;697813200;1.2376309633255
2005-03-17;1.24815008682804;1.28872386449374;1.24183866380449;1.26978969573975;801920000;1.26978969573975
2005-03-18;1.30224760020923;1.3055539365473;1.27730246172899;1.29112780094147;940150400;1.29112780094147
2005-03-21;1.30104542646567;1.32148244024417;1.28812223165403;1.31336772441864;541128000;1.31336772441864
2005-03-22;1.31366826206576;1.3211821818596;1.28271304324137;1.28722107410431;551415200;1.28722107410431
2005-03-23;1.27579996290442;1.30435179572373;1.26287676678081;1.27880585193634;609823200;1.27880585193634
2005-03-24;1.28962562136651;1.29233026006457;1.27730321884155;1.27730321884155;352704800;1.27730321884155
2005-03-28;1.28481692898209;1.29112835347099;1.27640176320801;1.27820515632629;275410800;1.27820515632629
2005-03-29;1.27910581773105;1.28722063163499;1.24724856229131;1.25476157665253;461356000;1.25476157665253
2005-03-30;1.2643796244043;1.2863187789917;1.2568657054705;1.2863187789917;394959600;1.2863187789917
2005-03-31;1.27579994251514;1.27790378391715;1.24995365099765;1.25235784053802;636134800;1.25235784053802
2005-04-01;1.26498039727538;1.26768583739631;1.21929859592895;1.22891545295715;641284000;1.22891545295715
2005-04-04;1.23192159532757;1.24153845355424;1.20697644919421;1.23492658138275;580014400;1.23492658138275
2005-04-05;1.23883378190099;1.26948855117961;1.23492654776056;1.25896954536438;556239600;1.25896954536438
2005-04-06;1.27429774984407;1.28662004739065;1.26678383080835;1.27219390869141;414825600;1.27219390869141
2005-04-07;1.27219357498039;1.31487028051133;1.26978938635561;1.30915975570679;506987600;1.30915975570679
2005-04-08;1.31336745441693;1.33590830478354;1.30855897641934;1.31456995010376;649950000;1.31456995010376
2005-04-11;1.32689231418931;1.32989729937659;1.25957091527943;1.25987136363983;821662800;1.25987136363983
2005-04-12;1.27700210369433;1.29804000896182;1.26257596820142;1.28211092948914;981061200;1.28211092948914
2005-04-13;1.2908274506718;1.29202914386647;1.21388838931649;1.23342335224152;1371946800;1.23342335224152
2005-04-14;1.16640253683718;1.18894349097717;1.1071959417159;1.11981868743896;2753192400;1.11981868743896
2005-04-15;1.10058416603838;1.11951823438618;1.06031163951025;1.06241548061371;1728087200;1.06241548061371
2005-04-18;1.05189692479292;1.09096777466777;1.02184294190607;1.07053065299988;1327177600;1.07053065299988
2005-04-19;1.09998326737636;1.12522875867571;1.07804321019122;1.11470985412598;1081642800;1.11470985412598
2005-04-20;1.13184080876941;1.13424499834417;1.06512028461089;1.06722402572632;945131600;1.06722402572632
2005-04-21;1.09397227592114;1.11831652192573;1.0789453413082;1.1174144744873;759592400;1.1174144744873
2005-04-22;1.10719602897634;1.11200531062367;1.04889147671755;1.06692349910736;839129200;1.06692349910736
2005-04-25;1.09667676157924;1.11260584174083;1.08525661386861;1.11140334606171;746460400;1.11140334606171
2005-04-26;1.10539211669126;1.12733216542306;1.08555671078182;1.08766055107117;810507600;1.08766055107117
2005-04-27;1.07864499622039;1.09276988474787;1.06722394298393;1.08044838905334;613888800;1.08044838905334
2005-04-28;1.09066601348819;1.09216895770554;1.05910910044025;1.06812596321106;575106000;1.06812596321106
2005-04-29;1.08645858131685;1.0888635732823;1.05850834933998;1.0837539434433;671630400;1.0837539434433
2005-05-02;1.08826179519478;1.1014862405485;1.08255217173561;1.09487366676331;465920000;1.09487366676331
2005-05-03;1.09397224945144;1.10419080550098;1.08285244851859;1.08826172351837;496739600;1.08826172351837
2005-05-04;1.08525690210733;1.11801541306145;1.08495645366189;1.11651337146759;448176400;1.11651337146759
2005-05-05;1.11951868803597;1.12011958510427;1.09607657988634;1.10238790512085;387366000;1.10238790512085
2005-05-06;1.10869898595305;1.12192262969555;1.10569389964568;1.11921799182892;326247600;1.11921799182892
2005-05-09;1.12042024909655;1.12552907530062;1.1044911683478;1.11110293865204;355695200;1.11110293865204
2005-05-10;1.10449124773856;1.11951818190406;1.09186850265955;1.09457314014435;440263600;1.09457314014435
2005-05-11;1.05790723557729;1.07203292265948;0.995093868069085;1.07022953033447;2041981200;1.07022953033447
2005-05-12;1.06451953433789;1.06962836265052;1.02184280606487;1.025750041008;970242000;1.025750041008
2005-05-13;1.02785332879996;1.0588085392158;1.02394619589783;1.04498410224915;702713200;1.04498410224915
2005-05-16;1.03867284853817;1.0729344009898;1.03777080107102;1.06842637062073;474294800;1.06842637062073
2005-05-17;1.0561041165649;1.06572177674846;1.03807129213116;1.06271588802338;588344400;1.06271588802338
2005-05-18;1.06542026326355;1.12883533079351;1.05159582689465;1.07714176177979;636722800;1.07714176177979
2005-05-19;1.07533870895724;1.13244157019272;1.07533870895724;1.12853443622589;793161600;1.12853443622589
2005-05-20;1.11951837449224;1.13154032515939;1.11771508189217;1.12853443622589;452650800;1.12853443622589
2005-05-23;1.13755141839441;1.19916221656569;1.13755141839441;1.19495463371277;1042574400;1.19495463371277
2005-05-24;1.18563799973955;1.20186662860116;1.17301525355643;1.19315111637115;593460000;1.19315111637115
2005-05-25;1.18714004666402;1.20066483925665;1.18173077165361;1.19555521011353;396006800;1.19555521011353
2005-05-26;1.2003644409401;1.23041830824017;1.2003644409401;1.2244074344635;525520800;1.2244074344635
2005-05-27;1.22140233188739;1.22591036176208;1.2024681650204;1.21899724006653;316008000;1.21899724006653
2005-05-31;1.22200352393395;1.22440781399989;1.18954455471847;1.19495463371277;404205200;1.19495463371277
2005-06-01;1.19886160819833;1.22500834476766;1.19795946041721;1.2111839056015;453812800;1.2111839056015
2005-06-02;1.20367018513692;1.21178500225518;1.19014619215661;1.20336973667145;373973600;1.20336973667145
2005-06-03;1.14686765643054;1.15949040308746;1.13514705761463;1.14927184581757;956869200;1.14927184581757
2005-06-06;1.15197751311237;1.16099347509639;1.12883575820602;1.13965511322021;811966400;1.13965511322021
2005-06-07;1.13003705555896;1.13394418840163;1.09547506081852;1.09817969799042;745264800;1.09817969799042
2005-06-08;1.10088481022947;1.11951853549329;1.09908151737006;1.10960042476654;404006400;1.10960042476654
2005-06-09;1.11200521415419;1.14025579141244;1.10659513641822;1.13154017925262;390255600;1.13154017925262
2005-06-10;1.12402657199031;1.12402657199031;1.0675245992787;1.07624101638794;678932800;1.07624101638794
2005-06-13;1.07864518825974;1.10028400009091;1.07654144693287;1.07894563674927;435772400;1.07894563674927
2005-06-14;1.07954601768518;1.08645833661634;1.07443719153023;1.0819503068924;347846800;1.0819503068924
2005-06-15;1.10809861167429;1.12102171158426;1.09096782755712;1.1159120798111;563343200;1.1159120798111
2005-06-16;1.11771492372622;1.14446335890879;1.10659512251604;1.14145827293396;547674400;1.14145827293396
2005-06-17;1.15618517224888;1.15828891357038;1.13694974774964;1.15137588977814;596125600;1.15137588977814
2005-06-20;1.13755094583168;1.14476361239985;1.12552899891269;1.13033747673035;323716400;1.13033747673035
2005-06-21;1.13364413279626;1.14776982409319;1.12342557534989;1.13785171508789;370526800;1.13785171508789
2005-06-22;1.14987327543208;1.16009102777124;1.14626659093108;1.15858888626099;424925200;1.15858888626099
2005-06-23;1.16700447112758;1.19555550277141;1.16159439225954;1.16880786418915;674254000;1.16880786418915
2005-06-24;1.17481756902693;1.17571971670011;1.13244130628421;1.134845495224;410709600;1.134845495224
2005-06-27;1.10719565781602;1.14506388527529;1.102387180314;1.11501002311707;600171600;1.11501002311707
2005-06-28;1.12673185648127;1.1297368423255;1.11711409607968;1.12132167816162;350299600;1.12132167816162
2005-06-29;1.1189176145527;1.12072100752851;1.0855573022589;1.0930712223053;448358400;1.0930712223053
2005-06-30;1.10028365770406;1.11681353595244;1.09126759758977;1.10629463195801;418390000;1.10629463195801
2005-07-01;1.10689546090599;1.11110304269053;1.09066603057753;1.09697735309601;250000800;1.09697735309601
2005-07-05;1.09848030696402;1.14656709966117;1.09697736270995;1.14145827293396;454269200;1.14145827293396
2005-07-06;1.13334401240596;1.14686800820195;1.11801572037455;1.12372624874115;394626400;1.12372624874115
2005-07-07;1.10629490331567;1.13484583422514;1.10599445484594;1.13093960285187;383723200;1.13093960285187
2005-07-08;1.13815259306321;1.15047499755025;1.12613073747382;1.14957284927368;290735200;1.14957284927368
2005-07-11;1.15317893079366;1.1615940941434;1.13544725890314;1.14506411552429;388788400;1.14506411552429
2005-07-12;1.14897149769837;1.15408112744167;1.13935463983361;1.14927184581757;387038400;1.14927184581757
2005-07-13;1.15077496078259;1.15708638520486;1.13905355769593;1.15257835388184;684835200;1.15257835388184
2005-07-14;1.22591079599577;1.26257654664846;1.209080464071;1.22470819950104;2096060400;1.22470819950104
2005-07-15;1.23131973289972;1.24935255602726;1.21599234987212;1.24875175952911;687682800;1.24875175952911
2005-07-18;1.244544410207;1.26528107224177;1.2433418138194;1.24694859981537;586297600;1.24694859981537
2005-07-19;1.24784952147495;1.29924264735532;1.23432553208708;1.29804015159607;671062000;1.29804015159607
2005-07-20;1.28812226670439;1.3163736489645;1.28181084318317;1.31126391887665;453395600;1.31126391887665
2005-07-21;1.31336747497975;1.32358603008659;1.2893244827155;1.30104517936707;404264000;1.30104517936707
2005-07-22;1.30555414956981;1.32238447666168;1.30405120533304;1.32238447666168;301106400;1.32238447666168
2005-07-25;1.3220836284122;1.33080004555036;1.31427016182774;1.3166743516922;294627200;1.3166743516922
2005-07-26;1.32268507248572;1.32569005844421;1.30314920283031;1.31126391887665;268592800;1.31126391887665
2005-07-27;1.31727451862157;1.32448798761667;1.28241217718632;1.32208299636841;283749200;1.32208299636841
2005-07-28;1.31787560910912;1.32238444170021;1.30134653339157;1.31637346744537;251311200;1.31637346744537
2005-07-29;1.30916058047588;1.33380528494723;1.27009063485131;1.2818112373352;562080400;1.2818112373352
2005-08-01;1.27940654498544;1.29473392824546;1.26467995823268;1.28481662273407;314249600;1.28481662273407
2005-08-02;1.28902409179305;1.3073565594681;1.28060892876136;1.29804015159607;296875600;1.29804015159607
2005-08-03;1.29804000987384;1.30164669422457;1.28541726670448;1.29894125461578;258322400;1.29894125461578
2005-08-04;1.28902411680114;1.29232965100752;1.27099129462866;1.28361403942108;269304000;1.28361403942108
2005-08-05;1.27700256272449;1.30314930318546;1.26287677018994;1.29202950000763;241931200;1.29202950000763
2005-08-08;1.29233024633291;1.2998441681314;1.28060954353231;1.2818112373352;176383200;1.2818112373352
2005-08-09;1.29022598302172;1.31907826160573;1.28962518647485;1.31697452068329;380839200;1.31697452068329
2005-08-10;1.32238447308498;1.33410507062681;1.30164691236358;1.30375075340271;360945200;1.30375075340271
2005-08-11;1.30405120533304;1.3259903590933;1.29984362356007;1.32238447666168;271983600;1.32238447666168
2005-08-12;1.30615468625291;1.38910390969672;1.30314879837729;1.38549792766571;916036800;1.38549792766571
2005-08-15;1.396918454753;1.4525183630937;1.39601720985628;1.4329833984375;1086727600;1.4329833984375
2005-08-16;1.42426773436554;1.42757407112688;1.38880368878747;1.39000618457794;537622400;1.39000618457794
2005-08-17;1.39451439400487;1.42577086197909;1.39361224617514;1.41705524921417;499724400;1.41705524921417
2005-08-18;1.40984173249218;1.41254637019341;1.37497938288172;1.39150846004486;442559600;1.39150846004486
2005-08-19;1.39090782171628;1.40353067046818;1.37558043507713;1.37738382816315;376569200;1.37738382816315
2005-08-22;1.38699990341308;1.40503282091364;1.36025227958682;1.37858474254608;387732800;1.37858474254608
2005-08-23;1.3779843525087;1.38549817066582;1.36205527068693;1.37467801570892;295604400;1.37467801570892
2005-08-24;1.37047079958642;1.41615341370824;1.37017035110932;1.37558043003082;572070800;1.37558043003082
2005-08-25;1.38609933334347;1.39721913629706;1.37678202048406;1.38429594039917;276253600;1.38429594039917
2005-08-26;1.38609906745974;1.39271083820936;1.36325776649139;1.37467801570892;261058000;1.37467801570892
2005-08-29;1.36055404499325;1.38339536133921;1.36025359639402;1.37768483161926;256295200;1.37768483161926
2005-08-30;1.38219191347252;1.4062349073518;1.38008807250872;1.39962303638458;518761600;1.39962303638458
2005-08-31;1.40833893239131;1.41344866274473;1.39060735750617;1.40924108028412;402956400;1.40924108028412
2005-09-01;1.41254631383083;1.41765604345708;1.38519698157065;1.3903067111969;356367200;1.3903067111969
2005-09-02;1.39150807808428;1.40653591217726;1.38609880416661;1.38910388946533;222378800;1.38910388946533
2005-09-06;1.4035306644148;1.46904859603402;1.3990226331443;1.46664440631866;818619200;1.46664440631866
2005-09-07;1.47415845575842;1.48467746382099;1.4401973419617;1.4630378484726;963074000;1.4630378484726
2005-09-08;1.48317399475711;1.50631564380703;1.47686257208743;1.49609708786011;702640400;1.49609708786011
2005-09-09;1.50481330638419;1.54328325629153;1.49639813964253;1.54208076000214;615641600;1.54208076000214
2005-09-12;1.5357688244408;1.55169790635262;1.52014099346092;1.54478478431702;452796400;1.54478478431702
2005-09-13;1.5333645182951;1.54147933352008;1.51232661003586;1.52735364437103;492884000;1.52735364437103
2005-09-14;1.53456596737293;1.53847320032433;1.48647998679865;1.49098801612854;474426400;1.49098801612854
2005-09-15;1.5027090612908;1.50811913913808;1.48257319895555;1.49880182743073;415156000;1.49880182743073
2005-09-16;1.50962229671631;1.53907537460327;1.50120713160575;1.53907537460327;591004400;1.53907537460327
2005-09-19;1.5342658877163;1.58956614938788;1.5342658877163;1.58205223083496;783731200;1.58205223083496
2005-09-20;1.59257139314641;1.61721598909883;1.59046755192039;1.59858226776123;819828800;1.59858226776123
2005-09-21;1.59167011114723;1.59437474902393;1.55861034960949;1.5661233663559;434747600;1.5661233663559
2005-09-22;1.55921117204554;1.57694364940941;1.54238084255559;1.55981206893921;463727600;1.55981206893921
2005-09-23;1.56582293222365;1.60789885595164;1.55800946696399;1.59888279438019;558457200;1.59888279438019
2005-09-26;1.62382797858326;1.63975616045613;1.60248961792992;1.61811745166779;546562800;1.61811745166779
2005-09-27;1.62052157287492;1.63013923337365;1.60579498479615;1.60609543323517;341703600;1.60609543323517
2005-09-28;1.59497591707883;1.5961784132674;1.52044181862606;1.53516840934753;1125544000;1.53516840934753
2005-09-29;1.53967598800822;1.58054930997833;1.52705324266672;1.57303619384766;636846000;1.57303619384766
2005-09-30;1.57273608161971;1.61240691370428;1.55921118650292;1.61120522022247;531633200;1.61120522022247
2005-10-03;1.62773543199397;1.63915568553258;1.6133092889152;1.636150598526;507553200;1.636150598526
2005-10-04;1.65147768073563;1.66349963160096;1.61210649386846;1.61541283130646;539459200;1.61541283130646
2005-10-05;1.63284356737276;1.63374571505532;1.58535847787699;1.58625972270966;610769600;1.58625972270966
2005-10-06;1.59888292689072;1.6075985407399;1.52885696572765;1.55380201339722;757537200;1.55380201339722
2005-10-07;1.55440296298767;1.56071428707787;1.51923925539689;1.54178011417389;677882800;1.54178011417389
2005-10-10;1.55560415543638;1.56011308843678;1.51112414883651;1.51382958889008;507505600;1.51382958889008
2005-10-11;1.5396761514867;1.55891066978744;1.514731006243;1.55049550533295;1225884800;1.55049550533295
2005-10-12;1.46213625097017;1.51172609548769;1.43869414927617;1.48016917705536;2697486400;1.48016917705536
2005-10-13;1.48587895672731;1.62142374762812;1.48077002874643;1.61511242389679;1865575600;1.61511242389679
2005-10-14;1.62382766765896;1.63344452418827;1.58656022941848;1.62292551994324;1035552000;1.62292551994324
2005-10-17;1.62232496572573;1.62983888525131;1.58325493160286;1.60609543323517;616834400;1.60609543323517
2005-10-18;1.60038545388054;1.62142336184052;1.56882854178224;1.56912899017334;609588000;1.56912899017334
2005-10-19;1.56492145416703;1.65177782627359;1.53907506707995;1.65117692947388;1008683200;1.65117692947388
2005-10-20;1.63705141222181;1.6980615039721;1.63344472692778;1.6872421503067;1357762000;1.6872421503067
2005-10-21;1.70827960394747;1.71248728554215;1.66379960231777;1.67281556129456;796726000;1.67281556129456
2005-10-24;1.66049322600908;1.70677661895752;1.65568474810899;1.70677661895752;609753200;1.70677661895752
2005-10-25;1.69505595138578;1.70857983879659;1.67371759804072;1.68603909015656;465127600;1.68603909015656
2005-10-26;1.69144973152447;1.72991876974309;1.6806303772234;1.71399068832397;631593200;1.71399068832397
2005-10-27;1.71278809178636;1.71338898868448;1.66530299186707;1.66530299186707;411541200;1.66530299186707
2005-10-28;1.68423699381953;1.69595759197355;1.62803538343398;1.63705134391785;769787200;1.63705134391785
2005-10-31;1.65899179252524;1.74254185278496;1.64546689560421;1.7308212518692;940844800;1.7308212518692
2005-11-01;1.72030197420895;1.7473507606377;1.70918126885151;1.72811543941498;749686000;1.72811543941498
2005-11-02;1.73472891301629;1.8032520553435;1.73112212561118;1.80174911022186;857060400;1.80174911022186
2005-11-03;1.81106499572782;1.87297621744178;1.80535437023599;1.85885143280029;884382800;1.85885143280029
2005-11-04;1.81377007213276;1.84051871168905;1.79183101536871;1.83781397342682;878035200;1.83781397342682
2005-11-07;1.82879663852841;1.85344143037906;1.80745828352149;1.81016302108765;638831200;1.81016302108765
2005-11-08;1.80174873861442;1.81467273981422;1.77620268948427;1.80024659633636;473765600;1.80024659633636
2005-11-09;1.80325094203109;1.83961613239315;1.80325094203109;1.80655717849731;552930000;1.80655717849731
2005-11-10;1.82248540864569;1.83931573480262;1.77349737432817;1.83871483802795;665344400;1.83871483802795
2005-11-11;1.84953510761261;1.86666599097173;1.84352413055087;1.84953510761261;425448800;1.84953510761261
2005-11-14;1.84953442862292;1.86275817203729;1.83060045972961;1.84682989120483;369933200;1.84682989120483
2005-11-15;1.85133791726514;1.89581792728542;1.84713023487673;1.87177503108978;536841200;1.87177503108978
2005-11-16;1.89792203274547;1.95532524539913;1.89611853940884;1.95201981067657;784515200;1.95201981067657
2005-11-17;1.97125501310708;1.97997073022228;1.93098246529783;1.93909728527069;676205600;1.93909728527069
2005-11-18;1.96283879593771;1.96644558129829;1.93458821874093;1.94029784202576;524960800;1.94029784202576
2005-11-21;1.9481116650462;1.95923136237633;1.91505171725081;1.95231914520264;511711200;1.95231914520264
2005-11-22;1.94871344131986;2.00641800732022;1.93909668243104;1.99920463562012;540282400;1.99920463562012
2005-11-23;2.01002328108745;2.04308303490103;2.00431365854288;2.01693630218506;485853200;2.01693630218506
2005-11-25;2.03346691882565;2.08996808366048;2.02865753640058;2.08395791053772;395012800;2.08395791053772
2005-11-28;2.1254319285221;2.13595093474779;2.07584298696776;2.09357476234436;1018519600;2.09357476234436
2005-11-29;2.10349298018893;2.11280939055894;2.02414950593514;2.04669046401978;891433200;2.04669046401978
2005-11-30;2.05660779477503;2.06923063824198;2.02925846779105;2.03827452659607;595674800;2.03827452659607
2005-12-01;2.07223663755849;2.15578739870303;2.06802895433608;2.15188026428223;812893200;2.15188026428223
2005-12-02;2.17201593588937;2.18614172894719;2.12483138116742;2.18283629417419;895762000;2.18283629417419
2005-12-05;2.16239874494975;2.17982996929624;2.14857350344392;2.15849161148071;583671200;2.15849161148071
2005-12-06;2.22190548128313;2.24895426120289;2.2044742593437;2.22551226615906;857029600;2.22551226615906
2005-12-07;2.23092144695992;2.23783446773465;2.19756194854936;2.22250628471375;679464800;2.22250628471375
2005-12-08;2.19996597179029;2.22911878973421;2.18193305269103;2.22641324996948;790479200;2.22641324996948
2005-12-09;2.23032141745585;2.24174247215211;2.20447502395227;2.23392820358276;555402400;2.23392820358276
2005-12-12;2.25015743053232;2.26458276801171;2.24084021823165;2.25135922431946;524994400;2.25135922431946
2005-12-13;2.24955541964026;2.26788869103971;2.23032090334191;2.25346255302429;493816400;2.25346255302429
2005-12-14;2.1798301465342;2.20297179860166;2.11190793409594;2.16420221328735;1450716400;2.16420221328735
2005-12-15;2.18433880253261;2.18974888226561;2.14436660949695;2.16931176185608;561162000;2.16931176185608
2005-12-16;2.16811003174192;2.17291861267227;2.13565115745335;2.13715410232544;671171200;2.13715410232544
2005-12-19;2.13715358553478;2.18193394858498;2.13504974410937;2.145268201828;529295200;2.145268201828
2005-12-20;2.15278110194546;2.17532205716561;2.13745371786511;2.16720724105835;479108000;2.16720724105835
2005-12-21;2.1819330139126;2.21228822655693;2.18012972203472;2.20898199081421;475736800;2.20898199081421
2005-12-22;2.22130513262149;2.23873635886186;2.21198792039585;2.2246105670929;370610800;2.2246105670929
2005-12-23;2.22911876080308;2.23182329736631;2.20297102844851;2.20447397232056;229857600;2.20447397232056
2005-12-27;2.22401000149411;2.25947395484708;2.22250705696726;2.23092222213745;590590000;2.23092222213745
2005-12-28;2.23813529620223;2.24685100899355;2.20357259250907;2.21108651161194;398115200;2.21108651161194
2005-12-29;2.21739781889479;2.21860041510813;2.14646972147474;2.14737176895142;490025200;2.14737176895142
2005-12-30;2.13114224402542;2.17682484745522;2.1140113680559;2.1605954170227;624262800;2.1605954170227
2006-01-03;2.17532095651395;2.24654936790466;2.17141382480958;2.24654936790466;807234400;2.24654936790466
2006-01-04;2.25797076269834;2.28351680418609;2.23903659298349;2.2531623840332;619603600;2.2531623840332
2006-01-05;2.24895508765182;2.25105892923314;2.21649702134031;2.23543119430542;449422400;2.23543119430542
2006-01-06;2.26157763394794;2.3051564011974;2.24053962221601;2.29313445091248;704457600;2.29313445091248
2006-01-09;2.30605756510583;2.32018335619387;2.27630404173037;2.28562045097351;675040800;2.28562045097351
2006-01-10;2.29163153409366;2.46113762438572;2.27900888740916;2.4301815032959;2279869200;2.4301815032959
2006-01-11;2.51974307152189;2.5485943440274;2.48217508365784;2.52154636383057;1493794400;2.52154636383057
2006-01-12;2.55370389351853;2.59668115337962;2.51313102323288;2.53326678276062;1280809600;2.53326678276062
2006-01-13;2.55430470618877;2.58496027099977;2.5425841099276;2.57233762741089;776305600;2.57233762741089
2006-01-17;2.57564361675221;2.59608073124653;2.52064459959207;2.54589009284973;835623600;2.54589009284973
2006-01-18;2.49690242523486;2.5260550566395;2.45993532447597;2.47916984558105;1200637200;2.47916984558105
2006-01-19;2.44190355977087;2.45422586061982;2.36646741186073;2.37548327445984;1695848000;2.37548327445984
2006-01-20;2.38269627819462;2.40553677900342;2.27900876692031;2.2868230342865;1134758800;2.2868230342865
2006-01-23;2.28712264929833;2.39111067598584;2.28411776471299;2.334308385849;1059730000;2.334308385849
2006-01-24;2.36706774175233;2.38690416121299;2.27720546518943;2.28532028198242;1142254400;2.28532028198242
2006-01-25;2.32589306028689;2.32919869420604;2.20146812480902;2.23002004623413;1275786400;2.23002004623413
2006-01-26;2.23993952132412;2.26698831475448;2.16179862940309;2.17381978034973;1181387200;2.17381978034973
2006-01-27;2.19245295124891;2.21198801969352;2.13685303302709;2.16480326652527;953864800;2.16480326652527
2006-01-30;2.13895664793913;2.30215040192852;2.12993978439126;2.25406360626221;1398401200;2.25406360626221
2006-01-31;2.26909190379824;2.29433740139379;2.2164970669825;2.26939225196838;913542000;2.26939225196838
2006-02-01;2.25256168815611;2.29794314837833;2.24324447557357;2.26668667793274;521186400;2.26668667793274
2006-02-02;2.25706969660081;2.26488396460929;2.16540412758612;2.16690707206726;707322000;2.16690707206726
2006-02-03;2.17111423399367;2.18764421324798;2.13504939013275;2.15939283370972;692123600;2.15939283370972
2006-02-06;2.16450334531811;2.17922983690823;2.00581657056487;2.0226469039917;1651767600;2.0226469039917
2006-02-07;2.05179962443649;2.08816583065344;2.00401396760937;2.03166365623474;1388830800;2.03166365623474
2006-02-08;2.05840926621446;2.07614182955177;1.98357489159773;2.06802701950073;953114400;2.06802701950073
2006-02-09;2.07674434585185;2.08065168067562;1.93939696238709;1.95201981067657;1149764000;1.95201981067657
2006-02-10;1.95893121196335;2.03376642340961;1.89040812423808;2.02294707298279;1760477600;2.02294707298279
2006-02-13;2.00250992228699;2.00611670674138;1.94270174375321;1.94480538368225;883498000;1.94480538368225
2006-02-14;1.95652721047864;2.04668981021498;1.95352212487627;2.03286457061768;1160938800;2.03286457061768
2006-02-15;2.01843883716234;2.09237282573;2.00611734170666;2.08035087585449;1159771200;2.08035087585449
2006-02-16;2.10108925194811;2.13414822089387;2.08816605271199;2.12092447280884;948175200;2.12092447280884
2006-02-17;2.11280932257695;2.13054170019788;2.09207185849037;2.11250877380371;575999200;2.11250877380371
2006-02-21;2.12152427402833;2.12783559596191;2.06412107860548;2.07614302635193;779606800;2.07614302635193
2006-02-22;2.07373860502466;2.15398309090588;2.04368373902689;2.14346408843994;978238800;2.14346408843994
2006-02-23;2.15759087924185;2.19395608021775;2.1467705205488;2.15638828277588;856917600;2.15638828277588
2006-02-24;2.16810956921758;2.19064972482216;2.13985818419079;2.14767265319824;534744000;2.14767265319824
2006-02-27;2.16359997864889;2.16750731210236;2.12332765953305;2.1335461139679;791240800;2.1335461139679
2006-02-28;2.15127929344036;2.17592329115847;2.04669052104197;2.05841112136841;1266980400;2.05841112136841
2006-03-01;2.06893004973238;2.08846592105586;2.04428625358503;2.07674431800842;763817600;2.07674431800842
2006-03-02;2.07343922421177;2.10349330460411;2.06382166167547;2.09207224845886;625273600;2.09207224845886
2006-03-03;2.08576024843252;2.10108863650359;2.02955963648337;2.03526926040649;737668400;2.03526926040649
2006-03-06;2.0343677863557;2.03526903127014;1.95171909338817;1.96794772148132;912665600;1.96794772148132
2006-03-07;1.97636308100845;2.01062543865138;1.95592676871216;1.99289286136627;872877600;1.99289286136627
2006-03-08;1.99229160412187;2.01964093139035;1.96404103210344;1.97335743904114;653251200;1.97335743904114
2006-03-09;1.98297662301469;1.99770311727379;1.9177589186909;1.92136490345001;799304800;1.92136490345001
2006-03-10;1.924970452004;1.93819419469032;1.87688365897801;1.8991242647171;1043142800;1.8991242647171
2006-03-13;1.95502479796026;1.99199169459968;1.94721133250973;1.97395896911621;861187600;1.97395896911621
2006-03-14;1.97666410667;2.02324795722961;1.96854949138263;2.02324795722961;642020400;2.02324795722961
2006-03-15;2.03496849511028;2.04488660218577;1.9691499350394;1.99048829078674;891996000;1.99048829078674
2006-03-16;2.00912340017155;2.01062634526664;1.93248543896167;1.932785987854;749638400;1.932785987854
2006-03-17;1.94600824122472;1.96975078537315;1.92677372682558;1.94330370426178;812042000;1.94330370426178
2006-03-20;1.96013432208247;1.96734688987035;1.91956044322145;1.92316722869873;605441200;1.92316722869873
2006-03-21;1.85764896869659;1.93368598361619;1.845026324643;1.85764896869659;1345366400;1.85764896869659
2006-03-22;1.86816892292862;1.90092834642131;1.84142047645603;1.85344243049622;1345895600;1.85344243049622
2006-03-23;1.85795003069008;1.86035442119878;1.79153074922098;1.80805993080139;1427826400;1.80805993080139
2006-03-24;1.81076511164832;1.83150257439199;1.77409836432132;1.80204939842224;1071980000;1.80204939842224
2006-03-27;1.81376988106625;1.84472599945466;1.7852189550873;1.78852438926697;1108072000;1.78852438926697
2006-03-28;1.79213171064236;1.80745909878621;1.75065677540971;1.76448202133179;1370322800;1.76448202133179
2006-03-29;1.7771038222769;1.8789872168715;1.73322471803097;1.87327659130096;2346834000;1.87327659130096
2006-03-30;1.88800290728049;1.90242904051312;1.84923333881548;1.88589906692505;1390650800;1.88589906692505
2006-03-31;1.90092704207867;1.91174639202419;1.87057182958918;1.88499796390533;815357200;1.88499796390533
2006-04-03;1.9135507681181;1.92707466084483;1.88169259706076;1.88289499282837;815791200;1.88289499282837
2006-04-04;1.86636469806417;1.86997148349673;1.83480788360431;1.83841466903687;931924000;1.83841466903687
2006-04-05;1.94480602356497;2.01994180679321;1.92797569479545;2.01994180679321;2233408800;2.01994180679321
2006-04-06;2.05270194826648;2.16540476027983;2.04969605842592;2.14106130599976;2663768800;2.14106130599976
2006-04-07;2.13174279653496;2.14015795879883;2.05780962820945;2.09748125076294;1545238800;2.09748125076294
2006-04-10;2.11250832542507;2.1317430415629;2.05720896795375;2.06382083892822;903515200;2.06382083892822
2006-04-11;2.07343802481625;2.08275443123395;2.01573348551166;2.04338335990906;939316000;2.04338335990906
2006-04-12;2.04398521058374;2.04879358815997;1.99259198860102;2.00491428375244;739894400;2.00491428375244
2006-04-13;1.99379475018173;2.02685370303888;1.97786566894183;1.99770188331604;734678000;1.99770188331604
2006-04-17;1.99890360095911;2.00882170876511;1.93398648157131;1.94781172275543;721938000;1.94781172275543
2006-04-18;1.95472362273707;1.99770168160841;1.94721070846291;1.99018776416779;794844400;1.99018776416779
2006-04-19;2.00822122998764;2.01363050565833;1.96764734884049;1.97305762767792;1086033200;1.97305762767792
2006-04-20;2.08906611089499;2.10379259485633;1.98958690603647;2.03256416320801;1666982800;2.03256416320801
2006-04-21;2.04939459323669;2.06291928444718;1.99770182300969;2.01483249664307;788986800;2.01483249664307
2006-04-24;2.00912274069606;2.0112265822518;1.96854985734974;1.9760627746582;707028000;1.9760627746582
2006-04-25;1.98237368977049;2.00130765605014;1.97035254425321;1.98868501186371;529062800;1.98868501186371
2006-04-26;2.00311033916497;2.05209835323506;1.99559722657039;2.04819202423096;710886400;2.04819202423096
2006-04-27;2.03556998167519;2.09958484159383;2.0241487310304;2.08455801010132;845947200;2.08455801010132
2006-04-28;2.08515949409484;2.14286385140772;2.07975021844991;2.11551451683044;760037600;2.11551451683044
2006-05-01;2.12693424241716;2.15007608937944;2.07854710901112;2.0917706489563;750380400;2.0917706489563
2006-05-02;2.10830187716939;2.16330091351346;2.10710008300938;2.15248155593872;771663200;2.15248155593872
2006-05-03;2.15879134917148;2.16239813352563;2.10920242807557;2.13805389404297;686991200;2.13805389404297
2006-05-04;2.14045945540352;2.19065010787732;2.11761894765483;2.13775491714478;860420400;2.13775491714478
2006-05-05;2.15969397148571;2.17141476979995;2.13835481148803;2.1605954170227;563911600;2.1605954170227
2006-05-08;2.19365517470129;2.21799861813342;2.15548648999085;2.1605954170227;594851600;2.1605954170227
2006-05-09;2.15849172234683;2.18073212875651;2.12242667562123;2.13474917411804;531666800;2.13474917411804
2006-05-10;2.14256307402857;2.14376546988139;2.09207207861253;2.12182641029358;459888800;2.12182641029358
2006-05-11;2.12753444169178;2.12903738522386;2.03015910944469;2.04819202423096;812688800;2.04819202423096
2006-05-12;2.03917599865504;2.06442148776991;2.00942247963514;2.03466796875;641774000;2.03466796875
2006-05-15;2.02475021884701;2.05510544252836;2.01723710185728;2.03737306594849;529177600;2.03737306594849
2006-05-16;2.04668969707891;2.05119772649988;1.94600809949989;1.95292031764984;936740000;1.95292031764984
2006-05-17;1.94480556307951;1.97456008298168;1.92557104949246;1.96133553981781;754194000;1.96133553981781
2006-05-18;1.97395858963098;1.99139061549269;1.89702032662385;1.89882361888885;658442400;1.89882361888885
2006-05-19;1.9012284023246;1.94991610490115;1.88800405428023;1.93879640102386;985866000;1.93879640102386
2006-05-22;1.91956112014448;1.92316790689367;1.88650215185028;1.90483462810516;718975600;1.90483462810516
2006-05-23;1.9493152011491;1.95923250913934;1.89341412681839;1.89792215824127;694414000;1.89792215824127
2006-05-24;1.89311359656724;1.91294901317347;1.85013552303133;1.90363240242004;916031200;1.90363240242004
2006-05-25;1.93128089841968;1.93699132103356;1.90212808949944;1.93338453769684;463372000;1.93338453769684
2006-05-26;1.93278536464992;1.94029828200197;1.89762175748567;1.9099440574646;432950000;1.9099440574646
2006-05-30;1.90212936602245;1.90242991478277;1.83991777896881;1.83991777896881;563402000;1.83991777896881
2006-05-31;1.85614581753902;1.85704786479933;1.76387938384667;1.79633843898773;1280977600;1.79633843898773
2006-06-01;1.79874302321069;1.87177496032952;1.78882491509867;1.86846852302551;942508000;1.86846852302551
2006-06-02;1.89311349010364;1.89641892454095;1.82969910661142;1.85314130783081;685787200;1.85314130783081
2006-06-05;1.83781348734436;1.83781348734436;1.80234954484889;1.80325078964233;605785600;1.80325078964233
2006-06-06;1.80986263982456;1.82218513720645;1.77049236301239;1.79483580589294;726037200;1.79483580589294
2006-06-07;1.80625739663158;1.81527345955371;1.75366255933;1.75997388362885;750506400;1.75997388362885
2006-06-08;1.75636666170361;1.83120108894369;1.71759627657402;1.82609236240387;1397482800;1.82609236240387
2006-06-09;1.83871555734849;1.85013581066795;1.77620260626243;1.7804102897644;775838000;1.7804102897644
2006-06-12;1.78521921608303;1.79513652323859;1.71188691920692;1.71308851242065;717785600;1.71308851242065
2006-06-13;1.73142155287147;1.77620211099864;1.72390783442731;1.75306046009064;1080643200;1.75306046009064
2006-06-14;1.75155799392466;1.7665850267634;1.70377155600289;1.73142123222351;878136000;1.73142123222351
2006-06-15;1.72210482753602;1.79543629847939;1.70557505126219;1.78461694717407;1190383600;1.78461694717407
2006-06-16;1.77199498597983;1.77890800960661;1.72871736346367;1.72991895675659;838101600;1.72991895675659
2006-06-19;1.73803381430575;1.74855282185362;1.71308866474268;1.71909964084625;704575200;1.71909964084625
2006-06-20;1.73142122123832;1.7536618235731;1.72180366347192;1.72721374034882;672974400;1.72721374034882
2006-06-21;1.73532876676865;1.76448139041054;1.72210502449053;1.73893535137177;863296000;1.73893535137177
2006-06-22;1.74915303990748;1.79573768536187;1.7452467094899;1.79062795639038;965633200;1.79062795639038
2006-06-23;1.79483566246648;1.80836055426745;1.76508214443087;1.76808702945709;660203600;1.76808702945709
2006-06-26;1.77830616188962;1.77920820947598;1.75426306256611;1.77289688587189;466536000;1.77289688587189
2006-06-27;1.77590168109222;1.77980881450321;1.72511015054929;1.72601139545441;550611600;1.72601139545441
2006-06-28;1.7218039197324;1.72210507035731;1.66530276577859;1.68363523483276;850704400;1.68363523483276
2006-06-29;1.70587584741964;1.77590190314962;1.69475594451074;1.77229511737823;873398400;1.77229511737823
2006-06-30;1.73082120858566;1.73562958810092;1.69806179077491;1.72120344638824;739695600;1.72120344638824
2006-07-03;1.72871654239397;1.74855195112478;1.72330646596144;1.74163973331451;194770800;1.74163973331451
2006-07-05;1.71759654346412;1.73112143912795;1.69986496806873;1.71308851242065;518240800;1.71308851242065
2006-07-06;1.71579418547402;1.72511059642356;1.67131326378689;1.67612254619598;633208800;1.67612254619598
2006-07-07;1.66740710017591;1.69956492234259;1.64306284542263;1.66500210762024;799360800;1.66500210762024
2006-07-10;1.67401859842871;1.6977611497162;1.6379537476903;1.65298068523407;529345600;1.65298068523407
2006-07-11;1.65628560706015;1.68273358918223;1.63885438602619;1.6725150346756;825022800;1.6725150346756
2006-07-12;1.65808930249386;1.66019314370463;1.59046754038833;1.59167003631592;927329200;1.59167003631592
2006-07-13;1.56371920558117;1.62653259314744;1.5450854831611;1.57033097743988;1249906000;1.57033097743988
2006-07-14;1.57784451264941;1.58956601190685;1.50751812533775;1.52284550666809;993036800;1.52284550666809
2006-07-17;1.55470338976682;1.59617842354506;1.55229919990774;1.57393801212311;1024542400;1.57393801212311
2006-07-18;1.5976803420755;1.61841780590366;1.55830995802239;1.58986687660217;1000448400;1.58986687660217
2006-07-19;1.59166994956163;1.65538467483391;1.57363712619747;1.62593150138855;1390743200;1.62593150138855
2006-07-20;1.83210399838637;1.8510379734216;1.79483654409618;1.81827855110168;1972146400;1.81827855110168
2006-07-21;1.79784191491784;1.83781389596773;1.79243183672134;1.82488989830017;891892400;1.82488989830017
2006-07-24;1.84111961198035;1.86636510923665;1.81617466352352;1.84592819213867;722856400;1.84592819213867
2006-07-25;1.85674773509579;1.8660641428933;1.82669286510403;1.86125576496124;589069600;1.86125576496124
2006-07-26;1.86336028814155;1.94270276637181;1.85374252558927;1.91956090927124;898427600;1.91956090927124
2006-07-27;1.938495244811;1.95412398486689;1.88920664029694;1.90543627738953;735044800;1.90543627738953
2006-07-28;1.92166495013175;1.97395944531942;1.90844140302274;1.97125470638275;691507600;1.97125470638275
2006-07-31;2.00852281741317;2.06261982079947;1.99199282638101;2.04248404502869;892841600;2.04248404502869
2006-08-01;2.02024170055937;2.04158005515626;1.98177267292833;2.01904010772705;711765600;2.01904010772705
2006-08-02;2.03316547366948;2.06412159560352;2.02895799153768;2.0484938621521;550768400;2.0484938621521
2006-08-03;2.0409797341513;2.10379301602029;2.03797464803509;2.09147071838379;841044400;2.09147071838379
2006-08-04;2.01513297512666;2.06201716525639;1.9523195041596;2.05270075798035;1852866400;2.05270075798035
2006-08-07;2.03526919117616;2.09177115249765;1.99289282050171;2.01994180679321;1245512800;2.01994180679321
2006-08-08;2.01633567952781;2.0169373791256;1.93879668477636;1.94691050052643;997864000;1.94691050052643
2006-08-09;1.96644508334325;1.9715538085132;1.90543511158996;1.91114473342896;955838800;1.91114473342896
2006-08-10;1.90092706029548;1.94781124489751;1.88439708530745;1.92557084560394;697760000;1.92557084560394
2006-08-11;1.90032600000467;1.9273749861216;1.88079093323876;1.91294884681702;777529200;1.91294884681702
2006-08-14;1.92497023580774;1.96013403155765;1.91144634718076;1.9216639995575;717620400;1.9216639995575
2006-08-15;1.96373957744914;1.99860282031883;1.94751095317282;1.99709987640381;861352800;1.99709987640381
2006-08-16;2.0166361081274;2.04578792868595;1.99349425862737;2.04308319091797;781284000;2.04308319091797
2006-08-17;2.04368426706415;2.06352048374787;2.01904047437834;2.03136277198792;581148400;2.03136277198792
2006-08-18;2.0349684116374;2.0557058697689;2.02144432262549;2.04097938537598;536354000;2.04097938537598
2006-08-21;2.02264610543226;2.0229474566807;1.98808420698932;2.00040650367737;526226400;2.00040650367737
2006-08-22;2.00401271104904;2.05330128168925;1.99860263510288;2.03226327896118;576968000;2.03226327896118
2006-08-23;2.04368372659541;2.06321959000841;2.01182637136469;2.02294707298279;536258800;2.02294707298279
2006-08-24;2.0403795013347;2.0493955651509;1.99169179368688;2.0379753112793;655191600;2.0379753112793
2006-08-25;2.02384892005322;2.07524115082651;2.0229476750771;2.06622529029846;543958800;2.06622529029846
2006-08-28;2.05871193882391;2.0620173727707;2.00401327679572;2.01302933692932;738161200;2.01302933692932
2006-08-29;2.01333003348696;2.02144485015173;1.95712861816444;1.99800264835358;947332400;1.99800264835358
2006-08-30;2.02384853201061;2.0382746684962;2.00401312100536;2.01242828369141;680142400;2.01242828369141
2006-08-31;2.0220462588564;2.05270183941594;2.00341243132085;2.03917694091797;574697200;2.03917694091797
2006-09-01;2.05810957899721;2.06321930675081;2.03827417281566;2.05510449409485;408494800;2.05510449409485
2006-09-05;2.07283663409475;2.1488736495288;2.06021398995575;2.14827275276184;1012457600;2.14827275276184
2006-09-06;2.13625069903703;2.1545841688379;2.09477658553754;2.10469388961792;974103200;2.10469388961792
2006-09-07;2.12182616594754;2.20838200481213;2.11130715962221;2.1879448890686;1267957600;2.1879448890686
2006-09-08;2.20507546858778;2.21108644317735;2.16119615661717;2.17952942848206;895921600;2.17952942848206
2006-09-11;2.17682501085928;2.21589494340619;2.14646978814639;2.1789288520813;949124400;2.1789288520813
2006-09-12;2.18824557046644;2.20748009102805;2.14737213903551;2.18283629417419;1684687200;2.18283629417419
2006-09-13;2.18944698121229;2.23362663007309;2.1729172065503;2.23002004623413;1146138000;2.23002004623413
2006-09-14;2.21559488172749;2.24414661502222;2.20778041268782;2.22911977767944;801729600;2.22911977767944
2006-09-15;2.2420425696955;2.25346282058172;2.20267148499201;2.22701573371887;981853600;2.22701573371887
2006-09-18;2.21799778623705;2.24985513643993;2.20297075696777;2.220703125;705278000;2.220703125
2006-09-19;2.22701586884723;2.2348293344838;2.18794492926388;2.21709775924683;710049200;2.21709775924683
2006-09-20;2.23543116204618;2.2745011007018;2.23062177945816;2.26187825202942;822791200;2.26187825202942
2006-09-21;2.26157678193025;2.28592102145252;2.22460969999763;2.24354386329651;794124800;2.24354386329651
2006-09-22;2.23302534925714;2.23422794536201;2.18133277691293;2.19395542144775;665112000;2.19395542144775
2006-09-25;2.21829919715402;2.27991088934016;2.21559465962815;2.27660465240479;858992400;2.27660465240479
2006-09-26;2.28952806724157;2.33761486944483;2.28712367697306;2.33250594139099;1102948000;2.33250594139099
2006-09-27;2.31928158181385;2.32829844653901;2.27870849941776;2.29644107818604;810373200;2.29644107818604
2006-09-28;2.31477322406302;2.32859846608162;2.28261551209948;2.31447267532349;723609600;2.31447267532349
2006-09-29;2.31747834792559;2.32979984193109;2.30455435206383;2.3135712146759;405812400;2.3135712146759
2006-10-02;2.2570693652219;2.2802110151801;2.23302546718741;2.24985599517822;712639200;2.24985599517822
2006-10-03;2.23753395134725;2.25256078203013;2.19966562377192;2.22641324996948;790708800;2.22641324996948
2006-10-04;2.22701600641931;2.26788923801538;2.1987646203851;2.26548504829407;829082800;2.26548504829407
2006-10-05;2.23993891219103;2.28892695486735;2.22791696198004;2.24895477294922;683883200;2.24895477294922
2006-10-06;2.23663135631636;2.25526516919326;2.21829809204446;2.23062038421631;466958800;2.23062038421631
2006-10-09;2.21799885668953;2.256468696161;2.20988404028382;2.24294400215149;438222400;2.24294400215149
2006-10-10;2.24023848677044;2.24144007947659;2.19635918618504;2.21829843521118;531588400;2.21829843521118
2006-10-11;2.20657804000294;2.22340836474313;2.18193324898345;2.20086741447449;571855200;2.20086741447449
2006-10-12;2.21228930625239;2.26578558697171;2.21198815555928;2.26187825202942;592855200;2.26187825202942
2006-10-13;2.27299832617043;2.31056612557204;2.24625068539293;2.25466585159302;684196800;2.25466585159302
2006-10-16;2.25977453929448;2.28051200408527;2.24775258795679;2.2660858631134;508692800;2.2660858631134
2006-10-17;2.25526609745232;2.26217831694592;2.22521202711493;2.23272514343262;480925200;2.23272514343262
2006-10-18;2.2465506459134;2.26518446862443;2.22130515166947;2.23993897438049;1133907600;2.23993897438049
2006-10-19;2.38209510162927;2.40283256830894;2.34903613687298;2.37398028373718;1512977200;2.37398028373718
2006-10-20;2.37337905690644;2.40403462749125;2.36436299586385;2.40283203125;639413600;2.40283203125
2006-10-23;2.40403533267394;2.46143855448112;2.39682175944387;2.44821500778198;832507200;2.44821500778198
2006-10-24;2.44070096173624;2.45482675610974;2.41034653444097;2.4358925819397;463212400;2.4358925819397
2006-10-25;2.44490804502468;2.46444311300213;2.43468958756825;2.45482635498047;485214800;2.45482635498047
2006-10-26;2.46143809473279;2.48247610776271;2.43829644090656;2.47015380859375;432756800;2.47015380859375
2006-10-27;2.45692904804997;2.47796705238289;2.40463478650236;2.4166567325592;594966400;2.4166567325592
2006-10-30;2.40403418605054;2.43138351479993;2.38930770158291;2.41695737838745;499917600;2.41695737838745
2006-10-31;2.44791427203301;2.45482649280335;2.41124752099148;2.43679356575012;501474400;2.43679356575012
2006-11-01;2.43739504970389;2.44581021428462;2.35504589390901;2.37908959388733;611192400;2.37908959388733
2006-11-02;2.37187634527015;2.383898095562;2.35925349743204;2.37367963790894;465483200;2.37367963790894
2006-11-03;2.38510050547641;2.39020943295353;2.33791495368356;2.35294198989868;431888800;2.35294198989868
2006-11-06;2.37277761753028;2.40613791854688;2.35714888580097;2.39561891555786;434576800;2.39561891555786
2006-11-07;2.41785989776035;2.43438988370578;2.40824293656015;2.41966319084167;525932400;2.41966319084167
2006-11-08;2.40493533821983;2.48517982861325;2.40102820542042;2.47796726226807;690916800;2.47796726226807
2006-11-09;2.4914922873635;2.54528951758018;2.46805008365515;2.50471663475037;923053600;2.50471663475037
2006-11-10;2.51102857469698;2.51253071711462;2.47947174655462;2.49810457229614;373864400;2.49810457229614
2006-11-13;2.50110945239073;2.53807574388579;2.48367822724103;2.5350706577301;450674000;2.5350706577301
2006-11-14;2.54859546068717;2.55460643768311;2.52154746863934;2.55460643768311;588954800;2.55460643768311
2006-11-15;2.55610825083027;2.58165428985208;2.52455143810726;2.52605438232422;655323200;2.52605438232422
2006-11-16;2.55069851171216;2.59367658263959;2.54318539469715;2.57293891906738;693940800;2.57293891906738
2006-11-17;2.55881225339184;2.58285614382114;2.55460457256671;2.58015060424805;466424000;2.58015060424805
2006-11-20;2.56662792094585;2.61471472492698;2.56061694505235;2.5987856388092;570794000;2.5987856388092
2006-11-21;2.62733707874041;2.66280102729797;2.61801986722726;2.66280102729797;622666800;2.66280102729797
2006-11-22;2.67452101007554;2.72741616739999;2.64025946755815;2.71419262886047;671941200;2.71419262886047
2006-11-24;2.69075094200621;2.79744352454427;2.68984969716435;2.75386476516724;518677600;2.75386476516724
2006-11-27;2.78031403517334;2.79984890664852;2.68985084340519;2.69105243682861;1074836000;2.69105243682861
2006-11-28;2.71569713694995;2.76408429308315;2.70217223944073;2.75927591323853;1036173600;2.75927591323853
2006-11-29;2.7950396857572;2.79954771623116;2.71238998592341;2.7589738368988;1157083200;2.7589738368988
2006-11-30;2.7712966848305;2.78542227678183;2.73673457848156;2.75476670265198;870486400;2.75476670265198
2006-12-01;2.75897369418601;2.77490277660783;2.70788181537947;2.74454855918884;795079600;2.74454855918884
2006-12-04;2.76137885151176;2.766487577871;2.7199037298958;2.73853754997253;709536800;2.73853754997253
2006-12-05;2.75446605733168;2.7749029707911;2.73102385704588;2.74304580688477;662838400;2.74304580688477
2006-12-06;2.72411159859633;2.74665235295849;2.6949589725497;2.69976735115051;638184400;2.69976735115051
2006-12-07;2.70577902009941;2.71990461395046;2.61170904550994;2.61591672897339;1004827600;2.61591672897339
2006-12-08;2.62162581888398;2.68654312682516;2.61471360084481;2.65258193016052;784277200;2.65258193016052
2006-12-11;2.67181731503051;2.68383926557361;2.64627147265985;2.6673092842102;499780400;2.6673092842102
2006-12-12;2.66310090129201;2.67001311924935;2.57053391975682;2.5888671875;1026620000;2.5888671875
2006-12-13;2.64326508846164;2.67692574114156;2.61922199441406;2.67632484436035;857052000;2.67632484436035
2006-12-14;2.67632435265515;2.70487627396591;2.65258181167691;2.66129732131958;832330800;2.66129732131958
2006-12-15;2.67542423201768;2.68143520758398;2.62463269228262;2.63635349273682;739939200;2.63635349273682
2006-12-18;2.63364818726889;2.6447680884054;2.54228298340146;2.56873106956482;721576800;2.56873106956482
2006-12-19;2.54649060456904;2.60509639852106;2.51313110258962;2.59397649765015;911405600;2.59397649765015
2006-12-20;2.59878531601134;2.60479629115821;2.54679218669105;2.54739308357239;567691600;2.54739308357239
2006-12-21;2.54559005008376;2.56903205300877;2.47045425753503;2.49149227142334;903599200;2.49149227142334
2006-12-22;2.50832183389288;2.5257538588861;2.45242138152928;2.47045350074768;613303600;2.47045350074768
2006-12-26;2.46895188929168;2.48157473659484;2.43108354801554;2.44971656799316;490688800;2.44971656799316
2006-12-27;2.34873482175497;2.46444350747056;2.30726069028948;2.45001816749573;1935754800;2.45001816749573
2006-12-28;2.41094637128888;2.44190248450507;2.39381569818373;2.43048143386841;1119876800;2.43048143386841
2006-12-29;2.52304909405784;2.56662786581617;2.50531751808638;2.54979753494263;1076429200;2.54979753494263
2007-01-03;2.59337560599861;2.60209131786872;2.46143753248574;2.51854038238525;1238319600;2.51854038238525
2007-01-04;2.52605479998188;2.58315766116807;2.51914177708752;2.57444214820862;847260400;2.57444214820862
2007-01-05;2.5777478632051;2.59067106030051;2.53657408215932;2.5561089515686;834741600;2.5561089515686
2007-01-08;2.58345755526451;2.600588430673;2.56302044337312;2.56873106956482;797106800;2.56873106956482
2007-01-09;2.59818381467197;2.79443727720444;2.55911288959081;2.78211498260498;3349298400;2.78211498260498
2007-01-10;2.84763370419877;2.93929843582557;2.80856298091262;2.91525554656982;2952880000;2.91525554656982
2007-01-11;2.88340027492747;2.908645778311;2.85815477154394;2.8791925907135;1440252800;2.8791925907135
2007-01-12;2.84282534046523;2.85695113231491;2.80195211316346;2.84372758865356;1312690400;2.84372758865356
2007-01-16;2.8755852422913;2.92276979769218;2.8686730213239;2.91826176643372;1244076400;2.91826176643372
2007-01-17;2.93208662487403;2.93328821790465;2.84973827846012;2.85364460945129;1646260000;2.85364460945129
2007-01-18;2.76799129574165;2.76829184454679;2.67632571587712;2.676926612854;2364605600;2.676926612854
2007-01-19;2.66370214117561;2.69435770737346;2.64837455871;2.65979480743408;1364473600;2.65979480743408
2007-01-22;2.67902967125816;2.67963137059265;2.57414117843298;2.60840272903442;1454026000;2.60840272903442
2007-01-23;2.57654582542603;2.63004190153938;2.56993415373789;2.57564377784729;1207424400;2.57564377784729
2007-01-24;2.60509664772133;2.61922223764099;2.58706452614446;2.60569834709167;927813600;2.60569834709167
2007-01-25;2.61802020706833;2.65979548391457;2.58556194231133;2.59217381477356;905973600;2.59217381477356
2007-01-26;2.61801880097099;2.62583306497795;2.55430409951873;2.56602549552917;986874000;2.56602549552917
2007-01-29;2.59367696435847;2.60419597175431;2.57053510796094;2.58285760879517;901664400;2.58285760879517
2007-01-30;2.59758385066761;2.59938714330038;2.56211969745649;2.57113575935364;577970400;2.57113575935364
2007-01-31;2.55039770203582;2.58466005345457;2.535070320123;2.57654523849487;856069200;2.57654523849487
2007-02-01;2.59157161818643;2.59277321079204;2.54679107666016;2.54679107666016;664342000;2.54679107666016
2007-02-02;2.52815874280375;2.56211975160524;2.51553589474092;2.5470929145813;621530000;2.5470929145813
2007-02-05;2.53356710591033;2.56151813223649;2.52274775505066;2.52274775505066;578852400;2.52274775505066
2007-02-06;2.53807570939168;2.53867740876799;2.49029006509222;2.52905964851379;864393600;2.52905964851379
2007-02-07;2.53897744186915;2.59608029060007;2.51102721522208;2.58916807174683;1066825200;2.58916807174683
2007-02-08;2.56752834224111;2.59998740101776;2.56692764611125;2.59006929397583;679030800;2.59006929397583
2007-02-09;2.5810528286965;2.59066978362901;2.50080834520941;2.50261163711548;860540800;2.50261163711548
2007-02-12;2.53747569653092;2.56001665911159;2.51343259163621;2.55100059509277;724071600;2.55100059509277
2007-02-13;2.55941468799097;2.56332101877514;2.53356749835237;2.54558944702148;580986000;2.54558944702148
2007-02-14;2.54348638197682;2.57384080846031;2.54168288849291;2.56362295150757;507981600;2.56362295150757
2007-02-15;2.5678299225777;2.57323919772872;2.54799370672403;2.56091690063477;363661200;2.56091690063477
2007-02-16;2.56211929588007;2.56692787484709;2.54438692110377;2.5494966506958;399868000;2.5494966506958
2007-02-20;2.5440860529741;2.58946809864253;2.52935936909165;2.58165383338928;617702400;2.58165383338928
2007-02-21;2.58405884612105;2.68954885244798;2.58345794923553;2.68083333969116;1155313600;2.68083333969116
2007-02-22;2.72891960104432;2.7292199491113;2.66069705241149;2.69015002250671;838224800;2.69015002250671
2007-02-23;2.67963215400033;2.71509611047226;2.6703147397745;2.676926612854;517893600;2.676926612854
2007-02-26;2.70006718673815;2.70487656759275;2.63304703702339;2.66009521484375;615848800;2.66009521484375
2007-02-27;2.59367573687701;2.61711772971448;2.50681938150848;2.52244710922241;1145813200;2.52244710922241
2007-02-28;2.49449815259559;2.57263883087373;2.49449815259559;2.54288530349731;919475200;2.54288530349731
2007-03-01;2.52545245679555;2.65408508906689;2.51703729411424;2.61651730537415;1415528800;2.61651730537415
2007-03-02;2.60780241954144;2.63094427471592;2.56091741098922;2.56692838668823;860000400;2.56692838668823
2007-03-05;2.58135320059532;2.66430221499521;2.57744586776645;2.59427618980408;838899600;2.59427618980408
2007-03-06;2.63875767596683;2.65408586425729;2.62673652739667;2.65047907829285;723186800;2.65047907829285
2007-03-07;2.64627160242121;2.67392128749274;2.62823867572231;2.63635349273682;626284400;2.63635349273682
2007-03-08;2.66250061317339;2.66640694413794;2.6285386066149;2.64476823806763;511011200;2.64476823806763
2007-03-09;2.66881219946114;2.67031434136253;2.62673637618743;2.6438672542572;451836000;2.6438672542572
2007-03-12;2.64687169307469;2.70457624277421;2.64446750403164;2.70096945762634;729408400;2.70096945762634
2007-03-13;2.68714423413964;2.72290872827061;2.65679001808167;2.65679001808167;867890800;2.65679001808167
2007-03-14;2.66280158536192;2.70487761497498;2.64236466815749;2.70487761497498;796586000;2.70487761497498
2007-03-15;2.70367353809151;2.7156954835507;2.68413847862014;2.69195294380188;559498800;2.69195294380188
2007-03-16;2.69105248273771;2.70457738099253;2.68444080961182;2.69255542755127;571704000;2.69255542755127
2007-03-19;2.71208975797902;2.75146104282715;2.69255469088188;2.73883819580078;712961200;2.73883819580078
2007-03-20;2.74544937544082;2.76017585939693;2.73673366441169;2.749356508255;488916400;2.749356508255
2007-03-21;2.76468458070626;2.82509367630281;2.75446612373022;2.82118654251099;686896000;2.82118654251099
2007-03-22;2.8169794187733;2.83591339073335;2.7950401595323;2.82389163970947;561492400;2.82389163970947
2007-03-23;2.8055585499511;2.82719725564459;2.80405560569091;2.81066727638245;450884000;2.81066727638245
2007-03-26;2.82479434523695;2.8821975727024;2.80405687506524;2.88069462776184;864987200;2.88069462776184
2007-03-27;2.87648613373475;2.91014679185499;2.85514777397044;2.86897301673889;932052800;2.86897301673889
2007-03-28;2.85154088232553;2.86716961768171;2.79954775519771;2.80225229263306;942337200;2.80225229263306
2007-03-29;2.8308047716801;2.8308047716801;2.77189861073537;2.8175802230835;725723600;2.8175802230835
2007-03-30;2.83350913819237;2.845531089583;2.78752617729008;2.79233455657959;600558000;2.79233455657959
2007-04-02;2.82930120531716;2.83260663952314;2.79564054931681;2.81457471847534;501992400;2.81457471847534
2007-04-03;2.82930120072588;2.86205980919567;2.81788014810858;2.84012055397034;583934400;2.84012055397034
2007-04-04;2.85334336427572;2.85935433746165;2.82899992603914;2.83320760726929;476784000;2.83320760726929
2007-04-05;2.82869994568851;2.84553027153015;2.81066702378681;2.84553027153015;355516000;2.84553027153015
2007-04-09;2.86145891699963;2.86416345436513;2.79624124552396;2.81457471847534;413341600;2.81457471847534
2007-04-10;2.81517509276541;2.83290766684858;2.80736082649937;2.83260631561279;352466800;2.83260631561279
2007-04-11;2.8220879891913;2.82359093369815;2.77490323599748;2.78271770477295;549018400;2.78271770477295
2007-04-12;2.76618765546298;2.77430247218225;2.72651602070218;2.77069568634033;656675600;2.77069568634033
2007-04-13;2.73192527439573;2.74695230696147;2.70667978745731;2.71208906173706;719941600;2.71208906173706
2007-04-16;2.72200713419554;2.7499573582427;2.71238937602923;2.74785351753235;609033600;2.74785351753235
2007-04-17;2.76498437996242;2.77400124203574;2.69585978551086;2.71539545059204;751920400;2.71539545059204
2007-04-18;2.70968563452935;2.73042309777976;2.69285530517348;2.71689820289612;464044000;2.71689820289612
2007-04-19;2.71058648442054;2.74244464845499;2.69976713186417;2.71299147605896;425913600;2.71299147605896
2007-04-20;2.73162501621729;2.74034133195418;2.72140716040641;2.73403000831604;522779600;2.73403000831604
2007-04-23;2.75266255097577;2.81908261971592;2.74755382421886;2.81036710739136;780290000;2.81036710739136
2007-04-24;2.82389120034927;2.89692314087067;2.74394703996714;2.80225229263306;1055252800;2.80225229263306
2007-04-25;2.83200502671905;2.86716881878079;2.81908183556581;2.8656656742096;1187144000;2.8656656742096
2007-04-26;3.05290511226627;3.08055480316304;2.95432729917757;2.97055673599243;1737778000;2.97055673599243
2007-04-27;2.95071970815417;3.00391541972177;2.93599322420024;3.00301337242126;699403600;3.00301337242126
2007-04-30;3.00812304063124;3.03547236969993;2.99550039683542;2.99940752983093;616509600;2.99940752983093
2007-05-01;2.99309729528035;3.01593860290081;2.96184082186114;2.9894905090332;532523600;2.9894905090332
2007-05-02;2.99490006896988;3.02164770383547;2.98948999085359;3.01713967323303;505145200;3.01713967323303
2007-05-03;3.02735818889686;3.04899689528168;3.0057192818787;3.0174400806427;576077600;3.0174400806427
2007-05-04;3.02946195773728;3.05350505502037;3.02044609720614;3.02976250648499;381987200;3.02976250648499
2007-05-07;3.03787743899689;3.13615488341702;3.03577379817681;3.12323188781738;861557200;3.12323188781738
2007-05-08;3.10970686374004;3.16019785273798;3.10820391927341;3.15749311447144;783997200;3.15749311447144
2007-05-09;3.15298531755481;3.21459600966994;3.15238361811508;3.21219182014465;717757600;3.21219182014465
2007-05-10;3.20467744844862;3.27109751341677;3.18333909069912;3.22601580619812;1197257600;3.22601580619812
2007-05-11;3.23803828099812;3.27981375836374;3.20918599974463;3.26809215545654;653696400;3.26809215545654
2007-05-14;3.29454026615248;3.3059605178159;3.2533656854683;3.2867259979248;651946400;3.2867259979248
2007-05-15;3.29303640095309;3.3119705674059;3.20016906148611;3.23142552375793;954514400;3.23142552375793
2007-05-16;3.26178030223226;3.27079716532265;3.10820351390135;3.22601580619812;1126767600;3.22601580619812
2007-05-17;3.22030651376576;3.30205397033304;3.22030651376576;3.28912997245789;735291200;3.28912997245789
2007-05-18;3.31287327005714;3.32519556831357;3.29904802740032;3.3065619468689;621345200;3.3065619468689
2007-05-21;3.31527738764206;3.37959281314507;3.30746312022268;3.36546802520752;639892400;3.36546802520752
2007-05-22;3.38079503430508;3.41866336967958;3.36636909732114;3.41235184669495;572409600;3.41235184669495
2007-05-23;3.42677918611096;3.45623216611091;3.38380110878296;3.39281797409058;911374800;3.39281797409058
2007-05-24;3.39041259049395;3.44000111598948;3.31708011755642;3.32669687271118;887362000;3.32669687271118
2007-05-25;3.36606907942862;3.41956515381083;3.35104204264784;3.41475677490234;632959600;3.41475677490234
2007-05-29;3.43970113821036;3.45202323333913;3.38680577211783;3.43669605255127;645694000;3.43669605255127
2007-05-30;3.43519326171667;3.5728413669615;3.41205181253794;3.56953573226929;1478444800;3.56953573226929
2007-05-31;3.60860514881643;3.67171876320907;3.5926768721528;3.64226579666138;1297066400;3.64226579666138
2007-06-01;3.63956245967319;3.64226739883987;3.55511065551422;3.55841588973999;885262000;3.55841588973999
2007-06-04;3.56532813489946;3.65849583380964;3.54338807755997;3.64647388458252;886673200;3.64647388458252
2007-06-05;3.6488792037873;3.68734904984557;3.62153006486319;3.68674755096436;920785600;3.68674755096436
2007-06-06;3.67562666501523;3.72822148843744;3.66510786083745;3.7158989906311;1112241200;3.7158989906311
2007-06-07;3.75647287560141;3.83521423042206;3.70237491005955;3.72882199287415;1915079600;3.72882199287415
2007-06-08;3.78141780351646;3.78171915484015;3.67532688944016;3.74144601821899;1241682400;3.74144601821899
2007-06-11;3.78682746382064;3.79133529366994;3.59267779229258;3.61221265792847;1874258400;3.61221265792847
2007-06-12;3.5869666664113;3.6578949595995;3.55571040247524;3.61792278289795;1426566400;3.61792278289795
2007-06-13;3.64106519256539;3.64226698634772;3.46825366693325;3.53136730194092;1721353200;3.53136730194092
2007-06-14;3.52234995298928;3.58997181012334;3.49890795529301;3.56893420219421;973266000;3.56893420219421
2007-06-15;3.62513520974157;3.62663795318044;3.60229391073736;3.62152862548828;811218800;3.62152862548828
2007-06-18;3.70508004598586;3.76218310660497;3.68284064153848;3.75947856903076;910604800;3.75947856903076
2007-06-19;3.7474560731089;3.7570736320321;3.69396000666513;3.71650075912476;943026000;3.71650075912476
2007-06-20;3.72281366468345;3.74655621955894;3.65158479625662;3.65308713912964;897512000;3.65308713912964
2007-06-21;3.65759522448173;3.73543575418737;3.62814224629044;3.72371435165405;867045200;3.72371435165405
2007-06-22;3.72220969011296;3.74024260974102;3.67803024082392;3.69666385650635;631876000;3.69666385650635
2007-06-25;3.73242924866174;3.75947823338924;3.63835950148203;3.67682933807373;965403600;3.67682933807373
2007-06-26;3.72611782451691;3.72671892199946;3.56803279800671;3.59598302841187;1345005200;3.59598302841187
2007-06-27;3.62483458622164;3.66781184388626;3.58426171800958;3.66330361366272;974696800;3.66330361366272
2007-06-28;3.67743006915929;3.68133720272885;3.60650217250173;3.62333250045776;838143600;3.62333250045776
2007-06-29;3.6657094594796;3.72671966227736;3.63926236879402;3.66781330108643;1137841600;3.66781330108643
2007-07-02;3.63805903234097;3.66931529875137;3.58546420666832;3.64437055587769;994862400;3.64437055587769
2007-07-03;3.66660934630413;3.82890199178608;3.651582316378;3.82198977470398;1162481600;3.82198977470398
2007-07-05;3.8709794488446;3.99630587740152;3.8676730111325;3.98969340324402;1453051600;3.98969340324402
2007-07-06;4.00111233648354;4.00742385757798;3.91906456858844;3.97616720199585;874694800;3.97616720199585
2007-07-09;3.97857521135064;3.99420375399639;3.88240157063424;3.91696429252625;995820000;3.91696429252625
2007-07-10;3.87338299154794;4.04228734940988;3.87127915063389;3.9776713848114;1255007600;3.9776713848114
2007-07-11;3.96925768499938;4.01824594016175;3.94641637533876;3.97887444496155;821772000;3.97887444496155
2007-07-12;4.02275251372769;4.03447391435506;3.97887320109189;4.02936458587646;704608800;4.02936458587646
2007-07-13;4.0582167382525;4.14296907104357;4.04288915455483;4.13936328887939;907606000;4.13936328887939
2007-07-16;4.15919864303703;4.20698508706591;4.13245020817768;4.15048313140869;936112800;4.15048313140869
2007-07-17;4.15649530225512;4.19556504210183;4.13245139769279;4.17482757568359;709959600;4.17482757568359
2007-07-18;4.1531882644106;4.16070198350139;4.08857148403001;4.15108442306519;756856800;4.15108442306519
2007-07-19;4.21660234988358;4.23193073773709;4.1970674832377;4.20758628845215;732891600;4.20758628845215
2007-07-20;4.25717550889588;4.33321232866235;4.20758577266849;4.32028913497925;1167773600;4.32028913497925
2007-07-23;4.30706522039959;4.36446922639406;4.23553622635831;4.31878662109375;1036490000;4.31878662109375
2007-07-24;4.17392312646014;4.23763781957331;4.03176645872786;4.05400705337524;1795292800;4.05400705337524
2007-07-25;4.12794200213902;4.15829742309336;4.05731505872701;4.12523746490479;1496182800;4.12523746490479
2007-07-26;4.38520550324285;4.46304601395196;4.11622122972077;4.38791084289551;2186629200;4.38791084289551
2007-07-27;4.39361958670757;4.47566776293317;4.32118976979654;4.32329320907593;1161098400;4.32329320907593
2007-07-30;4.33772213042493;4.37138279669563;4.19466409814109;4.25056457519531;1106988400;4.25056457519531
2007-07-31;4.29684607189373;4.31217445693021;3.95272623542447;3.95993900299072;1762392800;3.95993900299072
2007-08-01;4.01644105091308;4.06873532239971;3.84002257039789;4.0573148727417;1750156800;4.0573148727417
2007-08-02;4.1069049370131;4.11622235081373;4.0317693442261;4.10209655761719;852644800;4.10209655761719
2007-08-03;4.06512741388252;4.08586486675117;3.95212394514199;3.96264314651489;679187600;3.96264314651489
2007-08-06;3.99420145207835;4.0654290920245;3.85595184798631;4.06482839584351;925170400;4.06482839584351
2007-08-07;4.05551210991502;4.12463711810395;3.98608695424499;4.05821704864502;949936400;4.05821704864502
2007-08-08;4.11021186511327;4.11321695211903;3.96715383347411;4.02756214141846;808096800;4.02756214141846
2007-08-09;3.94040359195326;3.99720609059732;3.75947769439805;3.79854822158813;1125395600;3.79854822158813
2007-08-10;3.70027151111507;3.83942237104271;3.61551917193929;3.75677347183228;1410749200;3.75677347183228
2007-08-13;3.85655285028288;3.88750896680624;3.8018541876966;3.84062457084656;752911600;3.84062457084656
2007-08-14;3.85565105072141;3.85595119812799;3.71800216600885;3.72762012481689;739006800;3.72762012481689
2007-08-15;3.68885241296027;3.75256797518271;3.5959848121736;3.60349893569946;992852000;3.60349893569946
2007-08-16;3.516640737448;3.56142129825156;3.35464877014358;3.51784253120422;1866690000;3.51784253120422
2007-08-17;3.6669113721811;3.71169193137595;3.60109280210768;3.66841411590576;1195062400;3.66841411590576
2007-08-20;3.72551794700526;3.74174718133387;3.62153006600579;3.67322325706482;803317200;3.67322325706482
2007-08-21;3.6729230046218;3.87578822730194;3.63655740250805;3.83401274681091;1303047200;3.83401274681091
2007-08-22;3.94370999539139;3.98969233953271;3.91696156345872;3.98247957229614;1061765600;3.98247957229614
2007-08-23;3.99991244468851;4.00742656662324;3.89983249425911;3.93920278549194;866838000;3.93920278549194
2007-08-24;3.92297324799082;4.06843522776077;3.90133373856057;4.06633138656616;911834000;4.06633138656616
2007-08-27;4.00892803427283;4.04709692057901;3.97015764923795;3.97466588020325;707439600;3.97466588020325
2007-08-28;3.93679779628234;3.97947531757026;3.80576175124819;3.81147217750549;1179365600;3.81147217750549
2007-08-29;3.90343640191458;4.03266992770135;3.89321895051639;4.02966403961182;1166860800;4.02966403961182
2007-08-30;3.98728752351298;4.15499006187327;3.97616762452668;4.09488153457642;1435582400;4.09488153457642
2007-08-31;4.1922579220049;4.19706670121457;4.1297449960791;4.1619029045105;876887200;4.1619029045105
2007-09-04;4.20578318982068;4.37979691525049;4.20277810338279;4.33261156082153;1316842800;4.33261156082153
2007-09-05;4.35695338365666;4.38310031079285;4.09037277947512;4.1102089881897;2328222400;4.1102089881897
2007-09-06;4.07414497976589;4.13455325464733;3.98849021594622;4.05761480331421;1901261600;4.05761480331421
2007-09-07;3.96745417523772;3.97616968950647;3.90704506791258;3.96024060249329;1430576000;3.96024060249329
2007-09-10;4.11712286822123;4.14867968320876;4.0257584593799;4.10870790481567;1487838800;4.10870790481567
2007-09-11;4.14447319550779;4.15649514734089;4.01974825410664;4.07204294204712;971885600;4.07204294204712
2007-09-12;4.08706770334399;4.1895519868137;4.07985453555497;4.11291408538818;1022770000;4.11291408538818
2007-09-13;4.17242238468928;4.17753211469517;4.10690436239457;4.12343454360962;656163200;4.12343454360962
2007-09-14;4.10449934268307;4.1769295667532;4.09337944301641;4.17182064056396;607320000;4.17182064056396
2007-09-17;4.17723132501836;4.22531711119069;4.1354558578125;4.15979909896851;793371600;4.15979909896851
2007-09-18;4.17933516183386;4.29324031135286;4.14236807264824;4.2352352142334;1064089600;4.2352352142334
2007-09-19;4.29834904579324;4.30255632617854;4.18955242655555;4.23072719573975;1026880400;4.23072719573975
2007-09-20;4.21209395293251;4.26138354581105;4.18714920964848;4.21690273284912;691840800;4.21690273284912
2007-09-21;4.2418484437652;4.34733866964964;4.21690369479087;4.33231163024902;1138880400;4.33231163024902
2007-09-24;4.40985040048154;4.50361999926825;4.40744641190581;4.45643424987793;1052161600;4.45643424987793
2007-09-25;4.41315524269166;4.60490084938479;4.41255334291528;4.60369825363159;1192550800;4.60369825363159
2007-09-26;4.64247062153291;4.65839890279993;4.54569593006016;4.59137773513794;975268000;4.59137773513794
2007-09-27;4.62142995416852;4.64396989373543;4.57785121285993;4.64336919784546;658198800;4.64336919784546
2007-09-28;4.61151502230706;4.64637828008837;4.59077755741591;4.61241626739502;615101200;4.61241626739502
2007-10-01;4.64727769353579;4.73082861774011;4.59618562404053;4.69866991043091;837068400;4.69866991043091
2007-10-02;4.70498340031163;4.7662945513762;4.6851479825634;4.76208686828613;792069600;4.76208686828613
2007-10-03;4.74195036447655;4.78402599037018;4.71880850941168;4.7461576461792;692518400;4.7461576461792
2007-10-04;4.74856120922016;4.75096519780285;4.61331749032697;4.69566583633423;656958400;4.69566583633423
2007-10-05;4.75968158109089;4.85615532572459;4.73954561664712;4.8522481918335;943471200;4.8522481918335
2007-10-08;4.91355977338987;5.04639911651611;4.89793083644553;5.04639911651611;835928800;5.04639911651611
2007-10-09;5.11522059822378;5.14257012488958;5.00943027926346;5.04489421844482;1104286400;5.04489421844482
2007-10-10;5.03558001053099;5.04549731766646;4.97697420265114;5.0127387046814;667590000;5.0127387046814
2007-10-11;5.0938841973052;5.16571334507244;4.60460244962098;4.87569141387939;1643992000;4.87569141387939
2007-10-12;4.89913137160653;5.02746283056252;4.8627653878463;5.02656078338623;988176000;5.02656078338623
2007-10-15;5.04850275104853;5.0962879960795;4.91385971959296;5.01844787597656;1077930000;5.01844787597656
2007-10-16;4.97516927723012;5.11462025298516;4.96344747747425;5.09658813476562;1067830400;5.09658813476562
2007-10-17;5.19005547669699;5.20057427739964;5.08456531597675;5.19185876846313;1127613200;5.19185876846313
2007-10-18;5.15429176074558;5.2351369460446;5.14076787301692;5.21440029144287;823676000;5.21440029144287
2007-10-19;5.23664116116973;5.24836256179279;5.10921170811901;5.12183475494385;1291780000;5.12183475494385
2007-10-22;5.11973136058999;5.25647783632583;5.10800995894404;5.24024820327759;1649499600;5.24024820327759
2007-10-23;5.66701823750819;5.66822003137227;5.49270395620731;5.59488773345947;1795164000;5.59488773345947
2007-10-24;5.58436701051103;5.62644262184701;5.38691174451821;5.58797359466553;1288481600;5.58797359466553
2007-10-25;5.55611725754736;5.5870733759586;5.45964312003016;5.49330377578735;973602000;5.49330377578735
2007-10-26;5.56873979696537;5.57114418679743;5.49630955960808;5.5510082244873;706876800;5.5510082244873
2007-10-29;5.57354871269374;5.60781127110365;5.55100875964521;5.5627293586731;540554000;5.5627293586731
2007-10-30;5.59548872770034;5.69136137313683;5.55190996067162;5.62013292312622;939414000;5.62013292312622
2007-10-31;5.63906712600668;5.71390256810826;5.55852246090957;5.70879364013672;833310800;5.70879364013672
2007-11-01;5.66821758060601;5.7132994772528;5.40975175823456;5.63335514068604;805036400;5.63335514068604
2007-11-02;5.68655157887768;5.69346379726928;5.51464134486434;5.64627885818481;1002114400;5.64627885818481
2007-11-05;5.56874011115473;5.6790386920566;5.53718329536192;5.59548854827881;804176800;5.59548854827881
2007-11-06;5.62163655216381;5.77040499947977;5.56814047030942;5.76409387588501;954727200;5.76409387588501
2007-11-07;5.72862808362154;5.79084086771267;5.59398546376568;5.59909439086914;994327600;5.59909439086914
2007-11-08;5.61021516266526;5.61712738221795;5.04219090108667;5.27360820770264;1890378000;5.27360820770264
2007-11-09;5.14377439516441;5.26308944260041;4.96525204524501;4.9700608253479;1526380800;4.9700608253479
2007-11-12;4.96735459401694;5.040086170348;4.52706121334638;4.62113094329834;1769065200;4.62113094329834
2007-11-13;4.83421361501839;5.13866250842906;4.6211294846159;5.10800695419312;1739446800;5.10800695419312
2007-11-14;5.32440013731763;5.33672223495397;4.92107253767581;4.99230098724365;1449168000;4.99230098724365
2007-11-15;5.00071544809617;5.09688902556658;4.81768530283632;4.93790197372437;1487410400;4.93790197372437
2007-11-16;4.96795679745784;5.01965037908888;4.78853361054163;5.00071620941162;1383494000;5.00071620941162
2007-11-19;4.9919997096385;5.05511332856753;4.87178304422769;4.9273829460144;1154428800;4.9273829460144
2007-11-20;4.97907763923695;5.16300866112236;4.91476100854101;5.07464933395386;1543642800;5.07464933395386
2007-11-21;4.98418610792222;5.17983893019658;4.94902270671315;5.06292867660522;1217809600;5.06292867660522
2007-11-23;5.16932056158352;5.17082330546005;5.10169869220652;5.15549612045288;465757600;5.15549612045288
2007-11-26;5.21710799131769;5.32770675120813;5.17984033746743;5.18555116653442;1305754800;5.18555116653442
2007-11-27;5.26609483405669;5.28322571289923;5.10951293554984;5.2537727355957;1317030400;5.2537727355957
2007-11-28;5.31418059373706;5.42778519484152;5.27000073683721;5.41636514663696;1150912000;5.41636514663696
2007-11-29;5.39262239815868;5.56513336053965;5.38420703352221;5.53868627548218;1050926800;5.53868627548218
2007-11-30;5.63035017872922;5.64116953074096;5.4007365879988;5.47647285461426;1187802000;5.47647285461426
2007-12-03;5.46565423552043;5.53417814500562;5.34062916878257;5.37549161911011;961469600;5.37549161911011
2007-12-04;5.32409924069586;5.43680180584821;5.31929005968366;5.40404319763184;773799600;5.40404319763184
2007-12-05;5.49660915566195;5.59007738658308;5.48218322043661;5.57505035400391;892402000;5.57505035400391
2007-12-06;5.59578970693764;5.71330187181755;5.59368586548658;5.70879364013672;899810800;5.70879364013672
2007-12-07;5.7265251805378;5.86026697865105;5.65138959138358;5.83952951431274;1066066400;5.83952951431274
2007-12-10;5.81819207000567;5.88040367243703;5.7911430761571;5.83682489395142;722377600;5.83682489395142
2007-12-11;5.85305096064342;5.91556387630994;5.63185236976676;5.66641426086426;1110925200;5.66641426086426
2007-12-12;5.81368140405685;5.84493807282169;5.58286598282436;5.73614263534546;1225660800;5.73614263534546
2007-12-13;5.71600521384208;5.77401031346801;5.64477677325199;5.76529359817505;864617600;5.76529359817505
2007-12-14;5.72141659192747;5.80646948726469;5.69647144498282;5.72201728820801;674312800;5.72201728820801
2007-12-17;5.73193392160719;5.78993781364675;5.49931404592352;5.54199075698853;1024693600;5.54199075698853
2007-12-18;5.60570751749732;5.63005116474129;5.3676777126523;5.49931526184082;1222603200;5.49931526184082
2007-12-19;5.49931519030197;5.54920548172505;5.43680225227709;5.5035228729248;827478400;5.5035228729248
2007-12-20;5.57294590200943;5.64507557022478;5.50983229184605;5.62644195556641;774057200;5.62644195556641
2007-12-21;5.71390225443707;5.82780742645264;5.70699003417265;5.82780742645264;993960800;5.82780742645264
2007-12-24;5.86146891518242;5.99070249363555;5.85425654640131;5.97477340698242;480202800;5.97477340698242
2007-12-26;5.98108519522129;6.03969101093266;5.91526660914448;5.97928190231323;703732400;5.97928190231323
2007-12-27;5.97928067333299;6.09979751444927;5.94471877016616;5.96786022186279;795527600;5.96786022186279
2007-12-28;6.0285690691291;6.05772109082635;5.91706790292014;6.00572776794434;699647200;6.00572776794434
2007-12-31;5.99581078182697;6.02586485656193;5.94321595040743;5.95313405990601;539333200;5.95313405990601
2008-01-02;5.98889597022749;6.01864948331691;5.78693209756412;5.85575532913208;1079178800;5.85575532913208
2008-01-03;5.87288867262773;5.93239571572377;5.7911410236527;5.8584623336792;842066400;5.8584623336792
2008-01-04;5.75387325406098;5.80045709882599;5.37639291420097;5.41125535964966;1455832000;5.41125535964966
2008-01-07;5.4473204997789;5.51794824185595;5.11612344998786;5.33882522583008;2072193200;5.33882522583008
2008-01-08;5.41396096429396;5.48368747400755;5.13325524428179;5.14677953720093;1523816000;5.14677953720093
2008-01-09;5.14828198380186;5.39472633478338;5.05811936743463;5.39172124862671;1813882000;5.39172124862671
2008-01-10;5.33702221012984;5.43980746525972;5.27180474264567;5.3502459526062;1482975200;5.3502459526062
2008-01-11;5.28953747231943;5.34513819541958;5.10921261392829;5.19005823135376;1232285600;5.19005823135376
2008-01-14;5.33521906872011;5.39232172234089;5.26459132098564;5.37308740615845;1100450400;5.37308740615845
2008-01-15;5.34123022312502;5.38631092906604;4.94872199521802;5.0803599357605;2343278000;5.0803599357605
2008-01-16;4.96585343651192;5.079458064296;4.7094917523789;4.79785108566284;2213845200;4.79785108566284
2008-01-17;4.85405177022731;4.96976023153717;4.76118421166571;4.83541774749756;1757859600;4.83541774749756
2008-01-18;4.86006237665578;4.98148166636771;4.79694874302072;4.84954357147217;1724343600;4.84954357147217
2008-01-22;4.44982294686018;4.80806863638629;4.38791150836815;4.67763328552246;2434754000;4.67763328552246
2008-01-23;4.0930790332334;4.20758527299792;3.79103442727511;4.1796350479126;3372969600;4.1796350479126
2008-01-24;4.20728551168559;4.22862407098137;3.96745323464665;4.07534742355347;2005866800;4.07534742355347
2008-01-25;4.17723146823533;4.18023655410332;3.89532319527282;3.90734434127808;1554739200;3.90734434127808
2008-01-28;3.85174443435389;4.00321737453973;3.80035100561827;3.90734434127808;1474844000;3.90734434127808
2008-01-29;3.94160586826626;3.99089424439131;3.87849225351436;3.95332646369934;1099982800;3.95332646369934
2008-01-30;3.94821866672154;4.07083974856831;3.90704429026531;3.97256231307983;1243051600;3.97256231307983
2008-01-31;3.89051233311123;4.10690252039985;3.88901039257142;4.06813335418701;1345674400;4.06813335418701
2008-02-01;4.09458091107277;4.10509971255582;3.97256096804323;4.01974630355835;1010744000;4.01974630355835
2008-02-04;4.03357187469051;4.08436340704073;3.94972078406578;3.95663380622864;899234000;3.95663380622864
2008-02-05;3.91996790921778;4.02726141759444;3.87398474776107;3.88780999183655;1141042000;3.88780999183655
2008-02-06;3.93199178964693;3.96475122193537;3.65970087779705;3.66661310195923;1573272400;3.66661310195923
2008-02-07;3.60560054417391;3.75016126074285;3.52445359785003;3.64376902580261;2083331600;3.64376902580261
2008-02-08;3.66901513836274;3.77781137420317;3.65458879890101;3.77119970321655;1355972800;3.77119970321655
2008-02-11;3.84723671988149;3.90644321931168;3.82289267209106;3.89051413536072;1201432400;3.89051413536072
2008-02-12;3.92808165031567;3.93709771010652;3.71529798455878;3.75256562232971;1225980000;3.75256562232971
2008-02-13;3.80726444436181;3.9004325494084;3.77570762852453;3.88901209831238;968534000;3.88901209831238
2008-02-14;3.88901087739488;3.93108688614635;3.81718055209216;3.8307056427002;954097200;3.8307056427002
2008-02-15;3.79494226773967;3.81928551188838;3.72852219997587;3.74565267562866;901300400;3.74565267562866
2008-02-19;3.78652734963897;3.80936865531463;3.64978086689401;3.67202067375183;1005046000;3.67202067375183
2008-02-20;3.67262290795048;3.74475262219347;3.65699436849213;3.72131061553955;967439200;3.72131061553955
2008-02-21;3.78833110898119;3.80095375650587;3.63234990317356;3.65278601646423;938114800;3.65278601646423
2008-02-22;3.68103660429776;3.68193784912904;3.48237792672693;3.59027290344238;1529878000;3.59027290344238
2008-02-25;3.56412549880651;3.61161179645531;3.5061216007684;3.59868860244751;1256774400;3.59868860244751
2008-02-26;3.53557472747442;3.63926163531268;3.46945520838625;3.58095598220825;1504888000;3.58095598220825
2008-02-27;3.5533064300223;3.69816771803741;3.54909914877015;3.69546318054199;1475138000;3.69546318054199
2008-02-28;3.82289081534303;3.97316190911984;3.77991356822461;3.90433788299561;1618254400;3.90433788299561
2008-02-29;3.88570661482525;3.91335630374784;3.75076340470064;3.75737547874451;1255480800;3.75737547874451
2008-03-03;3.73994300550288;3.78622670836948;3.54639403321836;3.65849590301514;1593043200;3.65849590301514
2008-03-04;3.66631042816367;3.7531670127515;3.61852437951917;3.74535274505615;1785383600;3.74535274505615
2008-03-05;3.71409647957679;3.76098168958253;3.67412469427933;3.74144601821899;1221836000;3.74144601821899
2008-03-06;3.74505325257959;3.83190986166506;3.63084750138007;3.63445448875427;1473698800;3.63445448875427
2008-03-07;3.6188242392713;3.69606365874397;3.57795121656618;3.67412400245667;1230462800;3.67412400245667
2008-03-10;3.6660107983701;3.71049081696322;3.58756876538202;3.59718632698059;999588800;3.59718632698059
2008-03-11;3.72972607292732;3.83130877298986;3.6666120197001;3.82740163803101;1163943200;3.82740163803101
2008-03-12;3.81808324862153;3.86737162569067;3.76188144957339;3.78772783279419;1059629200;3.78772783279419
2008-03-13;3.72972399164502;3.8920162636276;3.69666403863137;3.84513187408447;1262102800;3.84513187408447
2008-03-14;3.90343747367759;3.91606052179983;3.73272978792962;3.80516123771667;1156640800;3.80516123771667
2008-03-17;3.6831413060374;3.86466834890905;3.6831413060374;3.80876708030701;1072598800;3.80876708030701
2008-03-18;3.88240048805697;3.99720772710947;3.86707289984911;3.99179744720459;1205120000;3.99179744720459
2008-03-19;4.00081351127011;4.03597651157226;3.89712619781494;3.89712619781494;1010536800;3.89712619781494
2008-03-20;3.94070472845828;4.0059221988889;3.88239947766623;4.00532150268555;908787600;4.00532150268555
2008-03-24;4.02756162148742;4.23313257885746;4.01644211884801;4.1934609413147;1066920400;4.1934609413147
2008-03-25;4.2063835185611;4.30075381790668;4.12734160643644;4.23703908920288;1052391200;4.23703908920288
2008-03-26;4.23373257116233;4.38009658279642;4.2268203520991;4.35965967178345;1182084400;4.35965967178345
2008-03-27;4.35635549609582;4.36717485201216;4.20728649615158;4.21510076522827;999829600;4.21510076522827
2008-03-28;4.26168425423878;4.34733784084596;4.25567327911779;4.29804944992065;714610400;4.29804944992065
2008-03-31;4.30586434442304;4.37919664650796;4.28332358570457;4.31277656555176;768065200;4.31277656555176
2008-04-01;4.39692890299059;4.49791090773713;4.31608367094428;4.4940037727356;1032567200;4.4940037727356
2008-04-02;4.47146307941118;4.54419469752896;4.3834050749647;4.43269348144531;1044968400;4.43269348144531
2008-04-03;4.41976828476229;4.61722437663633;4.41796499247182;4.55651473999023;1051568000;4.55651473999023
2008-04-04;4.57394574759579;4.64968201056438;4.53066794036611;4.60069417953491;854417200;4.60069417953491
2008-04-07;4.69235917529514;4.79935251215695;4.66170440997739;4.68514680862427;1158326400;4.68514680862427
2008-04-08;4.61482138215056;4.70197812069605;4.57785428350025;4.59348201751709;1014294400;4.59348201751709
2008-04-09;4.60760724220391;4.62503826675096;4.52195245558241;4.55140542984009;873398400;4.55140542984009
2008-04-10;4.5420893083591;4.67102151134205;4.52616022468737;4.64487457275391;955763200;4.64487457275391
2008-04-11;4.58987560806369;4.60730663237965;4.39993241655407;4.42217302322388;1210076000;4.42217302322388
2008-04-14;4.41105156505412;4.48558561964485;4.34403082501576;4.44140577316284;845087600;4.44140577316284
2008-04-15;4.49009403842222;4.49971199720192;4.3794953371541;4.45943927764893;698037200;4.45943927764893
2008-04-16;4.55982065216542;4.631349645642;4.52676149529417;4.61932849884033;795774000;4.61932849884033
2008-04-17;4.63345361488766;4.68845323208266;4.60880982186953;4.64307117462158;704267200;4.64307117462158
2008-04-18;4.78222121991866;4.8765915024513;4.75998141934341;4.83992576599121;1026765600;4.83992576599121
2008-04-21;4.87508827695845;5.06412938758225;4.86156438863627;5.05391073226929;1039152800;5.05391073226929
2008-04-22;5.03106904175818;5.04910196149485;4.75126465744267;4.81467962265015;1439572400;4.81467962265015
2008-04-23;4.93038966127165;4.95413220889126;4.84112829171267;4.89552640914917;1504190800;4.89552640914917
2008-04-24;4.96916101148485;5.10861206323078;4.78432748571426;5.07735538482666;1696066400;5.07735538482666
2008-04-25;5.13025096921109;5.14227211896603;5.001618487325;5.10109853744507;992474000;5.10109853744507
2008-04-28;5.10169826406486;5.22191495523153;5.08306464282636;5.17653369903564;787214400;5.17653369903564
2008-04-29;5.14257258320187;5.27931907810031;5.11672618874023;5.26098680496216;923476400;5.26098680496216
2008-04-30;5.29524612446467;5.4097523651449;5.1969687103208;5.22792482376099;1139524400;5.22792482376099
2008-05-01;5.258280894914;5.40975427627563;5.25527580825424;5.40975427627563;903576800;5.40975427627563
2008-05-02;5.41546468926426;5.46745842645737;5.36617629246472;5.4380054473877;1006082000;5.4380054473877
2008-05-05;5.46745773012773;5.56934134999508;5.44131038983197;5.55190992355347;854557200;5.55190992355347
2008-05-06;5.54980677762136;5.62374017520131;5.4752730849924;5.6099157333374;918870400;5.6099157333374
2008-05-07;5.59158151240716;5.65619829011977;5.42598276188417;5.48759365081787;1157133600;5.48759365081787
2008-05-08;5.52305822128559;5.60510643451814;5.50202060887047;5.56182861328125;899085600;5.56182861328125
2008-05-09;5.50472509683013;5.53748370552026;5.45092767518241;5.51344060897827;673072400;5.51344060897827
2008-05-12;5.56633644074508;5.67633447919083;5.49540813644192;5.65499591827393;818563200;5.65499591827393
2008-05-13;5.66852036469034;5.75387461066691;5.64598041064452;5.70909404754639;823236400;5.70909404754639
2008-05-14;5.7472628509722;5.7776174759926;5.57715624982284;5.59789371490479;916823600;5.59789371490479
2008-05-15;5.61442115331423;5.70728868360215;5.53597915627892;5.70217895507812;873208000;5.70217895507812
2008-05-16;5.71360035410728;5.71931118050531;5.62013171749972;5.63876533508301;765769200;5.63876533508301
2008-05-19;5.64597957624891;5.67092431804521;5.44882362409343;5.51794862747192;945820400;5.51794862747192
2008-05-20;5.46445098339374;5.59488631310694;5.41335930837148;5.58707284927368;969850000;5.58707284927368
2008-05-21;5.5801605847477;5.64868449530382;5.29705048644138;5.35535573959351;1157657200;5.35535573959351
2008-05-22;5.38751411107547;5.44972570069699;5.16932051727411;5.3210940361023;1206735600;5.3210940361023
2008-05-23;5.43289572713506;5.46956227854705;5.34363514337831;5.44491767883301;906917200;5.44491767883301
2008-05-27;5.4924015353978;5.60300064086914;5.46505240802688;5.60300064086914;789905200;5.60300064086914
2008-05-28;5.63245686635113;5.64868650447133;5.52155754933109;5.62043571472168;743979600;5.62043571472168
2008-05-29;5.61292032008061;5.6561985396323;5.57505197828955;5.61081647872925;647186400;5.61081647872925
2008-05-30;5.63365745155909;5.69647093583353;5.63155361033171;5.67272758483887;610184400;5.67272758483887
2008-06-02;5.66821959444824;5.69977641166617;5.54589905818377;5.59308481216431;679840000;5.59308481216431
2008-06-03;5.61592562150032;5.65619875621604;5.48008118615409;5.57114505767822;750520400;5.57114505767822
2008-06-04;5.53057193738292;5.62283840128488;5.50682938764075;5.56573534011841;726983600;5.56573534011841
2008-06-05;5.6002962577759;5.70548589115717;5.58106154297743;5.69316339492798;755445600;5.69316339492798
2008-06-06;5.65018729557591;5.70879309806163;5.5765548581144;5.57925939559937;966422800;5.57925939559937
2008-06-09;5.5537132657549;5.5582210955067;5.28202322870839;5.45814037322998;1888392800;5.45814037322998
2008-06-10;5.42508149815543;5.61352074932022;5.38030013564478;5.57925939559937;1140941200;5.57925939559937
2008-06-11;5.54018721243527;5.59007749120375;5.39743060089463;5.43409633636475;961550800;5.43409633636475
2008-06-12;5.45453311796518;5.48789361968047;5.14527575366154;5.20718717575073;1308333600;5.20718717575073
2008-06-13;5.15850164279236;5.23423793423503;4.96825906715019;5.18044090270996;1345957200;5.18044090270996
2008-06-16;5.14828260868018;5.34663998749724;5.08126183607138;5.31478261947632;1051730400;5.31478261947632
2008-06-17;5.35265134208343;5.46956241772026;5.33191387614356;5.45273208618164;899656800;5.45273208618164
2008-06-18;5.44341471537099;5.47587358237983;5.33011103532069;5.3721866607666;811468000;5.3721866607666
2008-06-19;5.36617489348702;5.48008004704277;5.3135800724218;5.43680143356323;791949200;5.43680143356323
2008-06-20;5.39021689403423;5.43980662285782;5.25948143059;5.26759624481201;888367200;5.26759624481201
2008-06-23;5.25166771535899;5.2859298666201;5.15609563432877;5.20418262481689;645780800;5.20418262481689
2008-06-24;5.18044078310545;5.28292551417756;5.15820097490062;5.2068886756897;621947200;5.2068886756897
2008-06-25;5.24776076451704;5.37458991541802;5.22582151072198;5.33131170272827;644450800;5.33131170272827
2008-06-26;5.23153346385755;5.25467532054357;5.04940490094869;5.05691862106323;869610000;5.05691862106323
2008-06-27;5.00432297191212;5.12634295790236;4.93339507060876;5.11191701889038;1042249600;5.11191701889038
2008-06-30;5.11492268018284;5.16932080729882;5.00762916989884;5.03227376937866;684196800;5.03227376937866
2008-07-01;4.93579704866224;5.25106534226907;4.92888483136128;5.2498631477356;1111280800;5.2498631477356
2008-07-02;5.26549394637835;5.33311581296893;5.05451393127441;5.05451393127441;837519200;5.05451393127441
2008-07-03;5.09689043501766;5.174430415835;4.98148211013913;5.11281871795654;523362000;5.11281871795654
2008-07-07;5.20418401233639;5.32349826918213;5.16631566776899;5.26429176330566;820391600;5.26429176330566
2008-07-08;5.27150614227252;5.40073893011956;5.19156175789074;5.39623069763184;888350400;5.39623069763184
2008-07-09;5.415763407624;5.43710196494893;5.23363570301396;5.23694133758545;895776000;5.23694133758545
2008-07-10;5.257078568315;5.32980936243282;5.15038616533577;5.30847120285034;840688800;5.30847120285034
2008-07-11;5.27360681491226;5.32289518875753;5.13926437637911;5.18674945831299;930011600;5.18674945831299
2008-07-14;5.38691337973141;5.38871586982261;5.20177934960201;5.22582244873047;886054400;5.22582244873047
2008-07-15;5.1837477072192;5.22161605918213;5.00071787442077;5.09839344024658;1040043200;5.09839344024658
2008-07-16;5.11522299477306;5.19727121194455;5.06713719320148;5.19366502761841;747790400;5.19366502761841
2008-07-17;5.23243307758607;5.25888136414295;5.15098598200585;5.16360902786255;757526000;5.16360902786255
2008-07-18;5.06473201626944;5.09869403070986;4.9589416474108;4.96344947814941;868414400;4.96344947814941
2008-07-21;5.01604536585354;5.034078297655;4.84233253676815;4.99771308898926;1360469600;4.99771308898926
2008-07-22;4.47807388994381;4.89161932457808;4.40383955518023;4.86937952041626;1879592400;4.86937952041626
2008-07-23;4.95864059136702;5.06022366789598;4.85555477099;4.99680948257446;1061768400;4.99680948257446
2008-07-24;4.93850352621547;4.9667551088567;4.76208622428379;4.77951765060425;839619200;4.77951765060425
2008-07-25;4.82069002465409;4.89883147679576;4.76809521003175;4.87238359451294;633637200;4.87238359451294
2008-07-28;4.87899573053374;4.88290286370431;4.62894482535019;4.6403660774231;780712800;4.6403660774231
2008-07-29;4.67072066753875;4.7921399466718;4.61782569620685;4.72091150283813;684070800;4.72091150283813
2008-07-30;4.74195008871431;4.82339679798012;4.69085800228605;4.80506372451782;725183200;4.80506372451782
2008-07-31;4.73473584809828;4.87478791815041;4.71790552369688;4.77711200714111;637498400;4.77711200714111
2008-08-01;4.80566356807054;4.8083693090183;4.68093906242476;4.70828819274902;544639200;4.70828819274902
2008-08-04;4.70648567700046;4.74555661483381;4.59558559130902;4.60520315170288;592527600;4.60520315170288
2008-08-05;4.67102100481269;4.83271260258401;4.65298888439009;4.82790422439575;688371600;4.82790422439575
2008-08-06;4.807767854463;5.0310703522351;4.74856135763864;4.93459701538086;791408800;4.93459701538086
2008-08-07;4.89011503373032;4.99350217069585;4.85374984861769;4.91596221923828;672372400;4.91596221923828
2008-08-08;4.92468008154624;5.09869423243736;4.9213740446115;5.0956883430481;713997200;5.0956883430481
2008-08-11;5.11131687053695;5.30456494120532;5.09929491807228;5.21620559692383;891304400;5.21620559692383
2008-08-12;5.21500397263564;5.38841622864675;5.21470342381425;5.31147813796997;836278800;5.31147813796997
2008-08-13;5.34904443894269;5.40975327751607;5.28653150541299;5.3887152671814;842346400;5.3887152671814
2008-08-14;5.35956446014932;5.42327920182486;5.344837969952;5.38931798934937;711300800;5.38931798934937
2008-08-15;5.38090169616355;5.40223985354684;5.26098556127342;5.28172302246094;708251600;5.28172302246094
2008-08-18;5.27661585746134;5.34393720090948;5.22402100773412;5.27120637893677;552014400;5.27120637893677
2008-08-19;5.24565860100132;5.32169624687451;5.1636107814029;5.21530437469482;616204400;5.21530437469482
2008-08-20;5.25257013887933;5.31778760776826;5.21770688770891;5.28472805023193;506951200;5.28472805023193
2008-08-21;5.2435515631893;5.27300452637118;5.16601242431446;5.23814249038696;539744800;5.23814249038696
2008-08-22;5.28412822689554;5.33461922155823;5.27661450688617;5.31328105926514;439611200;5.31328105926514
2008-08-25;5.29404391594173;5.29644910814277;5.15910075597094;5.1858491897583;484425200;5.1858491897583
2008-08-26;5.19216096981228;5.25587569409767;5.1876527389619;5.21860885620117;445550000;5.21860885620117
2008-08-27;5.20868838263877;5.28232118135231;5.17502774344397;5.24956178665161;477780800;5.24956178665161
2008-08-28;5.26789710325645;5.29704952390181;5.19185988910452;5.22161340713501;431384800;5.22161340713501
2008-08-29;5.19817092840913;5.21440015503218;5.08035866074303;5.09508514404297;599289600;5.09508514404297
2008-09-02;5.18134146232433;5.2144010183733;4.95894022887972;4.99470472335815;780763200;4.99470472335815
2008-09-03;5.01424047594541;5.0695406466598;4.92888703353276;5.01784706115723;734834800;5.01784706115723
2008-09-04;4.98478639384622;5.04639807501856;4.83301291123937;4.84533500671387;743386000;4.84533500671387
2008-09-05;4.76629316880765;4.88079941653349;4.7380415905408;4.81407880783081;786884000;4.81407880783081
2008-09-08;4.94601817329082;4.9556357343637;4.55200794722133;4.7461576461792;1045979200;4.7461576461792
2008-09-09;4.7143001535755;4.80746786641635;4.50181738568187;4.55861949920654;1245025600;4.55861949920654
2008-09-10;4.57785329749422;4.65809779808718;4.47206295865281;4.55651473999023;973142800;4.55651473999023
2008-09-11;4.45343033724775;4.59799150574455;4.38791230184624;4.58777284622192;971135200;4.58777284622192
2008-09-12;4.53547757450024;4.53547757450024;4.40293838709936;4.47627067565918;793027200;4.47627067565918
2008-09-15;4.26859752937799;4.43870415467811;4.21840667724609;4.21840667724609;920634400;4.21840667724609
2008-09-16;4.02305316246748;4.28272165739544;3.97166093273662;4.2039794921875;1199836400;4.2039794921875
2008-09-17;4.16220375273748;4.1628052514486;3.84182643890381;3.84182643890381;1200455200;3.84182643890381
2008-09-18;3.92417566356123;4.07023916522889;3.62693973206751;4.02996683120728;1676253600;4.02996683120728
2008-09-19;4.28572488783417;4.33381186312027;4.09668422521436;4.23493337631226;1430875600;4.23493337631226
2008-09-22;4.20578206844373;4.21509907784385;3.92687970535304;3.93860030174255;856713200;3.93860030174255
2008-09-23;3.96264494280424;4.08135848769422;3.80666295203262;3.81207323074341;1280364400;3.81207323074341
2008-09-24;3.82499529242959;3.93559479092142;3.76128058203025;3.86827349662781;1047015200;3.86827349662781
2008-09-25;3.90103358211319;4.05100461062914;3.86256454305759;3.96504926681519;1006045600;3.96504926681519
2008-09-26;3.75406744133712;3.90103254166608;3.69666424620272;3.85414814949036;1126451200;3.85414814949036
2008-09-29;3.5950815836701;3.59688487601753;3.02315040197521;3.16350364685059;2622057200;3.16350364685059
2008-09-30;3.25336594280104;3.45623217068805;3.19476093279165;3.41595983505249;1626682400;3.41595983505249
2008-10-01;3.3636652145559;3.37688875941365;3.22751942157507;3.27951335906982;1296484000;3.27951335906982
2008-10-02;3.24615267780045;3.26959467678053;3.00541895754855;3.0084240436554;1609364400;3.0084240436554
2008-10-03;3.12563624467348;3.20077103585956;2.84462914021293;2.91736054420471;2294398400;2.91736054420471
2008-10-06;2.76378303176962;2.96875224308875;2.63094370759007;2.94951772689819;2107417200;2.94951772689819
2008-10-07;3.01984474318287;3.05050031768817;2.67332042404742;2.67963194847107;1878772000;2.67963194847107
2008-10-08;2.58195546583458;2.89512030691321;2.57504324440012;2.698566198349;2207741200;2.698566198349
2008-10-09;2.80555934583853;2.87919199874304;2.60269291132925;2.6670093536377;1617383600;2.6670093536377
2008-10-10;2.57564339017277;3.00541883841617;2.55460538065876;2.90924525260925;2219299600;2.90924525260925
2008-10-13;3.14216475351415;3.3218884462293;3.0360730781638;3.31377363204956;1539076000;3.31377363204956
2008-10-14;3.49410030548447;3.49830798845419;3.09978892870027;3.1280403137207;1980994400;3.1280403137207
2008-10-15;3.12082737321914;3.21579940360746;2.9420050241182;2.94380831718445;1584175600;2.94380831718445
2008-10-16;2.99850665939899;3.10850551749873;2.75717198402849;3.06222200393677;1980521200;3.06222200393677
2008-10-17;2.99339777789491;3.06673008360158;2.58135478278365;2.9272780418396;1762227600;2.9272780418396
2008-10-20;2.99880580830613;3.00631972618278;2.81427372800895;2.95853328704834;1549170000;2.95853328704834
2008-10-21;2.91375364394536;2.94230537513361;2.73973952175185;2.74965763092041;2193660000;2.74965763092041
2008-10-22;2.92637609400865;3.04298599659145;2.79293586311356;2.91134905815125;2248808800;2.91134905815125
2008-10-23;2.90052957100193;2.98287791631304;2.76197981723713;2.95222234725952;1675430400;2.95222234725952
2008-10-24;2.71479405107728;2.94230502328903;2.70818238035557;2.8966224193573;1590058400;2.8966224193573
2008-10-27;2.85725060037784;2.93418965551258;2.76077668421415;2.76768970489502;1208771200;2.76768970489502
2008-10-28;2.86807058880712;3.02044577830594;2.77610528995237;3.00271320343018;1634133200;3.00271320343018
2008-10-29;3.03126580598106;3.29213613055131;3.00361612048624;3.14216589927673;1950978400;3.14216589927673
2008-10-30;3.25276442483906;3.37177932001408;3.23413080395409;3.33721661567688;1638089600;3.33721661567688
2008-10-31;3.2278198561672;3.3294035378765;3.15989763774154;3.23353028297424;1659756000;3.23353028297424
2008-11-03;3.18363940311024;3.27891173757576;3.15148149419262;3.21459531784058;1057938000;3.21459531784058
2008-11-04;3.30565943133885;3.35975719612679;3.20587986756695;3.33571410179138;1398681200;3.33571410179138
2008-11-05;3.27320164534895;3.2975450912694;3.09528059491815;3.10459780693054;1256455200;3.10459780693054
2008-11-06;3.03697575081446;3.08896887630608;2.94531019227488;2.97836995124817;1319074400;2.97836995124817
2008-11-07;2.9825776281359;3.00091009778392;2.87678627923309;2.95252275466919;1095253600;2.95252275466919
2008-11-10;3.01052801601491;3.01744023600856;2.84012068654362;2.88159561157227;1123822000;2.88159561157227
2008-11-11;2.84943624621635;2.92036432573852;2.77279854467161;2.8482346534729;1224538000;2.8482346534729
2008-11-12;2.77790813800586;2.80225238650629;2.70517754632607;2.70848298072815;1178976400;2.70848298072815
2008-11-13;2.7009688572527;2.89842510223389;2.58526043866378;2.89842510223389;1854087200;2.89842510223389
2008-11-14;2.81787958768381;2.82479260851327;2.70487649539743;2.71208906173706;1405266800;2.71208906173706
2008-11-17;2.65919522450663;2.72140762778131;2.62252947148016;2.64897656440735;1162526400;2.64897656440735
2008-11-18;2.69405778824079;2.73463086914099;2.61050703564009;2.70217180252075;1209695200;2.70217180252075
2008-11-19;2.68804602776788;2.75236143481572;2.59097101734168;2.59337520599365;1171900800;2.59337520599365
2008-11-20;2.56181910370735;2.59818449848166;2.40433497297755;2.4190616607666;1716814400;2.4190616607666
2008-11-21;2.46233907383792;2.52815844606631;2.37848858271733;2.48187494277954;1569271200;2.48187494277954
2008-11-24;2.56091674171253;2.84883578154877;2.54979684084219;2.79353642463684;1442257600;2.79353642463684
2008-11-25;2.84402774362904;2.84643193293448;2.64957671999723;2.72891998291016;1235292800;2.72891998291016
2008-11-26;2.70247330550874;2.86266199733787;2.70036946399459;2.85514807701111;899836000;2.85514807701111
2008-11-28;2.846132889632;2.8479361829128;2.76077861274155;2.78512287139893;297774400;2.78512287139893
2008-12-01;2.74394717653124;2.7730998043151;2.67241817680658;2.67271852493286;923767600;2.67271852493286
2008-12-02;2.70577861282195;2.78452098706608;2.59968770461566;2.7791109085083;1148722400;2.7791109085083
2008-12-03;2.68684415809419;2.89211453487409;2.66881203611392;2.8821964263916;1338680000;2.8821964263916
2008-12-04;2.8380169365565;2.86145913794539;2.67662566314192;2.74725341796875;1091370000;2.74725341796875
2008-12-05;2.71539651510275;2.8398209141467;2.67061534410728;2.82509422302246;1043795200;2.82509422302246
2008-12-08;2.92367266978904;3.02946305855581;2.87919244213249;2.99700498580933;1185142000;2.99700498580933
2008-12-09;2.94651235489264;3.11361321378087;2.9215672148075;3.00722098350525;1203496000;3.00722098350525
2008-12-10;2.94140355120258;2.99009125065876;2.9002297720181;2.95162200927734;938047600;2.95162200927734
2008-12-11;2.92577563769542;3.04268610662408;2.85003914888634;2.85514807701111;1040617200;2.85514807701111
2008-12-12;2.78902813846687;2.97536350412094;2.78091332413939;2.95342445373535;1041174400;2.95342445373535
2008-12-15;2.88490167692819;2.89151334915771;2.79504019537181;2.84763503074646;891758000;2.84763503074646
2008-12-16;2.8244928782566;2.89962765625254;2.78752578421004;2.86807084083557;1093506400;2.86807084083557
2008-12-17;2.73583256438614;2.73793640586069;2.64536938731409;2.67963194847107;1293860400;2.67963194847107
2008-12-18;2.68413950074771;2.72982210835562;2.65799196005019;2.68774628639221;857416000;2.68774628639221
2008-12-19;2.70307412153532;2.73312819910649;2.66881256138286;2.70487761497498;801920000;2.70487761497498
2008-12-22;2.7054787751849;2.70577932403748;2.54529004879554;2.57684707641602;844740400;2.57684707641602
2008-12-23;2.61080678833926;2.64086085603816;2.58165416611402;2.59608030319214;635031600;2.59608030319214
2008-12-24;2.58886879240078;2.59217442846445;2.54108252869981;2.55580902099609;271334000;2.55580902099609
2008-12-26;2.60389483341996;2.62733703267753;2.56181901399612;2.57894968986511;308324800;2.57894968986511
2008-12-29;2.60028851144935;2.63334847668187;2.55670973996107;2.60299324989319;6.86e+08;2.60299324989319
2008-12-30;2.6273364021148;2.64627056646965;2.5461896681703;2.59337520599365;967601600;2.59337520599365
2008-12-31;2.58375905343165;2.63695459021981;2.56482487878384;2.56512522697449;607541200;2.56512522697449
2009-01-02;2.58105379481083;2.73613374664791;2.55941508637158;2.72741723060608;746015200;2.72741723060608
2009-01-05;2.80014859853354;2.89061156198338;2.78632315590963;2.842524766922;1181608400;2.842524766922
2009-01-06;2.88369948556396;2.92036522973499;2.77670653678941;2.79564070701599;1289310400;2.79564070701599
2009-01-07;2.75927457820415;2.78001123291363;2.71268993499346;2.7352306842804;753048800;2.7352306842804
2009-01-08;2.71780057441742;2.79954803545103;2.70607897156855;2.78602313995361;673500800;2.78602313995361
2009-01-09;2.8013518110857;2.80646073987069;2.70908532766114;2.72230887413025;546845600;2.72230887413025
2009-01-12;2.71870163391252;2.73463071788741;2.63124435402793;2.66460466384888;617716400;2.66460466384888
2009-01-13;2.65198169171352;2.69706259829016;2.59517938427429;2.63605260848999;798397600;2.63605260848999
2009-01-14;2.59187327219691;2.62222769558702;2.54619066050609;2.56452393531799;1021664000;2.56452393531799
2009-01-15;2.42146560554261;2.52815819167779;2.40583767436852;2.50591778755188;1831634000;2.50591778755188
2009-01-16;2.53356666239294;2.53597085070017;2.41635591167634;2.47435998916626;1047625600;2.47435998916626
2009-01-20;2.46233974948277;2.46444359126247;2.35023784637451;2.35023784637451;919914800;2.35023784637451
2009-01-21;2.38600163190639;2.49089093335104;2.3835974426621;2.48938798904419;1089270000;2.48938798904419
2009-01-22;2.64597071541059;2.7048770646302;2.57925029958702;2.65558767318726;1409528400;2.65558767318726
2009-01-23;2.60930417040995;2.70096973037822;2.59968741326662;2.65558767318726;763770000;2.65558767318726
2009-01-26;2.67061513597611;2.73403012770159;2.65378460448388;2.69405794143677;692238400;2.69405794143677
2009-01-27;2.71058650870299;2.75146073335614;2.69706241820303;2.72681593894958;618038400;2.72681593894958
2009-01-28;2.76859228254361;2.85514833489579;2.7499586572877;2.83110523223877;861406000;2.83110523223877
2009-01-29;2.79774395249556;2.83531193952197;2.78301746690306;2.7950394153595;592729200;2.7950394153595
2009-01-30;2.78301763321503;2.81367239981095;2.70517731800776;2.70878410339355;651478800;2.70878410339355
2009-02-02;2.67782750600904;2.76498421431944;2.67181653249801;2.75025773048401;558247200;2.75025773048401
2009-02-03;2.76258146528084;2.8064607922461;2.71329306186986;2.79443883895874;599309200;2.79443883895874
2009-02-04;2.80165186907604;2.89271573997356;2.79804508315564;2.81156897544861;808421600;2.81156897544861
2009-02-05;2.78812678812919;2.92276941975427;2.78361875745366;2.89902687072754;749246400;2.89902687072754
2009-02-06;2.9158581988758;3.00542015316957;2.9152575024288;2.99700498580933;687209600;2.99700498580933
2009-02-09;3.00541862200328;3.09558042427579;2.99039078554684;3.0808539390564;715010800;3.0808539390564
2009-02-10;3.04539117979824;3.08085452920615;2.91705986819455;2.9402015209198;849060800;2.9402015209198
2009-02-11;2.89632265138681;2.95462710971997;2.87828972417026;2.90984654426575;674973600;2.90984654426575
2009-02-12;2.88009266065956;2.99790516233527;2.88009266065956;2.98347902297974;817188400;2.98347902297974
2009-02-13;2.97506361977796;3.00361554808042;2.94891688381393;2.98017334938049;608977600;2.98017334938049
2009-02-17;2.91134873183896;2.91645765862185;2.83350842196083;2.84102153778076;678238400;2.84102153778076
2009-02-18;2.85665046323413;2.88069335838682;2.78662441507903;2.83621335029602;684779200;2.83621335029602
2009-02-19;2.80615886471074;2.83260614578203;2.7081819998901;2.72411108016968;922804400;2.72411108016968
2009-02-20;2.68684422953029;2.77700684816219;2.67482227953492;2.74094200134277;750316000;2.74094200134277
2009-02-23;2.75446483927225;2.76498363946304;2.5999866641883;2.61321020126343;786982000;2.61321020126343
2009-02-24;2.62823761315514;2.7316239434972;2.6147135254987;2.71238923072815;807105600;2.71238923072815
2009-02-25;2.70066901475625;2.79263430841615;2.68233574475078;2.73973894119263;833053200;2.73973894119263
2009-02-26;2.76498492484715;2.79263480820329;2.67362071223414;2.68053293228149;629868400;2.68053293228149
2009-02-27;2.64266479993135;2.74394732999012;2.63485053174399;2.68413972854614;706658400;2.68413972854614
2009-03-02;2.64837515682039;2.74094217118734;2.63485046223752;2.64296507835388;770929600;2.64296507835388
2009-03-03;2.67271840914023;2.72711672910939;2.64116159327986;2.65588808059692;724340400;2.65588808059692
2009-03-04;2.71028606729876;2.78812637739835;2.68834681402755;2.74003958702087;741403600;2.74003958702087
2009-03-05;2.71870111278918;2.76107727521467;2.6582928310989;2.67001342773438;706899200;2.67001342773438
2009-03-06;2.65498738166663;2.65679087515053;2.47436156047391;2.56362295150757;1011147200;2.56362295150757
2009-03-09;2.52996196742988;2.63274663740535;2.48157481919608;2.49780344963074;698297600;2.49780344963074
2009-03-10;2.55069882537101;2.67993239900162;2.53537143879954;2.66370296478271;844258800;2.66370296478271
2009-03-11;2.69916636849935;2.8271973195346;2.69225414892624;2.78542184829712;846372800;2.78542184829712
2009-03-12;2.79203423520496;2.90263398209236;2.76498524558338;2.89572095870972;768457200;2.89572095870972
2009-03-13;2.89421859258788;2.92126758011521;2.85544820324981;2.88309788703918;601168400;2.88309788703918
2009-03-16;2.90113074357461;2.92697713416008;2.83050298943364;2.8677704334259;797244000;2.8677704334259
2009-03-17;2.8623610956995;2.99610187898805;2.85725136567114;2.99520063400269;786646000;2.99520063400269
2009-03-18;3.002713622457;3.11000712143248;2.99700399859001;3.05110096931458;796037200;3.05110096931458
2009-03-19;3.06101797634391;3.1015908402559;3.01293119555573;3.05410575866699;500180800;3.05410575866699
2009-03-20;3.06823061433702;3.09888617606386;3.02254882356995;3.05320358276367;695587200;3.05320358276367
2009-03-23;3.08686497216912;3.25066040747108;3.05801349985276;3.2356333732605;666397200;3.2356333732605
2009-03-24;3.19656265837357;3.28912945439426;3.16741063720673;3.20077013969421;640612000;3.20077013969421
2009-03-25;3.23322962162729;3.25667162160984;3.12142809478476;3.2004702091217;646618000;3.2004702091217
2009-03-26;3.24074188237865;3.30535864680317;3.23322896767648;3.30205321311951;616252000;3.30205321311951
2009-03-27;3.25276432878935;3.26178038958788;3.19776531462495;3.21128940582275;492872800;3.21128940582275
2009-03-30;3.1409624441999;3.15598927637771;3.08385959913773;3.14036154747009;502796000;3.14036154747009
2009-03-31;3.16921334073744;3.22932208002001;3.15568925058633;3.1592960357666;570080000;3.1592960357666
2009-04-01;3.12834072257764;3.27590676739755;3.12232974678998;3.26659035682678;589372000;3.26659035682678
2009-04-02;3.31016877448132;3.44871877564882;3.29934921723171;3.38740801811218;812366800;3.38740801811218
2009-04-03;3.43188676621682;3.49019200697497;3.4117508069697;3.48598432540894;636241200;3.48598432540894
2009-04-06;3.4544286651419;3.56893494269345;3.40453836965568;3.55991888046265;658064400;3.55991888046265
2009-04-07;3.50221499214069;3.50642267495362;3.43188778321048;3.45623183250427;536580800;3.45623183250427
2009-04-08;3.46915576210029;3.51002919998385;3.44360991358141;3.49590420722961;455630000;3.49590420722961
2009-04-09;3.55901738842191;3.6065024878137;3.54519174408498;3.59357929229736;530756800;3.59357929229736
2009-04-13;3.6068023566348;3.63595518306808;3.57644813777817;3.61311388015747;389236400;3.61311388015747
2009-04-14;3.59357961430038;3.61161254165999;3.52385390024349;3.55571126937866;454622000;3.55571126937866
2009-04-15;3.52235012895976;3.5539073449633;3.47907271605586;3.53557467460632;412882400;3.53557467460632
2009-04-16;3.58215897825787;3.70117308260694;3.57013702730001;3.6500813961029;593446000;3.6500813961029
2009-04-17;3.64196375277731;3.73423014843985;3.61401354102512;3.70928502082825;497495600;3.70928502082825
2009-04-20;3.65849531155126;3.69636364367756;3.58125590385979;3.62152862548828;466466000;3.62152862548828
2009-04-21;3.57314234317311;3.67081909590983;3.56442682943583;3.65939784049988;470685600;3.65939784049988
2009-04-22;3.6855449741238;3.76729262725772;3.64256690508647;3.65188431739807;938767200;3.65188431739807
2009-04-23;3.8054613224451;3.82289274925016;3.71199226319614;3.76879477500916;945156800;3.76879477500916
2009-04-24;3.74595456032234;3.76098159820089;3.69576411737729;3.72371435165405;540764000;3.72371435165405
2009-04-27;3.69365866673676;3.75677227858427;3.68644509782292;3.74865746498108;480690000;3.74865746498108
2009-04-28;3.70718416859424;3.79313951543833;3.70447963081482;3.72371435165405;455856800;3.72371435165405
2009-04-29;3.75226438134243;3.81237210430271;3.72160882066953;3.76097989082336;458110800;3.76097989082336
2009-04-30;3.79343932989732;3.81688173163903;3.75436959661677;3.78171873092651;498489600;3.78171873092651
2009-05-01;3.78081655539876;3.84543333206258;3.78081655539876;3.82409477233887;397516000;3.82409477233887
2009-05-04;3.85414818176671;3.97466539946226;3.83731785613192;3.96925592422485;609358400;3.96925592422485
2009-05-05;3.9596404387548;3.99300055879279;3.94070626234583;3.98849272727966;398255200;3.98849272727966
2009-05-06;4.0071247854025;4.01223371261865;3.91365573410698;3.98217964172363;473538800;3.98217964172363
2009-05-07;3.97707035461267;3.97887364721908;3.84393046064024;3.87879371643066;531776000;3.87879371643066
2009-05-08;3.8781920490996;3.9440114238397;3.79464190290056;3.8827006816864;467964000;3.8827006816864
2009-05-11;3.8280022153515;3.93589640383023;3.82048809560673;3.89412093162537;404658800;3.89412093162537
2009-05-12;3.89382083392879;3.89832906553786;3.70417897150784;3.73934197425842;609481600;3.73934197425842
2009-05-13;3.70297494055866;3.72731938181625;3.58786721233515;3.59117364883423;595971600;3.59117364883423
2009-05-14;3.59989073767718;3.7125945273432;3.59748674862926;3.69516229629517;447826400;3.69516229629517
2009-05-15;3.67622742401895;3.74535242860643;3.6548892665718;3.67923331260681;367567200;3.67923331260681
2009-05-18;3.71860519850778;3.80786577402704;3.65368786913009;3.80636262893677;458841600;3.80636262893677
2009-05-19;3.81147296870122;3.8863076167479;3.77901409818847;3.83040714263916;372422400;3.83040714263916
2009-05-20;3.83581621912204;3.88330212404393;3.76578995813138;3.78292083740234;388584000;3.78292083740234
2009-05-21;3.76128120510395;3.81026903938338;3.69335880224296;3.73212838172913;407946000;3.73212838172913
2009-05-22;3.72822113156331;3.7321282646401;3.65909653604041;3.68163728713989;297998400;3.68163728713989
2009-05-26;3.74956027167735;3.93198934723172;3.74324874803214;3.93048620223999;636927200;3.93048620223999
2009-05-27;3.960541501727;4.05671430158331;3.93439375810532;3.99871039390564;646422000;3.99871039390564
2009-05-28;4.0107311314271;4.0690367915402;3.96805440896022;4.05941963195801;487552800;4.05941963195801
2009-05-29;4.06903571932096;4.08436290035165;4.02275202246509;4.08165836334229;456534400;4.08165836334229
2009-06-01;4.10149379133299;4.20728410365324;4.08736800526554;4.18804979324341;452499600;4.18804979324341
2009-06-02;4.17723362445394;4.24786020097429;4.15799809559658;4.19226026535034;456223600;4.19226026535034
2009-06-03;4.20758661101151;4.24094672301862;4.17963637703801;4.23613834381104;565199600;4.23613834381104
2009-06-04;4.21149343497548;4.33321287290001;4.20878889742459;4.31998872756958;550634000;4.31998872756958
2009-06-05;4.36717285012832;4.39993145167164;4.30405923389146;4.34793853759766;632716000;4.34793853759766
2009-06-08;4.32239196439422;4.33471365648735;4.19045391616447;4.32329320907593;931652400;4.32329320907593
2009-06-09;4.32209291053824;4.34463366786664;4.22411641544513;4.28933429718018;676964400;4.28933429718018
2009-06-10;4.27611096998827;4.27821481166277;4.15649535222018;4.21510076522827;688623600;4.21510076522827
2009-06-11;4.19406397724751;4.25447229375313;4.1640090902625;4.20608472824097;524823600;4.20608472824097
2009-06-12;4.17182216006921;4.18053767351936;4.08857175215078;4.11652278900146;563085600;4.11652278900146
2009-06-15;4.08767150327302;4.11532119554539;4.0540108338689;4.09007549285889;539750400;4.09007549285889
2009-06-16;4.10720419994262;4.16160231035799;4.09037387415923;4.09788799285889;514805200;4.09788799285889
2009-06-17;4.10750569734571;4.13094850115136;4.04319026759711;4.07474708557129;571412800;4.07474708557129
2009-06-18;4.09067534288499;4.14747785565431;4.07504760964269;4.08376312255859;427680400;4.08376312255859
2009-06-19;4.1495801100107;4.19255816984636;4.11441751962978;4.19195747375488;721856800;4.19195747375488
2009-06-22;4.2277248100528;4.2544724566933;4.09728940441033;4.12854528427124;634914000;4.12854528427124
2009-06-23;4.09939250859887;4.11592149029754;3.99360132773899;4.02756214141846;706532400;4.02756214141846
2009-06-24;4.06993667314632;4.13244877906216;4.05310635188442;4.0939793586731;485525600;4.0939793586731
2009-06-25;4.07985548234475;4.21359685727017;4.06362665358644;4.20337820053101;589447600;4.20337820053101
2009-06-26;4.20127337850581;4.31457781476475;4.19977063521857;4.28091716766357;439384400;4.28091716766357
2009-06-29;4.31157188946009;4.32629837228057;4.25386815279751;4.26679134368896;567616000;4.26679134368896
2009-06-30;4.28512642228245;4.3217921681545;4.26168442092711;4.28061819076538;434224000;4.28061819076538
2009-07-01;4.31277745979728;4.3476407265365;4.28332447384308;4.29264068603516;414178800;4.29264068603516
2009-07-02;4.24515468113469;4.29263978632996;4.20127535899544;4.20818758010864;370479200;4.20818758010864
2009-07-06;4.1685155995629;4.17723231655684;4.09488315614411;4.16581106185913;498688400;4.16581106185913
2009-07-07;4.16190293155447;4.19796797332808;4.06272426731037;4.0693359375;461596800;4.0693359375
2009-07-08;4.08496562495486;4.14867995531882;4.03988371252053;4.12403535842896;575929200;4.12403535842896
2009-07-09;4.14026586322806;4.14717808485111;4.08526663273104;4.09818983078003;343025200;4.09818983078003
2009-07-10;4.09758841502462;4.17663033354833;4.09698651495413;4.1631064414978;445275600;4.1631064414978
2009-07-13;4.19376097267824;4.27791261672974;4.13335267998536;4.27791261672974;483501200;4.27791261672974
2009-07-14;4.26859691966072;4.3031588264118;4.24244997769018;4.2758092880249;347247600;4.2758092880249
2009-07-15;4.35906120781361;4.41796758675982;4.33742249015465;4.41436100006104;485587200;4.41436100006104
2009-07-16;4.38069924010971;4.44862206895466;4.37498921385321;4.43359422683716;393570800;4.43359422683716
2009-07-17;4.48047832017655;4.56883764394075;4.46695362679427;4.56072282791138;602154000;4.56072282791138
2009-07-20;4.60640598031453;4.65960191012555;4.5348769763449;4.59558582305908;735526400;4.59558582305908
2009-07-21;4.6070074747874;4.61121475676766;4.50061520473239;4.5535101890564;874781600;4.5535101890564
2009-07-22;4.74224969685046;4.77050127764588;4.69175871369694;4.71069288253784;874104000;4.71069288253784
2009-07-23;4.70738669553349;4.76178400328663;4.67522838626294;4.74315118789673;526962800;4.74315118789673
2009-07-24;4.71700583004192;4.80867121460294;4.70348153429142;4.80837106704712;438362400;4.80837106704712
2009-07-27;4.81377891293682;4.83511747262103;4.72632163551282;4.81167507171631;433311200;4.81167507171631
2009-07-28;4.77500986004087;4.81167560730816;4.73654001756467;4.80867052078247;363554800;4.80867052078247
2009-07-29;4.77560904103797;4.82219287932507;4.75607377949394;4.80956983566284;382158000;4.80956983566284
2009-07-30;4.85976244366231;4.95052576429652;4.85375146828255;4.89252185821533;469604800;4.89252185821533
2009-07-31;4.89853198155191;4.95894107970788;4.89612759142431;4.91055393218994;422536800;4.91055393218994
2009-08-03;4.96525137257045;5.00822943765078;4.95503311750284;5.00191831588745;394240000;5.00191831588745
2009-08-04;4.95683692187515;4.97607164040124;4.93519821464165;4.97547054290771;395810800;4.97547054290771
2009-08-05;4.98148168959615;5.03077008069778;4.93519838479908;4.96224737167358;423183600;4.96224737167358
2009-08-06;4.9763733506993;5.00432439292613;4.90153909685414;4.92618370056152;341616800;4.92618370056152
2009-08-07;4.97366535624802;5.00702545190033;4.95292790188581;4.97426605224609;387354800;4.97426605224609
2009-08-10;4.97877638579801;5.00702676081978;4.91866744615748;4.95052480697632;300294400;4.95052480697632
2009-08-11;4.9195685186087;4.94030637893186;4.86517121018103;4.89372253417969;355342400;4.89372253417969
2009-08-12;4.88530859603059;5.01033448425123;4.88260405820505;4.96825885772705;445071200;4.96825885772705
2009-08-13;5.00853009765839;5.06923973578152;5.00402186682252;5.06172561645508;439980800;5.06172561645508
2009-08-14;5.04729979237766;5.05601530425606;4.97486955498824;5.01243734359741;305816000;5.01243734359741
2009-08-17;4.91536121592977;4.91656381199231;4.79123741211655;4.79634714126587;524381200;4.79634714126587
2009-08-18;4.85765843961318;4.93609965935885;4.85104676818355;4.92888689041138;431152400;4.92888689041138
2009-08-19;4.89131999255856;4.96795793376552;4.88230392940876;4.9469199180603;413271600;4.9469199180603
2009-08-20;4.95833906110915;5.01063373413684;4.94721956136797;4.99891233444214;342031200;4.99891233444214
2009-08-21;5.0385860450618;5.09027964204416;5.01303979540502;5.08577060699463;416074400;5.08577060699463
2009-08-24;5.1128200345432;5.13055241727675;5.05722010053078;5.08096265792847;406929600;5.08096265792847
2009-08-25;5.09298218634334;5.13746219261913;5.08306407869132;5.09117889404297;324354800;5.09117889404297
2009-08-26;5.07675380951744;5.09568798208109;5.01183687573735;5.03137254714966;303998800;5.03137254714966
2009-08-27;5.07164434970771;5.09628814418283;4.9538320448687;5.09268236160278;449181600;5.09268236160278
2009-08-28;5.17743264042413;5.18404430871756;5.06503026677083;5.1107120513916;453700800;5.1107120513916
2009-08-31;5.05391248512426;5.07464995036166;5.00402299106532;5.05541563034058;311337600;5.05541563034058
2009-09-01;5.04880303080073;5.1092121274779;4.95713766576325;4.96795701980591;469028000;4.96795701980591
2009-09-02;4.94752084684414;5.03738252424039;4.93219285910224;4.96435117721558;364249200;4.96435117721558
2009-09-03;5.0022185238316;5.02205393677527;4.9589403107788;5.00552415847778;293955200;5.00552415847778
2009-09-04;5.02746310138589;5.13024833303562;5.02175267698317;5.11852693557739;374628800;5.11852693557739
2009-09-08;5.19877266015691;5.20358103848221;5.16931968768949;5.19726991653442;315047600;5.19726991653442
2009-09-09;5.19276297686407;5.24355452013362;5.1001959530351;5.14347457885742;811087200;5.14347457885742
2009-09-10;5.17112256342043;5.20688705622089;5.13355477841826;5.18614959716797;491134000;5.18614959716797
2009-09-11;5.19666976642659;5.20478458346733;5.13535942051904;5.17412900924683;348961200;5.17412900924683
2009-09-14;5.13415569484403;5.22642214345677;5.11672467201293;5.22101306915283;322011200;5.22101306915283
2009-09-15;5.23063110174948;5.27901825257815;5.21710720888979;5.26429176330566;426470800;5.26429176330566
2009-09-16;5.34934421077772;5.49240218948785;5.34603817490109;5.46595430374146;754023200;5.46595430374146
2009-09-17;5.46926064129885;5.61382055842379;5.46896009258827;5.54649925231934;810572000;5.54649925231934
2009-09-18;5.5849700785855;5.60660878706003;5.55281136083757;5.56062602996826;601582800;5.56062602996826
2009-09-21;5.53868770923542;5.56483425232421;5.45844318201306;5.53057289123535;437715600;5.53057289123535
2009-09-22;5.56573584138238;5.57144586712659;5.49540862831086;5.54439687728882;356753600;5.54439687728882
2009-09-23;5.57204526850134;5.67723489782217;5.56092456618888;5.57505035400391;593563600;5.57505035400391
2009-09-24;5.62614262953464;5.64116966373112;5.49300316273113;5.52455997467041;550880400;5.52455997467041
2009-09-25;5.4701629492024;5.5750520619802;5.45303207063659;5.48098230361938;445239200;5.48098230361938
2009-09-28;5.52606279520504;5.61051497735116;5.5098335659454;5.59458589553833;337444800;5.59458589553833
2009-09-29;5.61201866724041;5.63215422919723;5.53928707532164;5.57144498825073;345385600;5.57144498825073
2009-09-30;5.5939867231975;5.60360428464774;5.48819635611212;5.57054471969604;539585200;5.57054471969604
2009-10-01;5.57054442629319;5.59669096630863;5.43079165143074;5.43560123443604;524711600;5.43560123443604
2009-10-02;5.4521299859383;5.58827494592402;5.45032669360206;5.5570182800293;553308000;5.5570182800293
2009-10-05;5.59608896990462;5.61592438220923;5.53808387147255;5.59067869186401;423133200;5.59067869186401
2009-10-06;5.64237351870422;5.71059608459473;5.62915017507969;5.71059608459473;605085600;5.71059608459473
2009-10-07;5.70308081025283;5.7268233512341;5.68114075865094;5.71780729293823;465668000;5.71780729293823
2009-10-08;5.73013139451978;5.75387394215894;5.6769346694506;5.68835592269897;438211200;5.68835592269897
2009-10-09;5.67933936917167;5.73133228971816;5.66882056557826;5.72442007064819;293272000;5.72442007064819
2009-10-12;5.74095069118702;5.7556771778569;5.6994757685113;5.73463916778564;288024800;5.73463916778564
2009-10-13;5.72922964016416;5.74545887149129;5.70127940878595;5.71089696884155;348020400;5.71089696884155
2009-10-14;5.77791783169543;5.78002127187204;5.71720898495013;5.74906635284424;375510800;5.74906635284424
2009-10-15;5.69917446503819;5.73794404271241;5.69616937936883;5.72712469100952;373556400;5.72712469100952
2009-10-16;5.69075958352481;5.72111420161542;5.64537752948177;5.65168905258179;431426800;5.65168905258179
2009-10-19;5.64567929859728;5.71029527164203;5.57655469316646;5.70608758926392;942230800;5.70608758926392
2009-10-20;6.02886947759742;6.06343137538706;5.94621978629192;5.9735689163208;1141039200;5.9735689163208
2009-10-21;5.99641155297799;6.27261026078915;5.98769603972805;6.15870428085327;1193726800;6.15870428085327
2009-10-22;6.15209246483822;6.246763327038;6.08627428638199;6.16711950302124;791392000;6.16711950302124
2009-10-23;6.18214478276359;6.18514986814193;6.10791046643382;6.12924861907959;420786800;6.12924861907959
2009-10-26;6.12113694783749;6.21370355822246;6.01384344822761;6.08537244796753;484338400;6.08537244796753
2009-10-27;6.06072780384895;6.0952897071449;5.90414471013288;5.93179559707642;756551600;5.93179559707642
2009-10-28;5.94201481127941;5.95133222678435;5.74335683901674;5.78242778778076;818386800;5.78242778778076
2009-10-29;5.8605663834013;5.91496490258955;5.77461145043977;5.90113925933838;570270400;5.90113925933838
2009-10-30;5.89242319361568;5.91466299566372;5.65529547745148;5.6652135848999;717525200;5.6652135848999
2009-11-02;5.70428260451394;5.79684918177038;5.57715373479576;5.68955612182617;678983200;5.68955612182617
2009-11-03;5.64567940142981;5.69586903580663;5.58767429583697;5.67272758483887;522541600;5.67272758483887
2009-11-04;5.73223517918512;5.82600357513893;5.71720814378184;5.73463916778564;487530400;5.73463916778564
2009-11-05;5.78242692553519;5.86056760761084;5.76499509504385;5.8314151763916;384801200;5.8314151763916
2009-11-06;5.78573090357499;5.86627555172185;5.78242526897143;5.84072971343994;295097600;5.84072971343994
2009-11-09;5.91887236017896;6.06794136296491;5.89843624446604;6.05471801757812;528855600;6.05471801757812
2009-11-10;6.04149266874725;6.16050675833405;6.04119212001058;6.10039901733398;401195200;6.10039901733398
2009-11-11;6.14788499528509;6.16110914159698;6.06583678346236;6.10851430892944;443870000;6.10851430892944
2009-11-12;6.10520867098318;6.15720240948595;6.05381643134604;6.0706467628479;363731200;6.0706467628479
2009-11-13;6.09709303233258;6.15599938528983;6.0730499341487;6.14457893371582;343240800;6.14457893371582
2009-11-16;6.17553175983832;6.25126841146603;6.16140677640072;6.2100944519043;485206400;6.2100944519043
2009-11-17;6.19356604670233;6.23443906539163;6.16110758919421;6.22121572494507;396513600;6.22121572494507
2009-11-18;6.20739223165546;6.22121667161383;6.13105405300107;6.18996000289917;374320800;6.18996000289917
2009-11-19;6.14938662466159;6.14938662466159;6.00482589790451;6.0261640548706;542326400;6.0261640548706
2009-11-20;5.98529283935321;6.02256009000791;5.94351735645798;6.0084342956543;406666400;6.0084342956543
2009-11-23;6.1009983489687;6.19116094346938;6.0994952043549;6.18755435943604;474896800;6.18755435943604
2009-11-24;6.1710256837564;6.18755586459696;6.09799474691547;6.14427804946899;318438400;6.14427804946899
2009-11-25;6.17313068090024;6.18064480213786;6.12384228295837;6.1367654800415;286454000;6.1367654800415
2009-11-27;5.98739586830791;6.09979830891233;5.96185002323421;6.02857065200806;295257200;6.02857065200806
2009-11-30;6.04419902050801;6.06132990237385;5.9738726013501;6.00813436508179;424858000;6.00813436508179
2009-12-01;6.07815680090058;6.09408587972481;5.91556399009631;5.91977167129517;465763200;5.91977167129517
2009-12-02;5.97958219337401;6.05351559931145;5.8831084280785;5.89753437042236;715260000;5.89753437042236
2009-12-03;5.93329724226115;5.98018244480258;5.89873534068982;5.9050464630127;448719600;5.9050464630127
2009-12-04;6.00182194578565;6.00723102133041;5.71871101202621;5.81007623672485;826884800;5.81007623672485
2009-12-07;5.81007648673137;5.82360078124215;5.67062465469257;5.67873907089233;714758800;5.67873907089233
2009-12-08;5.69106088807026;5.78092336193379;5.67122547251202;5.70638847351074;690398800;5.70638847351074
2009-12-09;5.74876499926038;5.95553771411375;5.71961217317941;5.94471836090088;684782000;5.94471836090088
2009-12-10;5.99580992600054;6.00182090059623;5.89422686293338;5.90354347229004;489669600;5.90354347229004
2009-12-11;5.94411665537965;5.95072912904461;5.81338116127443;5.85064840316772;429774800;5.85064840316772
2009-12-14;5.87168636541182;5.93359780137947;5.78723417499446;5.92007350921631;495790400;5.92007350921631
2009-12-15;5.88551068424846;5.93600166133197;5.80857182320694;5.8356204032898;419459600;5.8356204032898
2009-12-16;5.86357120252595;5.90564722150775;5.84704142391167;5.8614673614502;352984800;5.8614673614502
2009-12-17;5.83832682802724;5.86056703590747;5.74035033587211;5.76619672775269;388838800;5.76619672775269
2009-12-18;5.80556737353882;5.87559322098344;5.7884356947385;5.87348937988281;608770400;5.87348937988281
2009-12-21;5.89212397862554;6.00332421026355;5.88070272455022;5.9576416015625;611906400;5.9576416015625
2009-12-22;5.99400635704592;6.03638252219022;5.97056395847108;6.02165603637695;349515600;6.02165603637695
2009-12-23;6.04690273173734;6.08236708719343;6.03518213162513;6.07395172119141;345525600;6.07395172119141
2009-12-24;6.11753064864564;6.29184533744778;6.11151967277657;6.28252792358398;500889200;6.28252792358398
2009-12-28;6.36307244376157;6.430092402854;6.29965746435725;6.35976600646973;644565600;6.35976600646973
2009-12-29;6.39042304125044;6.39312798043687;6.27321141743884;6.28433132171631;445205600;6.28433132171631
2009-12-30;6.27621504232633;6.37148738419103;6.26058731097817;6.36066722869873;412084400;6.36066722869873
2009-12-31;6.40544824381492;6.41206031548643;6.32820882980966;6.33331775665283;352410800;6.33331775665283
2010-01-04;6.41446573545172;6.44662365231577;6.3829089161465;6.43189716339111;493729600;6.43189716339111
2010-01-05;6.44962860126661;6.4793821235584;6.40905492322629;6.44301652908325;601904800;6.44301652908325
2010-01-06;6.44301799102701;6.4685642380835;6.3339211828471;6.34053325653076;552160000;6.34053325653076
2010-01-07;6.36397401690202;6.37148773552859;6.28282746080176;6.32881021499634;477131200;6.32881021499634
2010-01-08;6.3203953397598;6.3714878246014;6.28312889991774;6.37088632583618;447610800;6.37088632583618
2010-01-11;6.39553199471958;6.40154297071308;6.26479647699497;6.31468677520752;462229600;6.31468677520752
2010-01-12;6.28703549269544;6.30446772325734;6.20378588797233;6.2428560256958;594459600;6.2428560256958
2010-01-13;6.24736474929268;6.33932986282367;6.13406027210854;6.33091449737549;605892000;6.33091449737549
2010-01-14;6.31468685323738;6.32520566008923;6.28192743493475;6.29424953460693;432894000;6.29424953460693
2010-01-15;6.33932807948839;6.35946484114608;6.18725405806994;6.18905735015869;594067600;6.18905735015869
2010-01-19;6.26118768906868;6.46735927792526;6.22842908522698;6.46285104751587;730007600;6.46285104751587
2010-01-20;6.45894593901496;6.47818066019075;6.2963530572854;6.36337423324585;612152800;6.36337423324585
2010-01-21;6.3738906823702;6.41085696584332;6.22752628552983;6.25337266921997;608154400;6.25337266921997
2010-01-22;6.21460436780428;6.2362430730554;5.92548332143991;5.94321489334106;881767600;5.94321489334106
2010-01-25;6.08627378500194;6.15209195803616;6.01654807676595;6.10310411453247;1065699600;6.10310411453247
2010-01-26;6.1896597368239;6.42288034574936;6.088377217675;6.18935918807983;1867110000;6.18935918807983
2010-01-27;6.21670785769852;6.32880972200794;5.99671100864949;6.24766397476196;1722568400;6.24766397476196
2010-01-28;6.15900440441449;6.17613487872311;5.97176656668607;5.98949813842773;1173502400;5.98949813842773
2010-01-29;6.0432947152028;6.07695536423626;5.71780772329905;5.77220582962036;1245952400;5.77220582962036
2010-02-01;5.78152437223565;5.89062117006559;5.74936645581307;5.85245227813721;749876400;5.85245227813721
2010-02-02;5.88791528850737;5.90023738421517;5.81187807078049;5.88641214370728;698342400;5.88641214370728
2010-02-03;5.86567477240962;6.01684756401638;5.84313402033533;5.98769474029541;615328000;5.98769474029541
2010-02-04;5.91256013679741;5.96184933098289;5.75748098905624;5.77190732955933;757652000;5.77190732955933
2010-02-05;5.78933771982935;5.8906202333968;5.73584084886772;5.87439060211182;850306800;5.87439060211182
2010-02-08;5.88130419534573;5.94712276799431;5.83051225799832;5.83411884307861;478270800;5.83411884307861
2010-02-09;5.90324305310512;5.93570151410081;5.8530526179297;5.89633083343506;632886800;5.89633083343506
2010-02-10;5.88731438729371;5.90865375035561;5.83832654485886;5.86417293548584;370361600;5.86417293548584
2010-02-11;5.85696101648566;6.00332507258091;5.83231641604645;5.9708662033081;550345600;5.9708662033081
2010-02-12;5.95403491853641;6.06012662207482;5.87559370029038;6.02225828170776;655468800;6.02225828170776
2010-02-16;6.06914348304828;6.12173831798405;6.05652083501838;6.11302280426025;543737600;6.11302280426025
2010-02-17;6.13676608683644;6.14037267277907;6.03668533326241;6.087477684021;436396800;6.087477684021
2010-02-18;6.05982603868812;6.12774926298021;6.03848787704189;6.09889698028564;422825200;6.09889698028564
2010-02-19;6.06673883139844;6.10701116143203;6.04419767440196;6.06102800369263;415469600;6.06102800369263
2010-02-22;6.08116398644587;6.08597236471837;5.98649314560196;6.02345943450928;390563600;6.02345943450928
2010-02-23;6.01083704360225;6.05080922267807;5.881904846891;5.92247772216797;575094800;5.92247772216797
2010-02-24;5.9576404202591;6.05411454615332;5.94591902101653;6.03067255020142;460566400;6.03067255020142
2010-02-25;5.93209403351915;6.09679069237881;5.91736754992306;6.07094430923462;665126000;6.07094430923462
2010-02-26;6.08236739435411;6.16621850348941;6.07094694118422;6.14968872070312;507460800;6.14968872070312
2010-03-01;6.18364733678292;6.29635068223118;6.17463127780568;6.28102350234985;550093600;6.28102350234985
2010-03-02;6.30927586191945;6.33632484990698;6.24345728646765;6.2768177986145;566546400;6.2768177986145
2010-03-03;6.27952152468821;6.30747175410512;6.24946745415676;6.29124212265015;372052800;6.29124212265015
2010-03-04;6.28974244712286;6.33903085163633;6.27020637132711;6.33271932601929;366041200;6.33271932601929
2010-03-05;6.45984839500122;6.60290641707689;6.45053138197915;6.5803656578064;899620400;6.5803656578064
2010-03-08;6.6122192674164;6.61462325523942;6.5593239112459;6.58426904678345;429889600;6.58426904678345
2010-03-09;6.56113009620606;6.76219240728012;6.54850744918648;6.70268535614014;920259200;6.70268535614014
2010-03-10;6.72702912597656;6.77661846695755;6.70809495559957;6.75738334655762;596218000;6.75738334655762
2010-03-11;6.72943357235446;6.77721881866455;6.71170119558735;6.77721881866455;405700400;6.77721881866455
2010-03-12;6.83341946370035;6.8442392177982;6.78473217532668;6.81027841567993;416323600;6.81027841567993
2010-03-15;6.77361255591908;6.77721833823525;6.61943426373591;6.72732925415039;493502800;6.72732925415039
2010-03-16;6.73754636859024;6.76158946098063;6.68735594173703;6.74566078186035;446908000;6.74566078186035
2010-03-17;6.75918695470413;6.80577081029779;6.71019911021493;6.73574495315552;450956800;6.73574495315552
2010-03-18;6.73514359031162;6.76219298179466;6.69036342503448;6.75167417526245;342109600;6.75167417526245
2010-03-19;6.75588031271271;6.76940460409327;6.64888697277019;6.67954254150391;559445600;6.67954254150391
2010-03-22;6.62604707023249;6.79224691900008;6.61642951015045;6.75467872619629;456419600;6.75467872619629
2010-03-23;6.78142536435322;6.8757960537169;6.73514166579651;6.86317300796509;602431200;6.86317300796509
2010-03-24;6.84153473542453;6.91847360455978;6.8376272007023;6.8935284614563;597780400;6.8935284614563
2010-03-25;6.94011340112097;6.94161654626062;6.7997599322563;6.81178188323975;542284400;6.81178188323975
2010-03-26;6.88090503433931;6.97106722944223;6.86888308731232;6.93951082229614;640875200;6.93951082229614
2010-03-29;7.00262686083193;7.0287734008581;6.96115193177875;6.98429298400879;540744400;6.98429298400879
2010-03-30;7.11082143571086;7.13726972915129;7.04019367407356;7.08828067779541;527310000;7.08828067779541
2010-03-31;7.07746094050978;7.1111215986291;7.04650481992621;7.06273365020752;430659600;7.06273365020752
2010-04-01;7.13516281996042;7.17483364022918;6.9951103467131;7.09188461303711;603145200;7.09188461303711
2010-04-05;7.06213277052837;7.16822366368503;7.05582084591188;7.16762256622314;684507600;7.16762256622314
2010-04-06;7.1589097676984;7.22022012698253;7.12284470884886;7.19918251037598;447017200;7.19918251037598
2010-04-07;7.19947802540616;7.27070685200486;7.1727295966919;7.23103523254395;628502000;7.23103523254395
2010-04-08;7.22622951776857;7.25928908091315;7.15409941590159;7.21150302886963;572989200;7.21150302886963
2010-04-09;7.25598240531378;7.26980764716064;7.22682957920774;7.26680135726929;334182800;7.26680135726929
2010-04-12;7.27912401704914;7.30527135781909;7.2674030167132;7.28182935714722;333026400;7.28182935714722
2010-04-13;7.26890546389907;7.2971562420033;7.2463639078684;7.28603553771973;306210800;7.28603553771973
2010-04-14;7.37169250682147;7.38762119211128;7.33532730546429;7.38401460647583;404076400;7.38401460647583
2010-04-15;7.38671746387827;7.48439379628218;7.37860304931138;7.48108816146851;376784800;7.48108816146851
2010-04-16;7.47056681380475;7.54780661679348;7.34974946078966;7.43540382385254;750545600;7.43540382385254
2010-04-19;7.42428484666588;7.45013123249399;7.26619943961199;7.42548704147339;566924400;7.42548704147339
2010-04-20;7.46966897725579;7.49100754090814;7.30196675858728;7.35095500946045;738326400;7.35095500946045
2010-04-21;7.77801969699409;7.82159884323923;7.68575328204331;7.79064273834229;982391200;7.79064273834229
2010-04-22;7.76119267220274;8.01695361019202;7.69988153675043;8.00853824615479;793424800;8.00853824615479
2010-04-23;8.05421793574824;8.18014500573324;8.0244648244972;8.13957214355469;796955600;8.13957214355469
2010-04-26;8.17113265238023;8.1885636778325;8.06023216687385;8.0996036529541;479068800;8.0996036529541
2010-04-27;8.03258250229565;8.04971338029604;7.82971730638931;7.87539911270142;709343600;7.87539911270142
2010-04-28;7.91176576384129;7.93430571883066;7.70619521088124;7.86217641830444;758402400;7.86217641830444
2010-04-29;7.90485104773142;8.11462923874178;7.874496830862;8.07375621795654;558840800;8.07375621795654
2010-04-30;8.09389168154915;8.13176001721974;7.84414252016604;7.84684705734253;542463600;7.84684705734253
2010-05-03;7.92949573059859;8.05091500089673;7.90064305466245;8.00493144989014;454342000;8.00493144989014
2010-05-04;7.9009469104756;7.9129680594492;7.71641396750929;7.77441787719727;723819600;7.77441787719727
2010-05-05;7.6046110706627;7.75818786643083;7.47537751919753;7.69357109069824;883103200;7.69357109069824
2010-05-06;7.62865639986192;7.76149577257063;5.98829820374291;7.40084600448608;1285860800;7.40084600448608
2010-05-07;7.32450797206843;7.41046252708275;6.76850469245728;7.08858156204224;1676018400;7.08858156204224
2010-05-10;7.52106134511397;7.65329960291052;7.46936775563827;7.63346338272095;984306400;7.63346338272095
2010-05-11;7.56884497765722;7.81078146034514;7.52857305764713;7.70949935913086;848906800;7.70949935913086
2010-05-12;7.79124596926319;7.90815741376312;7.77501794362285;7.87690114974976;654379600;7.87690114974976
2010-05-13;7.91086080694104;7.96435766826091;7.70589142692783;7.76479816436768;599712400;7.76479816436768
2010-05-14;7.6686248885632;7.70829651450313;7.49851833671568;7.62835216522217;759362800;7.62835216522217
2010-05-17;7.65480099915185;7.69928140748658;7.44472185635015;7.64037466049194;762834800;7.64037466049194
2010-05-18;7.72332535523064;7.7705103060058;7.52136060436536;7.58447504043579;782678400;7.58447504043579
2010-05-19;7.49851879751235;7.60130405181852;7.35876725456623;7.46365594863892;1025726800;7.46365594863892
2010-05-20;7.26950486060797;7.32871255187241;7.09909816558076;7.14568281173706;1282915200;7.14568281173706
2010-05-21;6.99721490837619;7.34824859635574;6.95303544960376;7.28273057937622;1223891200;7.28273057937622
2010-05-24;7.43179960945304;7.54059585310831;7.40114443842827;7.41617107391357;754238800;7.41617107391357
2010-05-25;7.19347118774265;7.41617265004268;7.12765300156612;7.36988973617554;1048006400;7.36988973617554
2010-05-26;7.51594987300101;7.57756115045108;7.32570616424836;7.33652591705322;850654000;7.33652591705322
2010-05-27;7.53157887464817;7.63045740370808;7.48679831621841;7.61422777175903;666282400;7.61422777175903
2010-05-28;7.79575724351675;7.79605739103773;7.61422898586748;7.72032070159912;815614800;7.72032070159912
2010-06-01;7.80477279854152;7.99261137437982;7.78283313860284;7.83903455734253;876472800;7.83903455734253
2010-06-02;7.95053432614887;7.95834859351984;7.82400611335485;7.9328031539917;688548000;7.9328031539917
2010-06-03;7.96976660559723;7.98088730758697;7.8264085022681;7.90785598754883;650106800;7.90785598754883
2010-06-04;7.7602913292884;7.87119100655183;7.65269808946354;7.69266986846924;758304400;7.69266986846924
2010-06-07;7.76269771154699;7.7885441075366;7.53007774003987;7.54179954528809;886942000;7.54179954528809
2010-06-08;7.61092233882263;7.62775306869783;7.38281105573101;7.49341058731079;1000770400;7.49341058731079
2010-06-09;7.55772647547169;7.57065047299721;7.28784011805428;7.3091778755188;854630000;7.3091778755188
2010-06-10;7.35846826998784;7.54300041755607;7.27912499204005;7.52887582778931;776356000;7.52887582778931
2010-06-11;7.46034876345775;7.62955404570101;7.43450238152686;7.61903524398804;545759200;7.61903524398804
2010-06-14;7.69266992208723;7.78854216287389;7.63406412061324;7.64217853546143;602960400;7.64217853546143
2010-06-15;7.68305058807955;7.80957877163785;7.67884290662125;7.80476999282837;585074000;7.80476999282837
2010-06-16;7.84714854150857;8.0470090576966;7.83302315072155;8.031982421875;783678000;8.031982421875
2010-06-17;8.1326623931031;8.20178779801958;8.09960283555173;8.17083168029785;872855200;8.17083168029785
2010-06-18;8.18225260503807;8.2649023102944;8.15730745920773;8.23695087432861;784621600;8.23695087432861
2010-06-21;8.34574362684821;8.38541524406702;8.07645847061513;8.11973667144775;776490400;8.11973667144775
2010-06-22;8.17954562145841;8.29405185598785;8.15971021174983;8.23033714294434;717262000;8.23033714294434
2010-06-23;8.25228353632528;8.25468792765219;8.05152087319774;8.1437873840332;768457200;8.1437873840332
2010-06-24;8.14468490853537;8.21080483728393;8.05752817035489;8.0845775604248;714277200;8.0845775604248
2010-06-25;8.11643517251315;8.12274629578587;7.98870394411966;8.01545238494873;549942400;8.01545238494873
2010-06-28;8.02236282416691;8.10711676091236;7.94993258877612;8.06353759765625;584948000;8.06353759765625
2010-06-29;7.93790906765715;7.94602428277925;7.64277750504303;7.69897890090942;1133344800;7.69897890090942
2010-06-30;7.71520758827087;7.75307591638712;7.51384560651801;7.55952739715576;739452000;7.55952739715576
2010-07-01;7.64277938787138;7.65780682463926;7.30977941442875;7.46786403656006;1022896000;7.46786403656006
2010-07-02;7.52826955770654;7.54149449973247;7.30917482666412;7.4215784072876;693842800;7.4215784072876
2010-07-06;7.54360250006148;7.59769968017604;7.39814008781835;7.4723744392395;615235600;7.4723744392395
2010-07-07;7.52827185325196;7.77712137529992;7.50603285329882;7.77411508560181;654556000;7.77411508560181
2010-07-08;7.88862238504738;7.90124543153137;7.66051111862465;7.75668430328369;738144400;7.75668430328369
2010-07-09;7.72062185290588;7.8110850434375;7.66862810967056;7.8026704788208;433322400;7.8026704788208
2010-07-12;7.76990702221351;7.86968677328259;7.65960846893691;7.7326397895813;562878400;7.7326397895813
2010-07-13;7.70348974561194;7.70589333305997;7.40625305316108;7.5676441192627;1190924000;7.5676441192627
2010-07-14;7.4949122989309;7.68785894036595;7.48349064616658;7.5955924987793;812047600;7.5955924987793
2010-07-15;7.46035268817822;7.72302593193155;7.43240204968067;7.55712699890137;824866000;7.55712699890137
2010-07-16;7.60911708800615;7.66291409621165;7.46575898361487;7.51053953170776;1039858400;7.51053953170776
2010-07-19;7.50993791466159;7.50993791466159;7.20098112564847;7.38070440292358;1024478000;7.38070440292358
2010-07-20;7.30016223403867;7.60070376220497;7.21330565134274;7.57034873962402;1074950800;7.57034873962402
2010-07-21;7.96706071670805;7.96886400841117;7.63376072684606;7.64097309112549;1185671200;7.64097309112549
2010-07-22;7.74436328831108;7.81408899736958;7.67313443414696;7.7846360206604;645318800;7.7846360206604
2010-07-23;7.72663197709898;7.82551052387336;7.70228792608075;7.81228637695312;533388800;7.81228637695312
2010-07-26;7.81408674633656;7.81709223314857;7.7452631046744;7.79244804382324;420551600;7.79244804382324
2010-07-27;7.84023668215506;7.9583495441974;7.82310580290821;7.93671083450317;584771600;7.93671083450317
2010-07-28;7.92438831889259;7.99411402733587;7.82160304881844;7.84294080734253;519985200;7.84294080734253
2010-07-29;7.83542762382117;7.89373248018917;7.69687825212124;7.7572865486145;643806800;7.7572865486145
2010-07-30;7.69056704007341;7.80507250882352;7.66081231089357;7.73144006729126;448210000;7.73144006729126
2010-08-02;7.82731376557942;7.89192974945718;7.80266956719505;7.86968994140625;428055600;7.86968994140625
2010-08-03;7.84444446867975;7.9120659389506;7.79665841567942;7.87209415435791;417653600;7.87209415435791
2010-08-04;7.89944260140594;7.94272001538819;7.82340577566023;7.90365028381348;420375200;7.90365028381348
2010-08-05;7.86608269110757;7.90966186095154;7.83061873921989;7.86518144607544;289097200;7.86518144607544
2010-08-06;7.8074774585786;7.85887090011831;7.74286067288532;7.81679487228393;444897600;7.81679487228394
2010-08-09;7.85856921817317;7.87870638843984;7.80116640541757;7.8666844367981;303128000;7.8666844367981
2010-08-10;7.80958130085504;7.82761422723075;7.74045588561494;7.79635715484619;451920000;7.79635715484619
2010-08-11;7.67584015926259;7.68455567178739;7.50783701861305;7.51925706863403;620054400;7.51925706863403
2010-08-12;7.41406753311565;7.60671487196414;7.39693665527379;7.56734418869019;534920400;7.56734418869019
2010-08-13;7.563135316659;7.57004753569991;7.4861964522155;7.48649740219116;354869200;7.48649740219116
2010-08-16;7.44081793806468;7.51385010134848;7.41196524983388;7.4426212310791;318430000;7.4426212310791
2010-08-17;7.51595281609309;7.65269971427996;7.48950452110238;7.57275533676147;422640400;7.57275533676147
2010-08-18;7.58447621896382;7.65390098588225;7.56103341241112;7.60581398010254;339696000;7.60581398010254
2010-08-19;7.5989006490224;7.61813576953819;7.47387557580335;7.50994062423706;426706000;7.50994062423706
2010-08-20;7.49521561988451;7.63136062283219;7.4834938147334;7.5027289390564;384230000;7.5027289390564
2010-08-23;7.56734369296965;7.57365481517163;7.37078963443192;7.38731861114502;414041600;7.38731861114502
2010-08-24;7.29325001306315;7.30316691804366;7.17243182279073;7.21090126037598;602565600;7.21090126037598
2010-08-25;7.15409982999738;7.33292275238779;7.12885453364272;7.29986238479614;596867600;7.29986238479614
2010-08-26;7.37679892441532;7.38581538543507;7.22141885757446;7.22141885757446;466505200;7.22141885757446
2010-08-27;7.26560101302642;7.2914474055007;7.07956493012713;7.26169347763062;548391200;7.26169347763062
2010-08-30;7.23584703695549;7.38581808452346;7.23344264647156;7.28814172744751;383289200;7.28814172744751
2010-08-31;7.26860702892786;7.35005455919031;7.22352630886802;7.30617523193359;420786800;7.30617523193359
2010-09-01;7.43750839991314;7.55742452652796;7.401744307166;7.5234637260437;697037600;7.5234637260437
2010-09-02;7.55141395211985;7.57876348495483;7.47056835105379;7.57876348495483;415427600;7.57876348495483
2010-09-03;7.66652155136505;7.77742121448506;7.64878957906204;7.77712106704712;520788800;7.77712106704712
2010-09-07;7.71310718315223;7.79996377255612;7.701386182226;7.74827098846436;342557600;7.74827098846436
2010-09-08;7.8074799557225;7.94603018259481;7.78704263157858;7.90185070037842;526551200;7.90185070037842
2010-09-09;7.96556132303683;8.01004092977667;7.90184659767797;7.90635442733765;438575200;7.90635442733765
2010-09-10;7.90996240495979;7.94933389404944;7.85616537689898;7.91657447814941;387542400;7.91657447814941
2010-09-13;7.9890048558719;8.06293825219845;7.98720236568846;8.02567100524902;388780000;8.02567100524902
2010-09-14;8.00072559267633;8.08968562283507;7.97998812838435;8.05632591247559;408150400;8.05632591247559
2010-09-15;8.05963108639057;8.12605115171768;8.04971257706421;8.12124156951904;429368800;8.12124156951904
2010-09-16;8.12184303285808;8.3150906388016;8.09960242810174;8.31208515167236;652103200;8.31208515167236
2010-09-17;8.34574782171908;8.35386304019568;8.22523137011395;8.27602291107178;634477200;8.27602291107178
2010-09-20;8.2973610162453;8.52877877554616;8.2904487951568;8.51224899291992;658677600;8.51224899291992
2010-09-21;8.53118110120807;8.63606979747655;8.49902278886598;8.52847576141357;668074400;8.52847576141357
2010-09-22;8.49661985027462;8.65500544416797;8.48760338697516;8.64809322357178;585289600;8.64809322357178
2010-09-23;8.60541413291656;8.79866253819772;8.59549642682073;8.68325424194336;786116800;8.68325424194336
2010-09-24;8.77882631549202;8.82180357296156;8.73224247386002;8.78543758392334;649488000;8.78543758392334
2010-09-27;8.8353301173444;8.85787007031287;8.74606914287441;8.75057697296143;482834800;8.75057697296143
2010-09-28;8.76890943056089;8.76890943056089;8.26490163984933;8.6213436126709;1035042400;8.6213436126709
2010-09-29;8.63246052441719;8.71000046633414;8.59549424651555;8.63666820526123;469644000;8.63666820526123
2010-09-30;8.68566037768498;8.71571444921191;8.45274032018454;8.52787590026855;673391600;8.52787590026855
2010-10-01;8.60000210657041;8.61292529651558;8.45574197294414;8.49090576171875;448142800;8.49090576171875
2010-10-04;8.46326003220779;8.50232976760823;8.34815185854922;8.37430000305176;435302000;8.37430000305176
2010-10-05;8.47527909470608;8.6991818351532;8.46986841610577;8.6838550567627;501967200;8.6838550567627
2010-10-06;8.70338814059401;8.77551820501973;8.57325339575153;8.69136619567871;670868800;8.69136619567871
2010-10-07;8.7259347595149;8.73014244306746;8.6228493213445;8.69227409362793;408399600;8.69227409362793
2010-10-08;8.76711051254119;8.85096164534094;8.71571865940625;8.83803844451904;658403200;8.83803844451904
2010-10-11;8.85817383705672;8.93330863576933;8.85396615350317;8.87680625915527;427753200;8.87680625915527
2010-10-12;8.87830801584321;9.00123045981093;8.79054937766319;8.97237777709961;558544000;8.97237777709961
2010-10-13;9.02226628211889;9.07516125153061;9.01024433337382;9.02046298980713;630092400;9.02046298980713
2010-10-14;9.06704789255983;9.09048989280746;9.02827750461178;9.0856819152832;435296400;9.0856819152832
2010-10-15;9.23985850201009;9.46706853199395;9.16382167787846;9.45925426483154;922194000;9.45925426483154
2010-10-18;9.57135729297399;9.58728517282752;9.44573032383448;9.55723190307617;1093010800;9.55723190307617
2010-10-19;9.11844377531396;9.4301053198047;9.01686066799358;9.30147361755371;1232784000;9.30147361755371
2010-10-20;9.2867427745528;9.44452724111689;9.22272790354068;9.33272552490234;721624400;9.33272552490234
2010-10-21;9.38772637619968;9.45925537896762;9.22062527140402;9.30237293243408;551460000;9.30237293243408
2010-10-22;9.28884508012494;9.31799790113196;9.20559590373554;9.24075889587402;372778000;9.24075889587402
2010-10-25;9.28944694913299;9.36488185950748;9.2699108835212;9.28193283081055;392462000;9.28193283081055
2010-10-26;9.22273096520932;9.30898647013058;9.18606400920538;9.25819492340088;392929600;9.25819492340088
2010-10-27;9.24617322046437;9.31379470039123;9.18456191456043;9.25158309936523;399002800;9.25158309936523
2010-10-28;9.25518532545743;9.25668847028561;9.04330450228023;9.17373943328857;551051200;9.17373943328857
2010-10-29;9.14338691554319;9.19297626283786;9.04240412565326;9.04571056365967;430511200;9.04571056365967
2010-11-01;9.08297694339633;9.18456001863138;9.08237584586476;9.14188289642334;423889200;9.14188289642334
2010-11-02;9.22663739501492;9.32250965647868;9.22663739501492;9.29756450653076;433930000;9.29756450653076
2010-11-03;9.35797425767704;9.4033567298164;9.27262079741459;9.40095233917236;508348400;9.40095233917236
2010-11-04;9.48059451759593;9.62275128673391;9.46797146838616;9.56534767150879;642488000;9.56534767150879
2010-11-05;9.55693221008651;9.60441731347808;9.51966496294368;9.53108501434326;361253200;9.53108501434326
2010-11-08;9.53319052190936;9.61042956426514;9.51996637349556;9.57586765289307;281758400;9.57586765289307
2010-11-09;9.64889511952209;9.65640923844752;9.45204093332763;9.49952602386475;383544000;9.49952602386475
2010-11-10;9.51635630116806;9.58037197419094;9.42348875380059;9.55813217163086;384227200;9.55813217163086
2010-11-11;9.46706864204161;9.5692536087481;9.44452788777008;9.51665878295898;361284000;9.51665878295898
2010-11-12;9.49712437280077;9.51215100991819;9.12535474497234;9.25759220123291;795846800;9.25759220123291
2010-11-15;9.27051659781336;9.33302914437265;9.20469761312245;9.22783946990967;403606000;9.22783946990967
2010-11-16;9.18816784691353;9.24466941745851;8.99582062345508;9.06404399871826;657650000;9.06404399871826
2010-11-17;9.05231907605901;9.1361701504088;8.94893273901748;9.03128147125244;479449600;9.03128147125244
2010-11-18;9.17253707778164;9.30687955271763;9.15721029618133;9.2696123123169;494491200;9.2696123123169
2010-11-19;9.25578740299761;9.26871059660814;9.17373960929668;9.21852016448975;384843200;9.21852016448975
2010-11-22;9.2170201835851;9.4177827835083;9.19267693286468;9.4177827835083;393075200;9.4177827835083
2010-11-23;9.33032193100848;9.36939326793229;9.21341127784942;9.2786283493042;519447600;9.2786283493042
2010-11-24;9.37690845630127;9.4790934538624;9.36939593932017;9.46106052398682;413725200;9.46106052398682
2010-11-26;9.42919748370995;9.54821234176327;9.40515439419202;9.46706581115723;237585600;9.46706581115723
2010-11-29;9.48209677796605;9.5416038329428;9.35827388740298;9.52327156066895;445785200;9.52327156066895
2010-11-30;9.42318850373241;9.44783349829722;9.34294400337286;9.3513593673706;501858000;9.3513593673706
2010-12-01;9.47518412644942;9.54971861744347;9.46706971080629;9.50914573669434;461750800;9.50914573669434
2010-12-02;9.54310685063097;9.58728631809103;9.46376357669988;9.56174087524414;462837200;9.56174087524414
2010-12-03;9.5274820729783;9.57677048379631;9.50734569946268;9.5404052734375;342092800;9.5404052734375
2010-12-06;9.57646470020559;9.68736516434597;9.56985262879524;9.62184715270996;448481600;9.62184715270996
2010-12-07;9.7315445228479;9.73725374430025;9.56083687534277;9.56354141235352;391454000;9.56354141235352
2010-12-08;9.60621871204047;9.64799458402831;9.53048284007111;9.6476936340332;321935600;9.6476936340332
2010-12-09;9.6813563027892;9.69247540333289;9.587886840348;9.61012744903564;294151200;9.61012744903564
2010-12-10;9.60681909389291;9.64889511020834;9.57526188102303;9.63416862487793;262511200;9.63416862487793
2010-12-13;9.74867549910052;9.76941295817681;9.64739259332401;9.66752815246582;439815600;9.66752815246582
2010-12-14;9.66933297741859;9.69367702274078;9.58728437975244;9.62605476379395;351008000;9.62605476379395
2010-12-15;9.61733706065149;9.7075000595596;9.59299382137817;9.62815761566162;417312000;9.62815761566162
2010-12-16;9.65009749349728;9.69578009517762;9.62034437481595;9.65490627288818;322030800;9.65490627288818
2010-12-17;9.66632965072056;9.67113843136848;9.62425362258472;9.63567447662354;386929200;9.63567447662354
2010-12-20;9.66542376064286;9.71501389009352;9.56414166737737;9.6837568283081;385610400;9.6837568283081
2010-12-21;9.70750431920256;9.74927940024182;9.6789533858823;9.74356937408447;256354000;9.74356937408447
2010-12-22;9.74837587903354;9.789249705361;9.7240318322287;9.77241897583008;265921600;9.77241897583008
2010-12-23;9.76761428925376;9.77212212063015;9.71261505480715;9.72553825378418;223157200;9.72553825378418
2010-12-27;9.70298958895625;9.78082966952903;9.66301702667682;9.75798797607422;249816000;9.75798797607422
2010-12-28;9.79495876101675;9.81749951314154;9.76941332430637;9.78173542022705;175924000;9.78173542022705
2010-12-29;9.80427409492678;9.81118711566786;9.7706134461059;9.77632427215576;163139200;9.77632427215576
2010-12-30;9.78203705973337;9.78293830473986;9.70900571793881;9.72733879089355;157494400;9.72733879089355
2010-12-31;9.70599876187807;9.72192744236104;9.65670957560125;9.6942777633667;193508000;9.6942777633667
2011-01-03;9.78684398706695;9.92569427671763;9.76280089353376;9.90495681762695;445138400;9.90495681762695
2011-01-04;9.99121263193163;9.99301592419861;9.86228004370901;9.95665073394775;309080800;9.95665073394775
2011-01-05;9.9043539835496;10.0483131746053;9.90285083904239;10.0380945205688;255519600;10.0380945205688
2011-01-06;10.059738553621;10.0756672378789;10.0050402800941;10.0299854278564;300428800;10.0299854278564
2011-01-07;10.0377985849072;10.1087264905603;9.97498509489188;10.1018142700195;311931200;10.1018142700195
2011-01-10;10.1832589035322;10.3154971270784;10.133369422256;10.2920551300049;448560000;10.2920551300049
2011-01-11;10.3650899005843;10.3674934883658;10.2024966169331;10.2677145004272;444108000;10.2677145004272
2011-01-12;10.3161008469844;10.3515639962973;10.2785326525099;10.3512630462646;302590400;10.3512630462646
2011-01-13;10.373504764728;10.4179851843108;10.3341340759793;10.3891324996948;296780400;10.3891324996948
2011-01-14;10.3954398548593;10.4732799530029;10.3518615020988;10.4732799530029;308840000;10.4732799530029
2011-01-18;9.9034539126738;10.3614797108985;9.79766317501944;10.2379570007324;1880998000;10.2379570007324
2011-01-19;10.4693755682835;10.4768896884586;10.1246553738978;10.1835613250732;1135612800;10.1835613250732
2011-01-20;10.1111284379468;10.1673298413509;9.92148662115397;9.99842548370361;764789200;9.99842548370361
2011-01-21;10.0311861274983;10.0645466388936;9.81659912611637;9.81930446624756;754401200;9.81930446624756
2011-01-24;9.82381320376732;10.1417865753174;9.8193045710117;10.1417865753174;574683200;10.1417865753174
2011-01-25;10.1081270799617;10.2617039056336;10.0552312936013;10.260500907898;546868000;10.260500907898
2011-01-26;10.3073866112439;10.3867298963917;10.2635080876315;10.334135055542;506875600;10.334135055542
2011-01-27;10.3320293703625;10.3593789084964;10.3034784396236;10.3148984909058;285026000;10.3148984909058
2011-01-28;10.3437509515607;10.3506631721914;10.0239742744079;10.1012125015259;592057200;10.1012125015259
2011-01-31;10.092194907069;10.2196251569898;10.0471142040505;10.1979856491089;377246800;10.1979856491089
2011-02-01;10.2574955486296;10.3882306568731;10.2478779876443;10.3695974349976;426633200;10.3695974349976
2011-02-02;10.3521665076225;10.3762088052497;10.3251171170916;10.348258972168;258955200;10.348258972168
2011-02-03;10.3326304786086;10.3458546251457;10.1748459779197;10.3218107223511;393797600;10.3218107223511
2011-02-04;10.3278220014307;10.4197883272546;10.3239152683785;10.4137773513794;321840400;10.4137773513794
2011-02-07;10.4555511160465;10.6166412365921;10.4480377984133;10.5754680633545;485021600;10.5754680633545
2011-02-08;10.6295615875141;10.6848609345777;10.5835788474232;10.6752433776855;381040800;10.6752433776855
2011-02-09;10.6749497032909;10.7894568031392;10.6653329431006;10.7642107009888;482745200;10.7642107009888
2011-02-10;10.7410669127011;10.8195081323845;10.4588568447627;10.6554117202759;928550000;10.6554117202759
2011-02-11;10.6617255648909;10.7533901439252;10.6253595598097;10.7248392105103;367572800;10.7248392105103
2011-02-14;10.7230326554465;10.8038774526255;10.7206282656756;10.7948617935181;310416400;10.7948617935181
2011-02-15;10.7951649608611;10.8186077676851;10.7458765618366;10.8165035247803;284174800;10.8165035247803
2011-02-16;10.843553415669;10.9667760330805;10.8345377529578;10.9135808944702;481157600;10.9135808944702
2011-02-17;10.7368580848795;10.8276213927214;10.7149176265689;10.7684144973755;530583200;10.7684144973755
2011-02-18;10.7807373764485;10.8044803263089;10.5045390956281;10.5357961654663;816057200;10.5357961654663
2011-02-22;10.2830399903987;10.3807163283158;10.1499005048666;10.1766481399536;872555600;10.1766481399536
2011-02-23;10.1814574136999;10.3578743090361;10.1766478312878;10.2971658706665;671854400;10.2971658706665
2011-02-24;10.3392437946306;10.3732046049737;10.1694373353143;10.3049812316895;499900800;10.3049812316895
2011-02-25;10.3765112683343;10.4717832403179;10.3626868248028;10.4636688232422;380018800;10.4636688232422
2011-02-28;10.5562363096618;10.6707426133479;10.5526297234396;10.6154432296753;403074000;10.6154432296753
2011-03-01;10.6833601502733;10.6908734664243;10.449237932009;10.4982261657715;456136800;10.4982261657715
2011-03-02;10.5177637743177;10.6497018727138;10.4708789697144;10.5826807022095;602590800;10.5826807022095
2011-03-03;10.7350559015693;10.8131961709656;10.6968866106108;10.8062839508057;500788400;10.8062839508057
2011-03-04;10.8216129465368;10.8282250200674;10.7518872307349;10.8195095062256;453266800;10.8195095062256
2011-03-07;10.8615812647481;10.8696964809386;10.558335249619;10.6800546646118;546123200;10.6800546646118
2011-03-08;10.6665294912543;10.7413649134101;10.5865851424886;10.6920757293701;356316800;10.6920757293701
2011-03-09;10.6599180324313;10.6620222747091;10.536997219033;10.5931978225708;453306000;10.5931978225708
2011-03-10;10.4925186321594;10.5120547048426;10.3656902524815;10.4188861846924;507539200;10.4188861846924
2011-03-11;10.3786128308407;10.5886920093147;10.3686959251281;10.5787734985352;471080400;10.5787734985352
2011-03-14;10.6145356848837;10.7137151495638;10.558335085027;10.6259565353394;435957200;10.6259565353394
2011-03-15;10.2815368261511;10.4540477830802;10.221428685714;10.3816175460815;721081200;10.3816175460815
2011-03-16;10.2785337100805;10.3085877872324;9.80548033676831;9.91818332672119;1162011200;9.91818332672119
2011-03-17;10.1231501969732;10.2067011293984;9.93771606546586;10.0573320388794;659422400;10.0573320388794
2011-03-18;10.1321655748561;10.1643238831727;9.9178795769963;9.93801593780518;753214000;9.93801593780518
2011-03-21;10.0979050695203;10.2106072209167;10.075964613096;10.1973838806152;409402000;10.1973838806152
2011-03-22;10.2953645354219;10.2971678282192;10.1925784510392;10.2544898986816;325922800;10.2544898986816
2011-03-23;10.1967867982372;10.2250375847021;10.0967060478003;10.1940822601318;372996400;10.1940822601318
2011-03-24;10.2740252258125;10.3987501597051;10.1841631476036;10.3677940368652;404712000;10.3677940368652
2011-03-25;10.460960086428;10.5808762208028;10.4294028710521;10.5652484893799;448910000;10.5652484893799
2011-03-28;10.6136339976546;10.6487977923778;10.5321865081787;10.5321865081787;309355200;10.5321865081787
2011-03-29;10.4486404410293;10.5478191375732;10.4005542380263;10.5478191375732;352900800;10.5478191375732
2011-03-30;10.5381989689887;10.5454129409481;10.4420257842408;10.4777898788452;329406000;10.4777898788452
2011-03-31;10.4095701076917;10.5129564895094;10.4005544460318;10.4741868972778;274019200;10.4741868972778
2011-04-01;10.5523225990564;10.5667481318738;10.3175985148893;10.3554668426514;418661600;10.3554668426514
2011-04-04;10.3479581468961;10.3566736597852;10.1703374387776;10.2541885375977;460084800;10.2541885375977
2011-04-05;10.1279626018518;10.2860472598818;10.0982086715614;10.1850652694702;482731200;10.1850652694702
2011-04-06;10.2550872984367;10.3356319337719;10.1324658496282;10.1595144271851;402539200;10.1595144271851
2011-04-07;10.1613201664677;10.2313460165664;10.0991077810771;10.160719871521;373447200;10.160719871521
2011-04-08;10.2160183368267;10.2229305559738;10.0365951687174;10.0699548721313;377535200;10.0699548721313
2011-04-11;10.0399026525678;10.0882898044441;9.91848495285456;9.94192695617676;398946800;9.94192695617676
2011-04-12;9.932607760979;10.0299839473872;9.92389224881118;9.99001216888428;425639200;9.99001216888428
2011-04-13;10.0687513149727;10.1024119638126;9.99361575179537;10.1021118164062;346220000;10.1021118164062
2011-04-14;10.0621429427719;10.0982079942523;9.97979498370723;9.99061393737793;301800800;9.99061393737793
2011-04-15;10.0170606139126;10.0272792717196;9.82170873574358;9.84154415130615;453605600;9.84154415130615
2011-04-18;9.80066913715432;9.98490107513588;9.62214722316938;9.97348022460938;609898800;9.97348022460938
2011-04-19;10.0110481733802;10.1577119218948;9.96927230660559;10.1541061401367;419378400;10.1541061401367
2011-04-20;10.3239111445925;10.3912324424372;10.2635028675097;10.2908515930176;700666400;10.2908515930176
2011-04-21;10.6692326757427;10.673140209596;10.4744819589266;10.539999961853;753810400;10.539999961853
2011-04-25;10.5291820048261;10.6316671013872;10.5279790075375;10.6094264984131;266546000;10.6094264984131
2011-04-26;10.6277598221702;10.6689337897292;10.4994283378229;10.5315866470337;338800000;10.5315866470337
2011-04-27;10.5862843489787;10.5895907857284;10.4318063399834;10.5234708786011;356213200;10.5234708786011
2011-04-28;10.4044587147952;10.5114508544141;10.3843223507995;10.4212894439697;360959200;10.4212894439697
2011-04-29;10.4221911008468;10.637679336078;10.4188846633616;10.5228729248047;1006345200;10.5228729248047
2011-05-02;10.5111510784702;10.5330907356529;10.3837216203497;10.4071636199951;442713600;10.4071636199951
2011-05-03;10.4585564693298;10.5156591271686;10.3873276188739;10.4648675918579;313348000;10.4648675918579
2011-05-04;10.46667004469;10.5739639342611;10.425195122756;10.5060415267944;389250400;10.5060415267944
2011-05-05;10.4708779789541;10.5475167026451;10.4002510325016;10.4212894439697;335969200;10.4212894439697
2011-05-06;10.5096481283376;10.5189647376546;10.405059578418;10.4185838699341;280134400;10.4185838699341
2011-05-09;10.4546489829418;10.4949225159153;10.4146772025219;10.4468355178833;204747200;10.4468355178833
2011-05-10;10.4856059063914;10.5096498085157;10.4185855355537;10.5024366378784;282091600;10.5024366378784
2011-05-11;10.4895115882355;10.5189645605998;10.375906578373;10.4357137680054;3.36e+08;10.4357137680054
2011-05-12;10.4023576645281;10.4324117424247;10.2866491837398;10.4158811569214;3.22e+08;10.4158811569214
2011-05-13;10.3885327751294;10.4062639513898;10.228944965984;10.233452796936;326116000;10.233452796936
2011-05-16;10.194375978846;10.2550851921795;9.99601710905896;10.0170555114746;449775200;10.0170555114746
2011-05-17;9.97798922206349;10.1024131774902;9.93981993727675;10.1024131774902;452334400;10.1024131774902
2011-05-18;10.1123343584573;10.2499825043827;10.0982089655433;10.2145185470581;334776400;10.2145185470581
2011-05-19;10.280935003823;10.2908527098652;10.1784499012983;10.2343511581421;261170000;10.2343511581421
2011-05-20;10.2051982250439;10.2469740935072;10.0687523239728;10.0747632980347;337968400;10.0747632980347
2011-05-23;9.91698274456073;10.0976081722977;9.90045296064958;10.0501222610474;383600000;10.0501222610474
2011-05-24;10.0831794204602;10.0952013694886;9.95815355816542;9.98369979858398;321927200;9.98369979858398
2011-05-25;10.0209688527262;10.1751475804156;10.0035378246159;10.1216506958008;294224000;10.1216506958008
2011-05-26;10.0973100362632;10.1249597308082;10.0510263110782;10.0681571960449;222560800;10.0681571960449
2011-05-27;10.0621427672263;10.1471960651249;10.047416278361;10.1405839920044;203599200;10.1405839920044
2011-05-31;10.2514836544472;10.4537477493286;10.2484773643752;10.4537477493286;417754400;10.4537477493286
2011-06-01;10.4850045324973;10.5829802134384;10.358176171976;10.3840217590332;554682800;10.3840217590332
2011-06-02;10.4137744202905;10.4582548267141;10.3476553093401;10.4017524719238;338783200;10.4017524719238
2011-06-03;10.3139972564763;10.3786132389031;10.2788334499059;10.3218107223511;313250000;10.3218107223511
2011-06-06;10.3897298914187;10.430302757754;10.1526022090953;10.1595144271851;461941200;10.1595144271851
2011-06-07;10.1634226063174;10.1649249484845;9.97498219112726;9.9791898727417;529785200;9.9791898727417
2011-06-08;9.97137930191367;10.0621426240399;9.93741849425987;9.98520374298096;333723600;9.98520374298096
2011-06-09;10.0155576701857;10.0281807173073;9.94042209000519;9.96266269683838;275088800;9.96266269683838
2011-06-10;9.93440923390944;9.96776973657508;9.78293590726886;9.79465770721436;433955200;9.79465770721436
2011-06-13;9.83373170367746;9.86709222083771;9.76971681248922;9.81569957733154;329473200;9.81569957733154
2011-06-14;9.91788245617789;10.015558801701;9.89714499197349;9.99121475219727;334569200;9.99121475219727
2011-06-15;9.91037078940575;9.92690057351524;9.76400632048695;9.82020854949951;399196000;9.82020854949951
2011-06-16;9.82471365433925;9.87820972528155;9.5671494017679;9.77241897583008;510591200;9.77241897583008
2011-06-17;9.88752738305049;9.89534165052673;9.59810495668053;9.62515354156494;615020000;9.62515354156494
2011-06-20;9.53799681744346;9.54821547491831;9.33182519065122;9.47668647766113;640645600;9.47668647766113
2011-06-21;9.5175609221939;9.79165417649242;9.47308050695244;9.77662754058838;493382400;9.77662754058838
2011-06-22;9.77241675208215;9.88482035080487;9.68886582598978;9.69577884674072;390583200;9.69577884674072
2011-06-23;9.5854815160788;9.96867272884735;9.56083812473119;9.95484828948975;559759200;9.95484828948975
2011-06-24;9.95905786174376;10.0125539419723;9.77031723190789;9.80818557739258;439807200;9.80818557739258
2011-06-27;9.84544931853928;10.0350911259432;9.83523066318992;9.9791898727417;339813600;9.9791898727417
2011-06-28;10.0275806364191;10.1192460127166;10.0212695129801;10.0759677886963;294299600;10.0759677886963
2011-06-29;10.0994100228854;10.1093277313089;9.97438413863212;10.0393018722534;352545200;10.0393018722534
2011-06-30;10.0591353314752;10.1021133971691;10.0032348746211;10.0882873535156;322954800;10.0882873535156
2011-07-01;10.0967010038333;10.3236100324537;10.0441061905602;10.3163976669312;435313200;10.3163976669312
2011-07-05;10.308585496216;10.5138558649128;10.2935588622464;10.5018339157104;355054000;10.5018339157104
2011-07-06;10.4874090682652;10.6421888773928;10.4200877482238;10.5718612670898;444626000;10.5718612670898
2011-07-07;10.6593194995164;10.7593994295836;10.6391823309566;10.7353563308716;399663600;10.7353563308716
2011-07-08;10.6193430741116;10.8195044669177;10.5850813297622;10.810788154602;489633200;10.810788154602
2011-07-11;10.7095077778244;10.8125939772725;10.6037162387655;10.6391801834106;442674400;10.6391801834106
2011-07-12;10.6250533103549;10.7497789991216;10.4774875282749;10.6316661834717;451609200;10.6316661834717
2011-07-13;10.7693169903613;10.8195082322584;10.7107111856768;10.7600011825562;391638800;10.7600011825562
2011-07-14;10.8498625748199;10.8678955007094;10.7095099130475;10.7524871826172;430533600;10.7524871826172
2011-07-15;10.8546718188779;10.9697791918571;10.7945636684115;10.9673748016357;484467200;10.9673748016357
2011-07-18;10.9827035607588;11.2598031430883;10.9781957298792;11.2342576980591;572653200;11.2342576980591
2011-07-19;11.360485831566;11.3800211043841;11.2198321882891;11.3259239196777;819145600;11.3259239196777
2011-07-20;11.9050682390204;11.9095760702203;11.6009192422064;11.6279678344727;941340400;11.6279678344727
2011-07-21;11.6294660212234;11.7229338589773;11.5378006731541;11.639684677124;526534400;11.639684677124
2011-07-22;11.6706405416329;11.8729054143565;11.6535096660208;11.8203105926514;516728800;11.8203105926514
2011-07-25;11.731652089177;12.0216756357526;11.709713232576;11.9765949249268;589806000;11.9765949249268
2011-07-26;12.0216746958111;12.1569192253145;12.0120579383727;12.1241598129272;476582400;12.1241598129272
2011-07-27;12.0394084070819;12.1010197057369;11.7857508439763;11.7989749908447;659324400;11.7989749908447
2011-07-28;11.7698220033821;11.9312122778596;11.6649324896867;11.7758321762085;594034000;11.7758321762085
2011-07-29;11.6502041273723;11.8759109993613;11.5408068010204;11.7355575561523;632584400;11.7355575561523
2011-08-01;11.954954149209;12.0066469275665;11.7923608918153;11.9239988327026;612836000;11.9239988327026
2011-08-02;11.9510504756871;11.9585637948644;11.6715464954356;11.6883764266968;639539600;11.6883764266968
2011-08-03;11.7505825690867;11.8278223755842;11.4879102471392;11.7983694076538;732508000;11.7983694076538
2011-08-04;11.7034006167436;11.7608034186578;11.3409468685349;11.3415479660034;871407600;11.3415479660034
2011-08-05;11.4338148748867;11.5257811861598;10.8967467046789;11.2288446426392;1204590800;11.2288446426392
2011-08-08;10.8703022357727;11.0530319250278;10.6097324002234;10.6154432296753;1143833600;10.6154432296753
2011-08-09;10.8585772303337;11.2585991781277;10.6692355361122;11.2405662536621;1082583600;11.2405662536621
2011-08-10;11.1546122476139;11.2598019119274;10.8946443771327;10.9304084777832;878656800;10.9304084777832
2011-08-11;11.1356759676987;11.2838436777902;10.9613617227676;11.2312488555908;741969200;11.2312488555908
2011-08-12;11.3625844173192;11.4097693599943;11.2471769252459;11.3301267623901;528976000;11.3301267623901
2011-08-15;11.4094700926124;11.5699599026142;11.3631863912116;11.5230751037598;460544000;11.5230751037598
2011-08-16;11.4662717901205;11.5218720968685;11.302175406961;11.4350147247314;498750000;11.4350147247314
2011-08-17;11.4900164148094;11.556435682129;11.3604827126151;11.4338150024414;442061200;11.4338150024414
2011-08-18;11.1452961597383;11.1996950896423;10.860682473664;11.0013360977173;851435200;11.0013360977173
2011-08-19;10.8847244094527;11.0298866403987;10.6992902528594;10.7001914978027;775888400;10.7001914978027
2011-08-22;10.9550525203854;10.9661732262404;10.6719419968109;10.7125148773193;535315200;10.7125148773193
2011-08-23;10.8285219220122;11.2294450689726;10.7293432563791;11.2282428741455;656835200;11.2282428741455
2011-08-24;11.2243367197162;11.3893343686176;11.1380812366023;11.3057842254639;626267600;11.3057842254639
2011-08-25;10.9721802689743;11.2838424357722;10.969775879479;11.2318487167358;871346000;11.2318487167358
2011-08-26;11.1552143114031;11.5347990229009;11.1440944069615;11.52818775177;641477200;11.52818775177
2011-08-29;11.6664311863324;11.7662117410559;11.6610221127324;11.7202281951904;405269200;11.7202281951904
2011-08-30;11.6685390916127;11.7764341005633;11.6072287437047;11.7208337783813;417922400;11.7208337783813
2011-08-31;11.7382639510111;11.7836456079572;11.4764920116677;11.5657529830933;522586400;11.5657529830933
2011-09-01;11.5955057416395;11.6411875414715;11.4422291063891;11.451545715332;343725200;11.451545715332
2011-09-02;11.2625016752929;11.3604789299601;11.1750448271575;11.2417650222778;438939200;11.2417650222778
2011-09-06;11.0410067050009;11.4305090739094;11.0142582663655;11.4127779006958;509698000;11.4127779006958
2011-09-07;11.5876912006021;11.5888933954394;11.4806974651504;11.5387029647827;350576800;11.5387029647827
2011-09-08;11.4927197071839;11.6793568490414;11.4900151699975;11.5450143814087;416158400;11.5450143814087
2011-09-09;11.5387038737073;11.6009154551041;11.2709201690748;11.3448543548584;564813200;11.3448543548584
2011-09-12;11.2102119467544;11.4470379326124;11.1771515854933;11.4187879562378;467832400;11.4187879562378
2011-09-13;11.4849081767753;11.6072287248704;11.4281056595292;11.5594434738159;440560400;11.5594434738159
2011-09-14;11.6315735606846;11.7875547810997;11.5937052132975;11.7000970840454;534724400;11.7000970840454
2011-09-15;11.7641101722444;11.8311313379906;11.7181274184634;11.8100929260254;417818800;11.8100929260254
2011-09-16;11.8876339789494;12.0367021560669;11.8723063929601;12.0367021560669;698513200;12.0367021560669
2011-09-19;11.9315125108413;12.4192923305847;11.8774161398156;12.371205329895;823860800;12.371205329895
2011-09-20;12.4799995313296;12.7087126939845;12.3579799607864;12.4259023666382;775754000;12.4259023666382
2011-09-21;12.6119387263692;12.6705445283237;12.3823251010439;12.3865327835083;605976000;12.3865327835083
2011-09-22;12.0526261936337;12.3168024237999;11.9224914440375;12.0763683319092;968480800;12.0763683319092
2011-09-23;12.0300912226142;12.2242417206286;12.0171680264207;12.1509094238281;546277200;12.1509094238281
2011-09-26;12.0174665942421;12.141290266961;11.7602032942348;12.116946220398;812876400;12.116946220398
2011-09-27;12.2840512102332;12.2996789470754;11.9633732282631;11.9994382858276;632497600;11.9994382858276
2011-09-28;12.0273835693136;12.134076358703;11.9167840478264;11.931812286377;429637600;11.931812286377
2011-09-29;12.0793753655659;12.0880908752187;11.6072234643213;11.738260269165;651086800;11.738260269165
2011-09-30;11.6345755895733;11.6877723116643;11.4560536628362;11.4602613449097;547640800;11.4602613449097
2011-10-03;11.4317107742258;11.4999333293388;11.2153205046622;11.2582969665527;669099200;11.2582969665527
2011-10-04;11.2573961393453;11.4746876618915;10.6463953978119;11.1951837539673;1233677200;11.1951837539673
2011-10-05;11.0557338309803;11.4151813182406;10.828523784779;11.3679971694946;786469600;11.3679971694946
2011-10-06;11.2201286849542;11.5642493616385;11.1741459324093;11.3415479660034;812582400;11.3415479660034
2011-10-07;11.2937616396884;11.3526675850731;11.074666834323;11.1140375137329;535458000;11.1140375137329
2011-10-10;11.3932442295188;11.6853704452515;11.366795934672;11.6853704452515;442514800;11.6853704452515
2011-10-11;11.7983727126105;12.1172481279712;11.766215198835;12.0303907394409;605687600;12.0303907394409
2011-10-12;12.2422719279193;12.2996747292234;12.0258816567375;12.0874929428101;622286000;12.0874929428101
2011-10-13;12.171348657169;12.2750368118286;12.1073337552366;12.2750368118286;426185200;12.2750368118286
2011-10-14;12.5274860217757;12.6828660964966;12.4806004220951;12.6828660964966;573367200;12.6828660964966
2011-10-17;12.6750542431175;12.8241232244527;12.5007391648399;12.6224594116211;686044800;12.6224594116211
2011-10-18;12.6756514440887;12.767317593716;12.5022392582594;12.6900777816772;881602400;12.6900777816772
2011-10-19;12.0622466506106;12.2747293693828;11.9555538662653;11.9801988601685;1104059600;11.9801988601685
2011-10-20;12.0216756579755;12.0321944637699;11.8476623322419;11.8807210922241;549270400;11.8807210922241
2011-10-21;11.9645753977407;11.9958316738913;11.7436764190519;11.807391166687;621244400;11.807391166687
2011-10-24;11.9068689417376;12.2170272426336;11.8834269405444;12.1950883865356;502138000;12.1950883865356
2011-10-25;12.1728453782861;12.2185279791379;11.9429316368277;11.9546518325806;430427200;11.9546518325806
2011-10-26;12.074568275968;12.0983120256727;11.8158018518646;12.0397062301636;456304800;12.0397062301636
2011-10-27;12.2488836565492;12.2921626754477;12.0784769335701;12.1626281738281;494664800;12.1626281738281
2011-10-28;12.1118367795441;12.2125186030566;12.0971102922662;12.1704425811768;322842800;12.1704425811768
2011-10-31;12.0944039521429;12.3020786906091;12.0532291813709;12.1653318405151;385501200;12.1653318405151
2011-11-01;11.9438336718719;12.0066463493488;11.8179065643916;11.916784286499;531790000;11.916784286499
2011-11-02;12.0243797626771;12.0348985673906;11.8747088966158;11.9438343048096;327350800;11.9438343048096
2011-11-03;11.993725988631;12.1238608090218;11.8822251936767;12.1139430999756;441386400;12.1139430999756
2011-11-04;12.082682854608;12.125059017302;11.9964273844608;12.0288858413696;302229200;12.0288858413696
2011-11-07;12.0189709754904;12.0216755131496;11.9053659481997;12.013560295105;270275600;12.013560295105
2011-11-08;12.0880954555181;12.2621095797899;12.068560186977;12.2089128494263;400442000;12.2089128494263
2011-11-09;11.9306104512072;12.0484231534596;11.8482625014104;11.8798189163208;558684000;11.8798189163208
2011-11-10;11.9324132731503;11.9378231504302;11.4852071842793;11.5774736404419;744752400;11.5774736404419
2011-11-11;11.6192506764146;11.6820641694329;11.4284066095845;11.5594434738159;653786000;11.5594434738159
2011-11-14;11.5263841621919;11.5783787061134;11.3664962046853;11.3983535766602;432905200;11.3983535766602
2011-11-15;11.444635808476;11.7061068243406;11.4040629273592;11.6859712600708;430810800;11.6859712600708
2011-11-16;11.6985922121024;11.7553947209027;11.550424490218;11.5639495849609;349210400;11.5639495849609
2011-11-17;11.5402039174809;11.5582368391228;11.2853450452075;11.3427486419678;479900400;11.3427486419678
2011-11-18;11.3881325367411;11.4202900495442;11.2667132480075;11.2685165405273;371938000;11.2685165405273
2011-11-21;11.1320710171787;11.1705412589854;10.9971282334916;11.0902967453003;447980400;11.0902967453003
2011-11-22;11.1507047820806;11.3583795593361;11.1483003920234;11.3157024383545;409021200;11.3157024383545
2011-11-23;11.255591900377;11.2955644781676;11.026278447515;11.0295848846436;428271200;11.0295848846436
2011-11-25;11.0725661568914;11.1546139793887;10.9192894670115;10.9268035888672;254760800;10.9268035888672
2011-11-28;11.1906720322551;11.3220089770879;11.1299628129571;11.30397605896;346413200;11.30397605896
2011-11-29;11.2955631483158;11.385425197103;11.1260577058386;11.2162199020386;375855200;11.2162199020386
2011-11-30;11.4593637174385;11.4891168462648;11.3695008257302;11.4867124557495;405938400;11.4867124557495
2011-12-01;11.4969281305767;11.6910777990787;11.4431311105645;11.6589202880859;387181200;11.6589202880859
2011-12-02;11.7160229737716;11.830229086297;11.6784555854252;11.7121162414551;379055600;11.7121162414551
2011-12-05;11.8260193926558;11.9137780039177;11.7328517075781;11.8115930557251;357210000;11.8115930557251
2011-12-06;11.7965691370759;11.8602846706407;11.7025001855715;11.7496843338013;283598000;11.7496843338013
2011-12-07;11.7190309642007;11.7493859918719;11.6237590005014;11.6937856674194;304746400;11.6937856674194
2011-12-08;11.7647116543797;11.8864310901482;11.7280455091463;11.7409687042236;376356400;11.7409687042236
2011-12-09;11.8067863968491;11.842550490681;11.7520873324161;11.829927444458;296993200;11.829927444458
2011-12-12;11.7716232575705;11.8383434719929;11.7046028956784;11.7764320373535;301067200;11.7764320373535
2011-12-13;11.8112975857112;11.8834284963961;11.6339778033837;11.6853704452515;338928800;11.6853704452515
2011-12-14;11.6219547965935;11.6423921134842;11.3508662192815;11.4263019561768;406887600;11.4263019561768
2011-12-15;11.5206709956001;11.5329930924353;11.3697987411688;11.3887329101562;256200000;11.3887329101562
2011-12-16;11.4314127502981;11.5453179388172;11.4076697959091;11.4512481689453;421478400;11.4512481689453
2011-12-19;11.4948233146724;11.5663523003018;11.4350145245588;11.4870090484619;235530400;11.4870090484619
2011-12-20;11.6538115303515;11.9044643822002;11.6387848948124;11.8999557495117;337215200;11.8999557495117
2011-12-21;11.9221961174711;11.9405299940507;11.7815425006143;11.9149837493896;262948000;11.9149837493896
2011-12-22;11.9315123046743;11.9955287903423;11.9044645208956;11.9780969619751;202358800;11.9780969619751
2011-12-23;12.0123554260961;12.1295670046995;12.0063444524446;12.1217527389526;269399200;12.1217527389526
2011-12-27;12.114844417671;12.2948687225099;12.1124392249035;12.2179298400879;265076000;12.2179298400879
2011-12-28;12.2287473976432;12.2696204192066;12.0619464665456;12.101016998291;228662000;12.101016998291
2011-12-29;12.1238595853023;12.1914818540832;12.0370038004985;12.1755523681641;215978000;12.1755523681641
2011-12-30;12.1271651607739;12.2104159650304;12.1265648657762;12.1719465255737;179662000;12.1719465255737
2012-01-03;12.3041848967317;12.3973526013167;12.2921629467724;12.3591833114624;302220800;12.3591833114624
2012-01-04;12.322215602332;12.4628700022447;12.3005768960172;12.4256019592285;260022000;12.4256019592285
2012-01-05;12.470985293789;12.5791796355047;12.4024609801511;12.563551902771;271269600;12.563551902771
2012-01-06;12.6158467512856;12.7054078739064;12.5993169708001;12.6948890686035;318292800;12.6948890686035
2012-01-09;12.7880580692911;12.8556795363553;12.6633323358019;12.6747531890869;394024400;12.6747531890869
2012-01-10;12.8003754110545;12.8030807504215;12.6678362530031;12.7201309204102;258196400;12.7201309204102
2012-01-11;12.7033019118217;12.708411641302;12.6020198025709;12.6993951797485;215084800;12.6993951797485
2012-01-12;12.6912791854343;12.7099124011248;12.5851875073644;12.6645307540894;212587200;12.6645307540894
2012-01-13;12.6137443843926;12.636284339445;12.5824873107837;12.6170492172241;226021600;12.6170492172241
2012-01-17;12.7489858529052;12.8027836778888;12.7117186104384;12.7640132904053;242897200;12.7640132904053
2012-01-18;12.8319372081945;12.907372946961;12.8121017909008;12.8965539932251;276791200;12.8965539932251
2012-01-19;12.927807693728;12.964473033172;12.818410365247;12.8556776046753;261738400;12.8556776046753
2012-01-20;12.8478660208435;12.848166168365;12.6152460739305;12.6317758560181;413974400;12.6317758560181
2012-01-23;12.7030030413174;12.8767170079101;12.6918831388836;12.8454599380493;306062400;12.8454599380493
2012-01-24;12.776031995586;12.776031995586;12.6092310930991;12.6350774765015;547638000;12.6350774765015
2012-01-25;13.657826860188;13.6581270077252;13.3359467151893;13.4240055084229;958314000;13.4240055084229
2012-01-26;13.4750951113224;13.4880175033208;13.3182126819713;13.3629932403564;323985200;13.3629932403564
2012-01-27;13.3542815036036;13.4787063168096;13.3371514233799;13.4426412582397;299709200;13.4426412582397
2012-01-30;13.3954467186918;13.6415908430569;13.3858299645624;13.614842414856;379341200;13.614842414856
2012-01-31;13.6923868458925;13.7720302614295;13.616650162992;13.7191352844238;391683600;13.7191352844238
2012-02-01;13.7771368435974;13.7945678642487;13.6911823299773;13.7104158401489;270046000;13.7104158401489
2012-02-02;13.7017066228496;13.7398751183805;13.6440028556995;13.6782646179199;186796400;13.6782646179199
2012-02-03;13.7437794281105;13.8249251764046;13.691484752401;13.8153076171875;286599600;13.8153076171875
2012-02-06;13.7762382324403;13.974595592608;13.7708291574636;13.9442405700684;249412800;13.9442405700684
2012-02-07;13.9827084404807;14.1179529477115;13.9625712763394;14.0903024673462;316223600;14.0903024673462
2012-02-08;14.1404939972975;14.3295339276123;14.1164500994556;14.326229095459;407890000;14.326229095459
2012-02-09;14.4488487015311;14.9294152400967;14.4428377275128;14.8218212127686;884214800;14.8218212127686
2012-02-10;14.7554054832326;14.9555653481546;14.6829736302649;14.8293380737305;631302000;14.8293380737305
2012-02-13;15.0129668894072;15.1422004362688;14.9396346040351;15.1052341461182;517216000;15.1052341461182
2012-02-14;15.1671487776384;15.3144136821543;15.0872052016252;15.311408996582;460398400;15.311408996582
2012-02-15;15.4556673750802;15.8172183220174;14.9336257900056;14.9570693969727;1506120000;14.9570693969727
2012-02-16;14.7716324638647;15.1740579910366;14.6252680387354;15.0935125350952;944552000;15.0935125350952
2012-02-17;15.1205648577639;15.2606181953554;15.0361126486493;15.0908117294312;535805200;15.0908117294312
2012-02-21;15.2338623260494;15.4733943939209;15.1509125001533;15.4733943939209;605595200;15.4733943939209
2012-02-22;15.4201990056679;15.4926292333138;15.2996809878286;15.4189968109131;483302400;15.4189968109131
2012-02-23;15.4803112456749;15.5629609531991;15.3126090455455;15.519681930542;568027600;15.519681930542
2012-02-24;15.618265042006;15.715339514689;15.5873097132995;15.7006130218506;415072000;15.7006130218506
2012-02-27;15.6675464286213;15.8836365476776;15.5163748340792;15.8012886047363;547582000;15.8012886047363
2012-02-28;15.867408809695;16.0913124084473;15.8039942282451;16.0913124084473;600387200;16.0913124084473
2012-02-29;16.276146544943;16.4579749364023;16.1000289812864;16.3025932312012;952011200;16.3025932312012
2012-03-01;16.4747965472717;16.4760003468497;16.1922872572505;16.3635959625244;683270000;16.3635959625244
2012-03-02;16.3566922266648;16.43362950141;16.3049978383867;16.3849430084229;431712400;16.3849430084229
2012-03-05;16.3921492628616;16.4540598755667;15.8084958376008;16.0236854553223;809124400;16.0236854553223
2012-03-06;15.738178438494;16.0396212668637;15.5145749420162;15.9365358352661;810238800;15.9365358352661
2012-03-07;16.1330880444215;16.1625410199536;15.7273560519981;15.9494571685791;798520800;15.9494571685791
2012-03-08;16.0696773124593;16.3191272218055;15.9924382700464;16.2890739440918;516457200;16.2890739440918
2012-03-09;16.3557984875957;16.4618902506328;16.3227389087389;16.384651184082;418919200;16.384651184082
2012-03-12;16.4991493903469;16.5899143218994;16.4396415327843;16.5899143218994;407282400;16.5899143218994
2012-03-13;16.7564105438474;17.0761863569256;16.7026119216451;17.0737819671631;690855200;17.0737819671631
2012-03-14;17.3728189959274;17.8738211889543;17.2931739997392;17.7193431854248;1418844000;17.7193431854248
2012-03-15;18.0207927328482;18.0328146842074;17.3878522419189;17.5985317230225;1159718000;17.5985317230225
2012-03-16;17.5732849323932;17.7079275721752;17.3713209727202;17.5988311767578;825487600;17.5988311767578
2012-03-19;17.9835249331388;18.0857083018562;17.7034199078495;18.0655727386475;901236000;18.0655727386475
2012-03-20;18.0177890393586;18.2398885839458;17.7764543715378;18.2116394042969;816662000;18.2116394042969
2012-03-21;18.1148582038966;18.3225329504888;18.0748872314311;18.10764503479;644042000;18.10764503479
2012-03-22;17.9657944409781;18.1677600241548;17.8981729674087;18.0126800537109;623870800;18.0126800537109
2012-03-23;18.0472358831203;18.0866065588027;17.8642053372323;17.9137954711914;430488800;17.9137954711914
2012-03-26;18.0262060067952;18.2474067531902;17.8900625924108;18.2422962188721;595742000;18.2422962188721
2012-03-27;18.2182454214428;18.5217923996327;18.2146388368765;18.4676952362061;607129600;18.4676952362061
2012-03-28;18.5849090410887;18.6771763114017;18.3423721981699;18.562068939209;655460400;18.562068939209
2012-03-29;18.41660460597;18.530209623609;18.249804466973;18.3288459777832;608238400;18.3288459777832
2012-03-30;18.2960863718856;18.3498833926943;17.9705997096326;18.0189876556396;731038000;18.0189876556396
2012-04-02;18.087509962402;18.5966274575619;18.043930799142;18.5924205780029;598351600;18.5924205780029
2012-04-03;18.8529862578273;19.0005544569002;18.7090278530715;18.9136962890625;834559600;18.9136962890625
2012-04-04;18.7643361979898;18.8097178669236;18.5434372247743;18.7631340026855;572980800;18.7631340026855
2012-04-05;18.8433656779458;19.0741821938606;18.7357716838021;19.0447292327881;641298000;19.0447292327881
2012-04-09;18.8178271347427;19.2298702158054;18.79288279387;19.121374130249;597536800;19.121374130249
2012-04-10;19.232576817344;19.3548973551215;18.8139224217986;18.8872547149658;889725200;18.8872547149658
2012-04-11;19.1204694598486;19.1406050165729;18.7339711000516;18.8199272155762;696614800;18.8199272155762
2012-04-12;18.7838638084389;18.9741075263296;18.6486192994816;18.7168426513672;614336800;18.7168426513672
2012-04-13;18.7571225001139;18.7748552816206;18.1380063814091;18.1896991729736;859644800;18.1896991729736
2012-04-16;18.3348562484676;18.3414675180488;17.378833602663;17.4353351593018;1050786800;17.4353351593018
2012-04-17;17.3995666349893;18.33304748698;17.1882853437727;18.324031829834;1025528000;18.324031829834
2012-04-18;18.4448600451888;18.6411148132137;18.1139626159614;18.2831687927246;954531200;18.2831687927246
2012-04-19;18.0391236769212;18.1746683536215;17.5672725747326;17.6550312042236;834719200;17.6550312042236
2012-04-20;17.7734345344897;17.8708106665751;17.1434991743135;17.22043800354;1030985200;17.22043800354
2012-04-23;17.1492185141367;17.3313470262122;16.7287600830155;17.1819763183594;966529200;17.1819763183594
2012-04-24;16.9087862293371;17.0614617862618;16.6800738439709;16.8387603759766;1076149200;16.8387603759766
2012-04-25;18.5025618021049;18.5734897108347;18.2128391914398;18.3330554962158;905777600;18.3330554962158
2012-04-26;18.4613769669244;18.4740008116495;18.0965197657133;18.2639217376709;536068400;18.2639217376709
2012-04-27;18.1848908519633;18.2182505648189;18.0475420572903;18.1226768493652;406722400;18.1226768493652
2012-04-30;17.9663862137271;17.9844191315364;17.5215838714947;17.5510368347168;506144800;17.5510368347168
2012-05-01;17.5786971697341;17.9351392171857;17.4683985694593;17.4954471588135;610999200;17.4954471588135
2012-05-02;17.4386397838575;17.653827858547;17.3971648618032;17.6111507415771;427389200;17.6111507415771
2012-05-03;17.7470013030962;17.7740498924751;17.4404479483572;17.4861297607422;390549600;17.4861297607422
2012-05-04;17.3436701966467;17.3821388302117;16.9857242721949;16.9881286621094;529992400;16.9881286621094
2012-05-07;16.8754249968514;17.2141357880001;16.8673097799585;17.1152572631836;460118400;17.1152572631836
2012-05-08;17.1182642635285;17.1759680218321;16.7921772773327;17.0761890411377;497252000;17.0761890411377
2012-05-09;16.9415509941939;17.2505087906933;16.8558965785639;17.1062469482422;480704000;17.1062469482422
2012-05-10;17.2685333625973;17.3076038951522;17.0840020592217;17.1465129852295;333200000;17.1465129852295
2012-05-11;16.9806164906661;17.2652301469973;16.9610812225594;17.0320091247559;399546000;17.0320091247559
2012-05-14;16.9075818139839;17.0560488663215;16.758212714236;16.7768459320068;352626400;16.7768459320068
2012-05-15;16.8739278079678;16.927122942542;16.5824010715735;16.6250782012939;476336000;16.6250782012939
2012-05-16;16.6515271352866;16.7368813979975;16.2605215337934;16.411994934082;560896000;16.411994934082
2012-05-17;16.3888411953894;16.4546601376926;15.932318687439;15.932318687439;717220000;15.932318687439
2012-05-18;16.0477338175723;16.3317455705026;15.6936962108167;15.9401397705078;732292400;15.9401397705078
2012-05-21;16.0639612964562;16.8766257224388;16.0504354011233;16.8688106536865;631106000;16.8688106536865
2012-05-22;17.1173605812255;17.247496178815;16.6073426131944;16.7392807006836;694870400;16.7392807006836
2012-05-23;16.7552033803868;17.2150340022883;16.6268735165086;17.1477127075195;584897600;17.1477127075195
2012-05-24;17.3073095842341;17.3262445619674;16.8673157234153;16.9902381896973;496230000;16.9902381896973
2012-05-25;16.9682915075963;17.0061598423323;16.7843589081358;16.8991661071777;328507200;16.8991661071777
2012-05-29;17.1579330503691;17.2511007408887;16.9899307389837;17.1991062164307;380508800;17.1991062164307
2012-05-30;17.106838679048;17.4311230702699;17.027495435147;17.4064788818359;529429600;17.4064788818359
2012-05-31;17.4536645952578;17.4765062962687;17.1747634292985;17.3632030487061;491674400;17.3632030487061
2012-06-01;17.1056371268519;17.2105266104041;16.8459694861982;16.8600940704346;520987600;16.8600940704346
2012-06-04;16.8754316026259;17.0557560941522;16.4847277351186;16.9592819213867;556995600;16.9592819213867
2012-06-05;16.8685155451389;17.0247977060706;16.7801566083291;16.9153995513916;388214400;16.9153995513916
2012-06-06;17.0638622673235;17.2465910527272;16.9956389195824;17.1747627258301;401455600;17.1747627258301
2012-06-07;17.3499849264277;17.3508853690329;17.1459167039382;17.1825828552246;379766800;17.1825828552246
2012-06-08;17.1789755446135;17.4488627395076;17.1008344645096;17.441047668457;347516400;17.441047668457
2012-06-11;17.6634476340879;17.6868896353497;17.1498214286939;17.166051864624;591264800;17.166051864624
2012-06-12;17.2649357889597;17.3298511326656;17.0317146885122;17.3160266876221;435380400;17.3160266876221
2012-06-13;17.2667286677474;17.3857427400691;17.1423039164173;17.19580078125;293580000;17.19580078125
2012-06-14;17.1681510201749;17.2360742251182;17.048536647993;17.1768665313721;345573200;17.1768665313721
2012-06-15;17.1609427468364;17.2697390017183;17.1173635733519;17.255012512207;335255200;17.255012512207
2012-06-18;17.1597432027476;17.6685590957806;17.142010421708;17.6051445007324;440412000;17.6051445007324
2012-06-19;17.533605315361;17.7319625903931;17.5245896592472;17.6541233062744;361404400;17.6541233062744
2012-06-20;17.6781813600159;17.7094384445398;17.4554798492522;17.6039485931396;358943200;17.6039485931396
2012-06-21;17.5949256139534;17.6784757705618;17.3544913954598;17.3614044189453;326351200;17.3614044189453
2012-06-22;17.4025756641225;17.4972457055254;17.2937794310953;17.4945411682129;284471600;17.4945411682129
2012-06-25;17.3502849027121;17.4254212998876;17.1420098015866;17.15403175354;304382400;17.15403175354
2012-06-26;17.1708629396703;17.2658347664208;17.0506466158583;17.1919021606445;276536400;17.1919021606445
2012-06-27;17.2811628097359;17.3334575082714;17.188596972001;17.2661361694336;202997200;17.2661361694336
2012-06-28;17.1810760318511;17.2511018780753;16.9989475181235;17.1023330688477;282836400;17.1023330688477
2012-06-29;17.37131735598;17.551643371582;17.258614398762;17.551643371582;421500800;17.551643371582
2012-07-02;17.5735872581077;17.836259670718;17.5396256470157;17.8077087402344;400092000;17.8077087402344
2012-07-03;17.8786426414917;18.032520459296;17.8521959448821;18.0147876739502;241712800;18.0147876739502
2012-07-05;18.0493401502926;18.4634874661389;18.0219914200738;18.3312492370605;484383200;18.3312492370605
2012-07-06;18.2455983317652;18.2861712136329;18.080000366418;18.2092323303223;418930400;18.2092323303223
2012-07-09;18.1917972875976;18.4502627634165;18.1560331941485;18.4499626159668;379405600;18.4499626159668
2012-07-10;18.5725843595475;18.6296878164387;18.1920984904061;18.2792568206787;511957600;18.2792568206787
2012-07-11;18.216445875098;18.2627295860543;17.9489646757827;18.1656551361084;469322000;18.1656551361084
2012-07-12;18.0397310549814;18.1368055213536;17.8125209473308;17.9994583129883;428041600;17.9994583129883
2012-07-13;18.1211744142259;18.2486022777378;18.0325137307143;18.1818828582764;311427200;18.1818828582764
2012-07-16;18.1863915722647;18.3817426562589;18.1833852820124;18.2401885986328;301260400;18.2401885986328
2012-07-17;18.3567984411271;18.3781378053481;18.1271839929888;18.2410907745361;293624800;18.2410907745361
2012-07-18;18.2305693338655;18.2831641602298;18.1395042682952;18.2206516265869;252700000;18.2206516265869
2012-07-19;18.3715216046092;18.4938421246222;18.2128350907906;18.4628868103027;436861600;18.4628868103027
2012-07-20;18.4241211642567;18.4664981433511;18.1437159582951;18.1617488861084;397471200;18.1617488861084
2012-07-23;17.8642059271952;18.2098297188985;17.6631440578334;18.1476173400879;487975600;18.1476173400879
2012-07-24;18.2543143060812;18.3234397253197;17.9877335480748;18.0601654052734;565132400;18.0601654052734
2012-07-25;17.2649237719059;17.455465999022;17.1308814810791;17.2802505493164;877312800;17.2802505493164
2012-07-26;17.4242127018999;17.443447819729;17.1417049341172;17.2775497436523;406632800;17.2775497436523
2012-07-27;17.2814678111377;17.606654512437;17.178682490418;17.5865173339844;403936400;17.5865173339844
2012-07-30;17.7596121735135;18.0156731659863;17.666442908032;17.8831348419189;379142400;17.8831348419189
2012-07-31;18.1295879906362;18.3841483827718;18.1142612072941;18.3558959960938;462327600;18.3558959960938
2012-08-01;18.5106686426953;18.5253951253398;18.1226679580009;18.237174987793;384501600;18.237174987793
2012-08-02;18.1178724452914;18.3537964668288;18.0400314983199;18.2666397094727;332158400;18.2666397094727
2012-08-03;18.4421516248393;18.5728875251281;18.3799392360067;18.5043640136719;344920800;18.5043640136719
2012-08-06;18.5521436759848;18.7799555621709;18.4911351029684;18.7102298736572;302103200;18.7102298736572
2012-08-07;18.7168493783659;18.7838705595257;18.5746934019368;18.6609497070312;290446800;18.6609497070312
2012-08-08;18.6152702401929;18.7502146788659;18.5464465540848;18.6293964385986;244706000;18.6293964385986
2012-08-09;18.6487019830094;18.7658139466326;18.6471931904373;18.7356300354004;221642400;18.7356300354004
2012-08-10;18.6746626623423;18.7667199731234;18.6743612261919;18.7649097442627;194938800;18.7649097442627
2012-08-13;18.815921906578;19.0154323577881;18.8116953522463;19.0154323577881;278832400;19.0154323577881
2012-08-14;19.071884032575;19.2753196975055;19.0217795131221;19.0664501190186;340169200;19.0664501190186
2012-08-15;19.0546684096069;19.1361625574856;18.9475183384424;19.0404815673828;257342400;19.0404815673828
2012-08-16;19.0519491935047;19.2194654522754;19.0305182155469;19.2067890167236;254534000;19.2067890167236
2012-08-17;19.3172605874914;19.5644607638084;19.2813429438128;19.5620460510254;442761200;19.5620460510254
2012-08-20;19.6193944213307;20.0763683319092;19.6160737883073;20.0763683319092;613384800;20.0763683319092
2012-08-21;20.2475067867833;20.3700510417426;19.629051778135;19.802001953125;812719600;19.802001953125
2012-08-22;19.7525064284122;20.1925774520677;19.5620503486956;20.1886539459229;565322800;20.1886539459229
2012-08-23;20.1053477017582;20.2197419226538;19.955638702076;20.0003108978271;420128800;20.0003108978271
2012-08-24;19.9061383986997;20.2070651864475;19.7866133168249;20.0181179046631;437340400;20.0181179046631
2012-08-27;20.5242933549568;20.5508552044054;20.3296123109312;20.3942050933838;427008400;20.3942050933838
2012-08-28;20.3730718402284;20.4068778242906;20.242981990344;20.367639541626;267416800;20.367639541626
2012-08-29;20.3812183123448;20.4542609542558;20.3012329683679;20.3274917602539;202806800;20.3274917602539
2012-08-30;20.2420802996599;20.269546456294;20.0069520094183;20.0377388000488;302699600;20.0377388000488
2012-08-31;20.139753952164;20.180501024584;19.8379212786002;20.0790863037109;338321200;20.0790863037109
2012-09-04;20.0947833104779;20.3779011718729;20.0567523845635;20.3727703094482;367892000;20.3727703094482
2012-09-05;20.3908742954504;20.4144169352023;20.2106800108011;20.2296962738037;336375200;20.2296962738037
2012-09-06;20.3184443680516;20.4729828114062;20.2469104940477;20.4120121002197;391196400;20.4120121002197
2012-09-07;20.4657399632805;20.5994535361812;20.3969238412241;20.5378799438477;329666400;20.5378799438477
2012-09-10;20.5381703789896;20.6238894523879;19.9843081689479;20.003625869751;487998000;20.003625869751
2012-09-11;20.0751582680373;20.2257715227426;19.8152800820221;19.9387302398682;503983200;19.9387302398682
2012-09-12;20.1276885297138;20.2197474840334;19.8002014132979;20.2164268493652;712233200;20.2164268493652
2012-09-13;20.4452157362826;20.6906057876235;20.3667391496513;20.6145439147949;598360000;20.6145439147949
2012-09-14;20.8252158407572;21.0371012554958;20.7627347415934;20.8650569915771;600474000;20.8650569915771
2012-09-17;21.1086406899882;21.122223050627;20.9655729429981;21.1216201782227;398031200;21.1216201782227
2012-09-18;21.1246333224712;21.1985818939516;21.0201994020242;21.185905456543;373503200;21.185905456543
2012-09-19;21.1361078708035;21.2486902592818;21.1152813701429;21.1916446685791;326874800;21.1916446685791
2012-09-20;21.1029016624619;21.1300679909607;20.9356868092912;21.089017868042;336568400;21.089017868042
2012-09-21;21.2009950619198;21.2812818462536;21.1089361494517;21.1309700012207;571589200;21.1309700012207
2012-09-24;20.731661531746;20.9809751768699;20.6151539681174;20.8502807617188;639766400;20.8502807617188
2012-09-25;20.7739009611613;20.9103306184506;20.3133049856324;20.3296051025391;518789600;20.3296051025391
2012-09-26;20.1847315691015;20.3039552246988;19.9571504684256;20.0772800445557;576503200;20.0772800445557
2012-09-27;20.0504200563711;20.5900957051787;19.9314978174166;20.5644397735596;594090000;20.5644397735596
2012-09-28;20.4868671325115;20.5580995721335;20.124668150369;20.135232925415;535110800;20.135232925415
2012-10-01;20.2577716188772;20.4264968783979;19.8152859142507;19.902515411377;543594800;19.902515411377
2012-10-02;19.9755499004516;20.1125823970242;19.6387056153228;19.9604587554932;627992400;19.9604587554932
2012-10-03;20.0676193116953;20.2789018827885;20.0003103895871;20.2665252685547;424281200;20.2665252685547
2012-10-04;20.2604858909554;20.3510360132447;20.0884432377382;20.1261711120605;370725600;20.1261711120605
2012-10-05;20.0778840198557;20.1020295437097;19.6577335284705;19.6972732543945;594006000;19.6972732543945
2012-10-08;19.5249255173722;19.5454505807228;19.1998515854205;19.2620296478271;637994000;19.2620296478271
2012-10-09;19.2765146833284;19.332051468736;18.8207480957177;19.1920013427734;838597200;19.1920013427734
2012-10-10;19.3094136952224;19.467574172765;19.226712192931;19.3447284698486;510356000;19.3447284698486
2012-10-11;19.5134588664219;19.5345868047598;18.9580860137939;18.9580860137939;546081200;18.9580860137939
2012-10-12;19.0021439167988;19.1778102132056;18.8735645119777;19.0066719055176;460014800;19.0066719055176
2012-10-15;19.0863640736083;19.1702729475527;18.829806412946;19.1591053009033;432502000;19.1591053009033
2012-10-16;19.177515154005;19.6281509287142;19.0456134608425;19.612756729126;549771600;19.612756729126
2012-10-17;19.5849886030097;19.7033063222586;19.4379957624022;19.4564075469971;389037600;19.4564075469971
2012-10-18;19.3048894436623;19.3794408948028;19.0154317358231;19.0951156616211;476624400;19.0951156616211
2012-10-19;19.0471264722194;19.0688572819628;18.4002991920393;18.4069404602051;744086000;18.4069404602051
2012-10-22;18.4848065206951;19.177812955875;18.4347020374363;19.1370658874512;546730800;19.1370658874512
2012-10-23;19.045614999936;19.1331475542386;18.4630807089054;18.51318359375;707145600;18.51318359375
2012-10-24;18.7570619297945;18.9112972908262;18.431082120426;18.6179161071777;558527200;18.6179161071777
2012-10-25;18.7135989661783;18.7739667976203;18.2774514587477;18.3978824615479;656325600;18.3978824615479
2012-10-26;18.3945574903947;18.5324959377663;17.8382821594593;18.2306632995605;1018432800;18.2306632995605
2012-10-31;17.9553927860582;18.1690900264924;17.7386779606945;17.9686737060547;510003200;17.9686737060547
2012-11-01;18.0562119841242;18.2004870984526;17.9339707294178;18.0055046081543;361298000;18.0055046081543
2012-11-02;17.9858788695868;18.0178730085493;17.3478063189775;17.4096813201904;599373600;17.4096813201904
2012-11-05;17.6125218296719;17.7407998905943;17.4338362084246;17.6457233428955;529135600;17.6457233428955
2012-11-06;17.8150460651683;17.830438654005;17.5089883979082;17.5922927856445;374917200;17.5922927856445
2012-11-07;17.3994522346216;17.420676671391;16.8509429633902;16.9191665649414;793648800;16.9191665649414
2012-11-08;16.9989124929085;17.0474273489653;16.230577082301;16.3051662445068;1056146000;16.3051662445068
2012-11-09;16.386120189371;16.8245625681907;16.1829683276099;16.5874519348145;929913600;16.5874519348145
2012-11-12;16.8024266734328;16.8130396995448;16.3324496850998;16.459192276001;515802000;16.459192276001
2012-11-13;16.3403341065935;16.6911485419012;16.263014794836;16.4613151550293;532949200;16.4613151550293
2012-11-14;16.5401537960411;16.5992800558301;16.2575612680495;16.2787857055664;477170400;16.2787857055664
2012-11-15;16.2984911401203;16.3582230137199;15.8464043977135;15.9373664855957;789910800;15.9373664855957
2012-11-16;15.9246319556002;16.0701732376237;15.3348867885515;15.999828338623;1266893600;15.999828338623
2012-11-19;16.3949079309124;17.2072090702595;16.3697420779117;17.1535415649414;823317600;17.1535415649414
2012-11-20;17.3409316852563;17.3421445563734;16.8154670138636;17.0073986053467;642754000;17.0073986053467
2012-11-21;17.1086761470744;17.2032768755424;16.8767181404214;17.0313568115234;373002000;17.0313568115234
2012-11-23;17.1972110760173;17.3436624482343;17.0586441767251;17.3285007476807;272826400;17.3285007476807
2012-11-26;17.4619123156398;17.889438848299;17.3955088381053;17.8751888275146;630579600;17.8751888275146
2012-11-27;17.8757827195522;17.9021630532129;17.589248995394;17.7311515808105;533330000;17.7311515808105
2012-11-28;17.5034476539985;17.7620870992477;17.351539223931;17.6753692626953;520864400;17.6753692626953
2012-11-29;17.896108892579;18.0183011908576;17.7454133165694;17.8700313568115;514698800;17.8700313568115
2012-11-30;17.792109211437;17.8409268712797;17.6674895323254;17.7463245391846;391319600;17.7463245391846
2012-12-03;18.0001088078194;18.0286104647452;17.7529908112946;17.7739124298096;364280000;17.7739124298096
2012-12-04;17.6408040152966;17.6408040152966;17.3476001403188;17.4603939056396;557068400;17.4603939056396
2012-12-05;17.2499654858243;17.2602740791741;16.3360874722759;16.3366947174072;1044638000;16.3366947174072
2012-12-06;16.0380270033574;16.7769501714245;15.7254156903479;16.592903137207;1177212400;16.592903137207
2012-12-07;16.7796860097906;16.834263583856;16.0701726889791;16.1687164306641;787040800;16.1687164306641
2012-12-10;15.9185640300089;16.3282018091539;15.8148660112758;16.0647125244141;630484400;16.0647125244141
2012-12-11;16.3664125922477;16.6632567436293;16.2936419401484;16.4155330657959;592345600;16.4155330657959
2012-12-12;16.6089803887809;16.6159548029705;16.2602888270733;16.3430652618408;487144000;16.3430652618408
2012-12-13;16.1050409210373;16.3018255842424;15.9428222693755;16.0607719421387;625259600;16.0607719421387
2012-12-14;15.6077797701233;15.7102649639783;15.3297359121751;15.45738697052;1009579200;15.45738697052
2012-12-17;15.4313080253802;15.766962393545;15.1978360180683;15.7314863204956;757607200;15.7314863204956
2012-12-18;15.9185688196587;16.2187471295755;15.7745432105321;16.1884269714355;625685200;16.1884269714355
2012-12-19;16.1147453165797;16.1823616618396;15.9337279592842;15.958288192749;449369200;15.958288192749
2012-12-20;16.0701729570564;16.0762373119782;15.733002920006;15.8194179534912;481689600;15.8194179534912
2012-12-21;15.5386482666859;15.7569602460204;15.4710319051804;15.7466516494751;596268400;15.7466516494751
2012-12-24;15.777583976435;15.8958349185285;15.7278562368835;15.7721252441406;175753200;15.7721252441406
2012-12-26;15.7366399934971;15.7505888195482;15.497710885647;15.5547142028809;302436400;15.5547142028809
2012-12-27;15.5710888605588;15.6532596646944;15.3018379483949;15.6171779632568;455120400;15.6171779632568
2012-12-28;15.4725495674393;15.5995950071661;15.4067517017257;15.4513235092163;354278400;15.4513235092163
2012-12-31;15.47981870443;16.2339053604264;15.433428418975;16.1359672546387;659492400;16.1359672546387
2013-01-02;16.7924170858554;16.8281959626923;16.422804042371;16.6471786499023;560518000;16.6471786499023
2013-01-03;16.6123171591236;16.6665919336855;16.4037081597219;16.4370613098145;352965200;16.4370613098145
2013-01-04;16.2815082077406;16.3318415369585;15.9437309723316;15.9792070388794;594333600;15.9792070388794
2013-01-07;15.8276080421007;16.0489513909926;15.6214247750904;15.8852186203003;484156400;15.8852186203003
2013-01-08;16.0462205332898;16.1274812809767;15.8048656518484;15.9279680252075;458707200;15.9279680252075
2013-01-09;15.8427612102876;15.918867638126;15.6453709416816;15.6790285110474;407604400;15.6790285110474
2013-01-10;16.0262061238078;16.0313604204474;15.6311227281357;15.8733892440796;601146000;15.8733892440796
2013-01-11;15.7972845383813;15.9282713749694;15.7372482302281;15.7760601043701;350506800;15.7760601043701
2013-01-14;15.2418012020569;15.387949739299;15.1153630345013;15.2136039733887;734207600;15.2136039733887
2013-01-15;15.108998259889;15.1299198846586;14.6566069879463;14.7336235046387;876772400;14.7336235046387
2013-01-16;14.9980190054887;15.4467715450671;14.9331328380658;15.3451948165894;690804800;15.3451948165894
2013-01-17;15.4731510017531;15.4864925829495;15.2220931783379;15.2418003082275;453678400;15.2418003082275
2013-01-18;15.1156672074423;15.2278553642866;15.0513866532631;15.1605434417725;472922800;15.1605434417725
2013-01-22;15.2988019388925;15.399466972973;15.0583555743711;15.3051691055298;461546400;15.3051691055298
2013-01-23;15.4276723805121;15.6150569437294;15.3051756206847;15.5853424072266;861509600;15.5853424072266
2013-01-24;13.9476975176382;14.1214376452132;13.6520662833361;13.6596479415894;1460852400;13.6596479415894
2013-01-25;13.6957294133081;13.833386221469;13.1896699264634;13.3376369476318;1208026400;13.3376369476318
2013-01-28;13.2754794267333;13.7418169873452;13.2157467449405;13.639331817627;785517600;13.639331817627
2013-01-29;13.9022132882425;13.9537594873587;13.7087644447827;13.8952388763428;571158000;13.8952388763428
2013-01-30;13.8567339631227;14.0265326666253;13.7809319536464;13.8515796661377;417155200;13.8515796661377
2013-01-31;13.8561283661459;13.9258660206909;13.7954864345744;13.8109493255615;319334400;13.8109493255615
2013-02-01;13.920709589943;13.9319282403083;13.5944554327546;13.754246711731;539484400;13.754246711731
2013-02-04;13.7630429546808;13.8245949498227;13.4019190784182;13.4116220474243;477117200;13.4116220474243
2013-02-05;13.4640788651835;13.9398174914248;13.4085912200817;13.8822069168091;573347600;13.8822069168091
2013-02-06;13.8406664572262;14.1447862303371;13.722716752723;13.8673496246338;593706400;13.8673496246338
2013-02-07;14.1281007195155;14.3339593919007;13.849654836168;14.2796745300293;704580800;14.2796745300293
2013-02-08;14.4559568995245;14.602651004977;14.2805933925934;14.4858446121216;633158400;14.4858446121216
2013-02-11;14.5321957151232;14.789598054535;14.4330792988474;14.6368026733398;517490400;14.6368026733398
2013-02-12;14.6239973978244;14.711526851982;14.265038682847;14.2699184417725;609053200;14.2699184417725
2013-02-13;14.2488765701042;14.44497742598;14.127190417866;14.2427768707275;475207600;14.2427768707275
2013-02-14;14.1668393039793;14.3839837408754;14.1515908681358;14.2299699783325;355275200;14.2299699783325
2013-02-15;14.2988918871;14.3388453235607;14.0265472433738;14.0338668823242;391745200;14.0338668823242
2013-02-19;14.0625326264978;14.1122439456344;13.841423858543;14.028678894043;435783600;14.028678894043
2013-02-20;13.9585393293247;13.9585393293247;13.6874129479191;13.6889390945435;476302400;13.6889390945435
2013-02-21;13.6020175938638;13.6986966066412;13.5050348176886;13.6038475036621;447182400;13.6038475036621
2013-02-22;13.7011346128311;13.772803219806;13.6203148293576;13.7487106323242;330654800;13.7487106323242
2013-02-25;13.8414256847843;13.8801575521883;13.4974099877302;13.5044250488281;372579200;13.5044250488281
2013-02-26;13.5355310908587;13.7709745741279;13.3476652573936;13.6925954818726;501499600;13.6925954818726
2013-02-27;13.6761258529424;13.7984227791119;13.4388540823707;13.5584049224854;587350400;13.5584049224854
2013-02-28;13.5425499514407;13.6590509716467;13.4617309570312;13.4617309570312;322515200;13.4617309570312
2013-03-01;13.3580340474456;13.363524590696;13.1134426427591;13.1283864974976;552448400;13.1283864974976
2013-03-04;13.0469555707858;13.059154967184;12.7785753650573;12.8105983734131;582755600;12.8105983734131
2013-03-05;12.8542089917425;13.2723330909529;12.8319455022411;13.1488170623779;638433600;13.1488170623779
2013-03-06;13.2515969173118;13.2741658022681;12.9441786210465;12.9816913604736;460250000;12.9816913604736
2013-03-07;12.9463128648805;13.1753520508943;12.8414005000364;13.131739616394;468473600;13.131739616394
2013-03-08;13.1079560424641;13.2796581240637;13.0716632334521;13.1665115356445;391482000;13.1665115356445
2013-03-11;13.1064276402392;13.388837992785;12.9658324338435;13.3540697097778;474236000;13.3540697097778
2013-03-12;13.2848433274615;13.3848759680203;13.0399456568768;13.0661735534668;465911600;13.0661735534668
2013-03-13;13.0667770879702;13.2512876239507;12.9725388077225;13.0637264251709;405549200;13.0637264251709
2013-03-14;13.2003632712685;13.2555643349429;13.1277784697072;13.190299987793;303875600;13.190299987793
2013-03-15;13.3558984032948;13.5480348252605;13.3351594293543;13.5306510925293;643960800;13.5306510925293
2013-03-18;13.4632524139455;13.9515215118016;13.4556281973631;13.8984565734863;606197200;13.8984565734863
2013-03-19;14.0137349875985;14.0585681767269;13.6782597291244;13.8609428405762;526775200;13.8609428405762
2013-03-20;13.9503007456309;13.9567050212827;13.7115020502062;13.7874412536621;308660800;13.7874412536621
2013-03-21;13.7307216624301;13.9673835165043;13.7270618422892;13.8072700500488;383255600;13.8072700500488
2013-03-22;13.8636933819471;14.0930356207509;13.8188618019015;14.0872421264648;395105200;14.0872421264648
2013-03-25;14.1720223531569;14.3324420077746;14.0832745752581;14.1381702423096;501135600;14.1381702423096
2013-03-26;14.1948916111189;14.2070910072711;14.0451485024348;14.0637521743774;294294000;14.0637521743774
2013-03-27;13.9210221954996;13.9313908676255;13.7462695141083;13.7874412536621;331237200;13.7874412536621
2013-03-28;13.7185159153223;13.7795112606928;13.4684340220485;13.5001516342163;442839600;13.5001516342163
2013-04-01;13.4769766418852;13.531873119936;13.0451285283641;13.080810546875;389732000;13.080810546875
2013-04-02;13.0408601262146;13.3623061622918;13.004261927368;13.1076498031616;529519200;13.1076498031616
2013-04-03;13.1558326800795;13.3360751019083;13.1235050931512;13.1747417449951;363216000;13.1747417449951
2013-04-04;13.2287261381081;13.2665426462418;12.9691892179031;13.0445184707642;358447600;13.0445184707642
2013-04-05;12.9463131657395;12.9600378940594;12.799313694703;12.9066667556763;383695200;12.9066667556763
2013-04-08;12.9569864990915;13.0378054607941;12.8850125065853;12.9984636306763;300829200;12.9984636306763
2013-04-09;13.0030415149128;13.0683058532593;12.8929439802267;13.0219497680664;306614000;13.0219497680664
2013-04-10;13.0561069724151;13.3293677898925;12.9923663387501;13.2875852584839;375928000;13.2875852584839
2013-04-11;13.227507376349;13.3577331299356;13.1506527798468;13.246111869812;328364400;13.246111869812
2013-04-12;13.2406159295597;13.2406159295597;13.0862976437768;13.1079511642456;238613200;13.1079511642456
2013-04-15;13.0225614692544;13.0497047271315;12.7953529371601;12.8045024871826;317520000;12.8045024871826
2013-04-16;12.8569521732804;13.0106604687724;12.8264545020667;12.9993772506714;305771200;12.9993772506714
2013-04-17;12.8173084460292;12.8273733562044;12.1414772944955;12.2845115661621;945056000;12.2845115661621
2013-04-18;12.3513067150627;12.3757047034143;11.886214717746;11.9566650390625;666299200;11.9566650390625
2013-04-19;11.8322342932585;12.1869241724888;11.7447048048152;11.9103088378906;609274400;11.9103088378906
2013-04-22;11.9746564186278;12.2662163736983;11.9328755101884;12.1585578918457;429920400;12.1585578918457
2013-04-23;12.3208042893164;12.4546898263522;12.1628253494436;12.3860702514648;664238400;12.3860702514648
2013-04-24;12.002102784559;12.6642092034759;11.9703843510593;12.3656358718872;969651200;12.3656358718872
2013-04-25;12.5416086517324;12.6242575347405;12.4126028721025;12.4546899795532;384837600;12.4546899795532
2013-04-26;12.4983000393079;12.7715599970072;12.450723208881;12.7236785888672;764097600;12.7236785888672
2013-04-29;12.8227986358168;13.2244552638838;12.8090747202598;13.1177129745483;640326400;13.1177129745483
2013-04-30;13.2695919468624;13.5791447613884;13.1771835392292;13.5038146972656;691538400;13.5038146972656
2013-05-01;13.5550486359757;13.569382519138;13.2479365771665;13.3973751068115;506909200;13.3973751068115
2013-05-02;13.4733129283227;13.6810023311921;13.4382408898642;13.5873756408691;421828400;13.5873756408691
2013-05-03;13.7639601244529;13.8225172345035;13.698085004404;13.7233991622925;361300800;13.7233991622925
2013-05-06;13.8981502148645;14.0960817811111;13.8554539509673;14.0506410598755;496641600;14.0506410598755
2013-05-07;14.180557241914;14.2043452478506;13.8368470234425;13.9881162643433;483753200;13.9881162643433
2013-05-08;13.999707671105;14.1927594713603;13.9012003868623;14.1460971832275;472598000;14.1460971832275
2013-05-09;14.1160134882975;14.213944797723;13.9861537946201;14.0226860046387;398487600;14.0226860046387
2013-05-10;14.0595225044187;14.1129403125489;13.8295821300644;13.906023979187;334852000;13.906023979187
2013-05-13;13.8612050256467;14.057375861792;13.8608984318618;13.9603643417358;316948800;13.9603643417358
2013-05-14;13.9330478351292;13.9744921150618;13.5738607966343;13.6263580322266;447118000;13.6263580322266
2013-05-15;13.4820599827179;13.5385469976957;12.9663054834694;13.165545463562;741613600;13.165545463562
2013-05-16;12.9933243929658;13.441846460778;12.8600880932073;13.3414583206177;603204000;13.3414583206177
2013-05-17;13.4786871771048;13.5106147382785;13.2318619705069;13.3009357452393;427904400;13.3009357452393
2013-05-20;13.2594905730393;13.6859092042999;13.2039241435082;13.5978012084961;451578400;13.5978012084961
2013-05-21;13.4510563626295;13.6760846972202;13.329792796732;13.4974126815796;456022000;13.4974126815796
2013-05-22;13.6321876475489;13.764196781868;13.4532081758491;13.549298286438;443038400;13.549298286438
2013-05-23;13.3835194521845;13.6969632462598;13.3786073932287;13.5735502243042;353021200;13.5735502243042
2013-05-24;13.5339481897741;13.6816132754735;13.5189054188721;13.6659564971924;276166800;13.6659564971924
2013-05-28;13.8117813009629;13.8489267004472;13.5339490916978;13.5520610809326;386145200;13.5520610809326
2013-05-29;13.5078507718524;13.7380985775243;13.4894305539093;13.6598138809204;330576400;13.6598138809204
2013-05-30;13.6813080163509;13.9530009958645;13.6463104100033;13.8633575439453;353519600;13.8633575439453
2013-05-31;13.8915939632883;14.0328139792774;13.7994961626734;13.8065576553345;384302800;13.8065576553345
2013-06-03;13.8372607106317;13.887301083287;13.5839888104033;13.8369541168213;372352400;13.8369541168213
2013-06-04;13.9137024137651;13.9508494505463;13.7347237703794;13.7936668395996;292728800;13.7936668395996
2013-06-05;13.6813055437523;13.8369535415293;13.6217484689081;13.6647281646729;290589600;13.6647281646729
2013-06-06;13.6757801744487;13.722750507778;13.3251901700053;13.4605751037598;416934000;13.4605751037598
2013-06-07;13.4004050186708;13.6073205955131;13.2858946870762;13.5634202957153;404535600;13.5634202957153
2013-06-10;13.6530609474938;13.7866038498327;13.4096131948404;13.4737749099731;450153200;13.4737749099731
2013-06-11;13.3770790532205;13.592590002508;13.3027849464693;13.4341793060303;286112400;13.4341793060303
2013-06-12;13.4925035224358;13.5462279368603;13.246905496693;13.2680883407593;265227200;13.2680883407593
2013-06-13;13.2776043660812;13.4200499588845;13.1624800483305;13.3838243484497;285832400;13.3838243484497
2013-06-14;13.3666349098999;13.3939578284688;13.1548064623095;13.2023916244507;271866000;13.2023916244507
2013-06-17;13.2450623763813;13.3758426543311;13.2119068014113;13.2622537612915;259414400;13.2622537612915
2013-06-18;13.2487470431539;13.3512838094346;13.2073027774352;13.2551937103271;195025600;13.2551937103271
2013-06-19;13.2438355889749;13.2518176847444;12.9859590530396;12.9859590530396;310940000;12.9859590530396
2013-06-20;12.8723686009475;13.0774412984303;12.7455789641318;12.7968473434448;357310800;12.7968473434448
2013-06-21;12.8475013240472;12.8938584663311;12.5285323124979;12.6943101882935;481118400;12.6943101882935
2013-06-24;12.5070448746621;12.5457265218232;12.220002558012;12.3578443527222;480746000;12.3578443527222
2013-06-25;12.4548552305265;12.519016952247;12.2439482044448;12.3606071472168;314162800;12.3606071472168
2013-06-26;12.3995911065212;12.4269140155881;12.1466258919159;12.2206125259399;367724000;12.2206125259399
2013-06-27;12.2568430294608;12.3225393633364;12.0815476020301;12.0889148712158;337246000;12.0889148712158
2013-06-28;12.0146207316034;12.2881540272779;11.9381780491757;12.1733379364014;578516400;12.1733379364014
2013-07-01;12.3624496211613;12.6565526084725;12.3173204870129;12.5629177093506;391053600;12.5629177093506
2013-07-02;12.5856383317609;12.9439031099916;12.5705955574942;12.847505569458;469865200;12.847505569458
2013-07-03;12.9202599525423;12.9853439079602;12.8155745748538;12.918417930603;240928800;12.918417930603
2013-07-05;12.9058341755919;12.9948627916179;12.7511075858125;12.8146553039551;274024800;12.8146553039551
2013-07-08;12.8972380459881;12.9245601462956;12.6068182771394;12.7418966293335;298138400;12.7418966293335
2013-07-09;12.6973822938334;13.001308565988;12.5985295659441;12.9660043716431;352584400;12.9660043716431
2013-07-10;12.8815800677777;13.0412187118669;12.8401357981482;12.9162702560425;281405600;12.9162702560425
2013-07-11;12.9844213650889;13.1471300099194;12.929776358485;13.117657661438;326292400;13.117657661438
2013-07-12;13.1287113586041;13.1944085037274;12.9985450830241;13.093713760376;279563200;13.093713760376
2013-07-15;13.0476629898705;13.2456749981274;13.0412155039053;13.1222620010376;241917200;13.1222620010376
2013-07-16;13.0940193096017;13.2226509664718;13.0218755031187;13.206995010376;216538000;13.206995010376
2013-07-17;13.1916488339498;13.2690121357256;13.1462131008835;13.2103748321533;198990400;13.2103748321533
2013-07-18;13.3046224520273;13.3503647773026;13.2195852895732;13.2548894882202;218878800;13.2548894882202
2013-07-19;13.296025914404;13.323041419832;13.0274038291778;13.0458240509033;268721600;13.0458240509033
2013-07-22;13.1842781130471;13.1931808097115;13.0617865162714;13.087574005127;207796400;13.087574005127
2013-07-23;13.0780572972154;13.1075288301515;12.8542569473595;12.8628530502319;369395600;12.8628530502319
2013-07-24;13.4750042163776;13.6487642047087;13.3623367322236;13.523509979248;591936800;13.523509979248
2013-07-25;13.5293443860821;13.5508338259164;13.3792224417568;13.4618043899536;229493600;13.4618043899536
2013-07-26;13.363562862787;13.5397788557734;13.3340913327027;13.5382442474365;200152400;13.5382442474365
2013-07-29;13.5324124893658;13.8145427260967;13.513993088134;13.7470035552979;248057600;13.7470035552979
2013-07-30;13.8136221913958;14.0343533451563;13.7912113309579;13.9167737960815;309422400;13.9167737960815
2013-07-31;13.9680439589886;14.0401869691751;13.7973531574906;13.8925218582153;322957600;13.8925218582153
2013-08-01;13.9913748680388;14.0236082083608;13.914931353669;14.0199241638184;206250800;14.0199241638184
2013-08-02;14.0607506180958;14.2093370866383;14.0193063602938;14.1998195648193;274783600;14.1998195648193
2013-08-05;14.2658234927679;14.4494075452085;14.1878470383184;14.4119539260864;318855600;14.4119539260864
2013-08-06;14.368060870416;14.4868684532209;14.1884673644976;14.2830228805542;334857600;14.2830228805542
2013-08-07;14.2385041149792;14.3367436510037;14.1761835988853;14.2747297286987;298858000;14.2747297286987
2013-08-08;14.3343733553788;14.3417900936806;14.1517390628357;14.246301651001;255777200;14.246301651001
2013-08-09;14.1730620124806;14.2293047870376;14.0188601978518;14.0435810089111;266865200;14.0435810089111
2013-08-12;14.1180567130028;14.4823944909412;14.1109485929025;14.4425315856934;364434000;14.4425315856934
2013-08-13;14.553165052287;15.2861696619248;14.4638555568934;15.1288766860962;881941200;15.1288766860962
2013-08-14;15.3856708983163;15.5825181152803;15.2472284280397;15.4048299789429;756372400;15.4048299789429
2013-08-15;15.3405522119523;15.525348455543;15.1137277906824;15.3865957260132;490294000;15.3865957260132
2013-08-16;15.4558178546737;15.5420361922968;15.415954952661;15.5231857299805;362306000;15.5231857299805
2013-08-19;15.5853036348109;15.8757860146434;15.5747974117339;15.690372467041;510518400;15.690372467041
2013-08-20;15.7512428469476;15.7778186592728;15.4765199461668;15.484245300293;358688400;15.484245300293
2013-08-21;15.5621231988972;15.6721348432298;15.488266088722;15.5241136550903;335879600;15.5241136550903
2013-08-22;15.6050735934307;15.623924051859;15.3955549234215;15.5426502227783;244207600;15.5426502227783
2013-08-23;15.5522368901494;15.5547091365311;15.4311001181766;15.4827070236206;222731600;15.4827070236206
2013-08-26;15.4743561842612;15.7663847999479;15.4666308302022;15.5429601669312;330965600;15.5429601669312
2013-08-27;15.3893789257506;15.5287505630535;15.0278220075467;15.0985879898071;424188800;15.0985879898071
2013-08-28;15.0185486426506;15.3213921251452;15.0185486426506;15.1699695587158;307608000;15.1699695587158
2013-08-29;15.1931526386219;15.3430288667126;15.1770830366562;15.1946973800659;239657600;15.1946973800659
2013-08-30;15.2039669819218;15.2333236698565;15.034004169523;15.0562543869019;272297200;15.0562543869019
2013-09-03;15.2379643384759;15.4697317328129;15.0602761128418;15.0982856750488;331928800;15.0982856750488
2013-09-04;15.4375878410689;15.5204064363828;15.3362273997075;15.410701751709;345032800;15.410701751709
2013-09-05;15.458912335723;15.4722010728486;15.2546466881775;15.3050174713135;236367600;15.3050174713135
2013-09-06;15.4029777474792;15.4320241635114;15.1406159946689;15.3961782455444;359525600;15.3961782455444
2013-09-09;15.6056999962194;15.6959353552133;15.5587289567811;15.6418561935425;340687200;15.6418561935425
2013-09-10;15.6427785543522;15.6814069858036;15.1267095756782;15.2855472564697;743195600;15.2855472564697
2013-09-11;14.4317170856858;14.6381447115724;14.3637319592006;14.4533500671387;898696400;14.4533500671387
2013-09-12;14.4777559004045;14.6909812850886;14.4008076766497;14.6072368621826;404051200;14.6072368621826
2013-09-13;14.5037119302772;14.580658498915;14.3603266602484;14.3665056228638;298835600;14.3665056228638
2013-09-16;14.245991709925;14.2648405217359;13.8201564356472;13.9097728729248;543706800;13.9097728729248
2013-09-17;13.8430224881233;14.2061257245633;13.8288079009813;14.0704641342163;399380800;14.0704641342163
2013-09-18;14.3133597635592;14.4113204557616;14.2354856590346;14.3597135543823;456862000;14.3597135543823
2013-09-19;14.5457486729499;14.7042777760006;14.5009396150267;14.5951919555664;404541200;14.5951919555664
2013-09-20;14.7713244775696;14.7883199229373;14.4004960063221;14.4440689086914;699302800;14.4440689086914
2013-09-23;15.3306576224411;15.3556886888726;14.9134753824009;15.1619310379028;762106800;15.1619310379028
2013-09-24;15.2929602015031;15.3111917735959;15.0747903207382;15.1143445968628;364344400;15.1143445968628
2013-09-25;15.1174360031509;15.131031702764;14.8773245274633;14.8804140090942;316957200;14.8804140090942
2013-09-26;15.0185508121762;15.0976593815404;14.9536551814227;15.0253486633301;237221600;15.0253486633301
2013-09-27;14.9499445397153;14.97744785903;14.8553836224172;14.9181156158447;228040400;14.9181156158447
2013-09-30;14.7481567836541;14.8844356433446;14.6603936931228;14.7327060699463;260156400;14.7327060699463
2013-10-01;14.7852404306297;15.1155873538893;14.7830768023592;15.079122543335;353883600;15.079122543335
2013-10-02;15.0071156629217;15.1977822492945;14.9490195392006;15.1285610198975;289184000;15.1285610198975
2013-10-03;15.1579130427793;15.2147746765416;14.8559987931356;14.9385070800781;322753200;14.9385070800781
2013-10-04;14.9524147019544;14.9752821450584;14.7898687046427;14.9267663955688;258868400;14.9267663955688
2013-10-07;15.0358536540187;15.2240479765039;14.9984613539227;15.0726270675659;312292400;15.0726270675659
2013-10-08;15.1403058679985;15.161938846687;14.8498252013098;14.8621864318848;290917200;14.8621864318848
2013-10-09;14.9765244078852;15.0738662151989;14.7799857834003;15.0367841720581;301725200;15.0367841720581
2013-10-10;15.1829510593887;15.2157058408112;15.0506875589721;15.1310338973999;278602800;15.1310338973999
2013-10-11;15.0491397880015;15.260820429093;14.9925884142799;15.2289915084839;267738800;15.2289915084839
2013-10-14;15.1369060650747;15.3763986916642;15.122072590053;15.3288087844849;261898000;15.3288087844849
2013-10-15;15.3742356234658;15.5129883631595;15.3127413941711;15.4103918075562;320073600;15.4103918075562
2013-10-16;15.4755989523688;15.5293694861606;15.427391798136;15.4854879379272;251101200;15.4854879379272
2013-10-17;15.4505704182658;15.5989019253751;15.4413003179584;15.5902490615845;253593200;15.5902490615845
2013-10-18;15.6362861330134;15.7373362802872;15.6276332737121;15.725902557373;290542000;15.725902557373
2013-10-21;15.8149051543688;16.2021120271491;15.8071797980614;16.1112594604492;398106800;16.1112594604492
2013-10-22;16.2673142125584;16.3303548283982;15.69932813302;16.0652122497559;534063600;16.0652122497559
2013-10-23;16.0383284442139;16.2444490734009;16.0383284442139;16.2225074768066;313723200;16.2225074768066
2013-10-24;16.2237449204486;16.4545863789099;16.1449449582175;16.4372806549072;384764800;16.4372806549072
2013-10-25;16.4190458737714;16.4780695104986;16.2271431376401;16.2534103393555;337792000;16.2534103393555
2013-10-28;16.3485893734556;16.4091594049319;16.1684289713937;16.374547958374;550440800;16.374547958374
2013-10-29;16.5720132121933;16.6641019021092;15.9005046440036;15.9666347503662;635807200;15.9666347503662
2013-10-30;16.0571780926489;16.3016151978864;15.9771403757157;16.2206516265869;354163600;16.2206516265869
2013-10-31;16.2237442518815;16.3006908514095;16.1084778364982;16.1526679992676;275696400;16.1526679992676
2013-11-01;16.193462226242;16.2175658045782;15.9406807963872;16.070161819458;274890000;16.070161819458
2013-11-04;16.1032162832125;16.2799784919803;16.0324503362468;16.2778148651123;244627600;16.2778148651123
2013-11-05;16.2107673828207;16.3439567709885;16.161941341051;16.2376518249512;265213200;16.2376518249512
2013-11-06;16.2920414563552;16.3141111536681;16.107099218873;16.1916446685791;223375600;16.1916446685791
2013-11-07;16.1499990704272;16.2622067946782;15.9262028020591;15.9296207427979;262620400;15.9296207427979
2013-11-08;15.994584757182;16.198177159915;15.932729824199;16.1804599761963;279316800;16.1804599761963
2013-11-11;16.1627396942233;16.2149583151739;15.989297911066;16.1335220336914;227452400;16.1335220336914
2013-11-12;16.090627940338;16.2848960875862;16.0698032395611;16.1633625030518;204276800;16.1633625030518
2013-11-13;16.1008821905645;16.2329849717804;16.0685553551611;16.1826305389404;197220800;16.1826305389404
2013-11-14;16.2503931834964;16.45149887344;16.2211755220517;16.4166870117188;282419200;16.4166870117188
2013-11-15;16.367574900746;16.4455915797963;16.3026124615368;16.3181533813477;317920400;16.3181533813477
2013-11-18;16.3181501156332;16.3865321411156;16.1070977604399;16.1204624176025;244944000;16.1204624176025
2013-11-19;16.1329054062196;16.2681157778988;16.0999577136265;16.1490688323975;208938800;16.1490688323975
2013-11-20;16.1391173352928;16.1761071184907;15.9868123221254;16.0076370239258;193916800;16.0076370239258
2013-11-21;16.0884494247484;16.2006587732038;15.9662950173162;16.1984825134277;262026800;16.1984825134277
2013-11-22;16.1481283620757;16.2301871350736;16.1173569447014;16.156831741333;223725600;16.156831741333
2013-11-25;16.1947552241419;16.3455064740476;16.1941343841011;16.2793006896973;229311600;16.2793006896973
2013-11-26;16.2911092021568;16.6647253719337;16.2873808424584;16.5795574188232;401382800;16.5795574188232
2013-11-27;16.6700105383433;16.9712025990361;16.5795587981352;16.9699592590332;363448400;16.9699592590332
2013-11-29;17.0793744692278;17.3544564373726;17.0274662601429;17.2842102050781;318127600;17.2842102050781
2013-12-02;17.3441999335837;17.540953135257;17.1210261663145;17.1337699890137;472544800;17.1337699890137
2013-12-03;17.3535278475198;17.6046776541466;17.3342568993383;17.6028118133545;450968000;17.6028118133545
2013-12-04;17.5773180360494;17.6920140847675;17.4318505649925;17.5617771148682;377809600;17.5617771148682
2013-12-05;17.7995563862009;17.8769522141399;17.6056003564261;17.651912689209;447580000;17.651912689209
2013-12-06;17.5863381896902;17.6161783627379;17.3930045451543;17.4069900512695;344352400;17.4069900512695
2013-12-09;17.4343398163412;17.7041380166375;17.4343398163412;17.6062278747559;320493600;17.6062278747559
2013-12-10;17.5176402529288;17.6512968298131;17.4436623435835;17.5788726806641;278269600;17.5788726806641
2013-12-11;17.6239465904307;17.7473460487336;17.396732359904;17.4486389160156;359718800;17.4486389160156
2013-12-12;17.4728788925744;17.5723427693443;17.4072939547042;17.4231452941895;262290000;17.4231452941895
2013-12-13;17.4949536650935;17.4958865854222;17.2096145045421;17.2332363128662;332822000;17.2332363128662
2013-12-16;17.2515733748316;17.4884238822637;17.2512629547695;17.3286571502686;282592800;17.3286571502686
2013-12-17;17.2761227843571;17.3889529722379;17.20059113247;17.2506351470947;229902400;17.2506351470947
2013-12-18;17.08621248956;17.1406073806056;16.7474097407621;17.1194705963135;565863200;17.1194705963135
2013-12-19;17.0799993354442;17.0955402618275;16.9006512017787;16.9233417510986;320308800;16.9233417510986
2013-12-20;16.9534899380024;17.145581869647;16.9345294129048;17.0650768280029;436413600;17.0650768280029
2013-12-23;17.6550180652278;17.739563501788;17.4921455503834;17.7199821472168;501306400;17.7199821472168
2013-12-24;17.7137744719456;17.7756294063041;17.5937946240943;17.6447715759277;167554800;17.6447715759277
2013-12-26;17.6581352939422;17.7016522017149;17.511424467738;17.527587890625;204008000;17.527587890625
2013-12-27;17.5250961666585;17.5434341846564;17.3908187813185;17.4091567993164;225884400;17.4091567993164
2013-12-30;17.3274095034003;17.409156191622;17.1676428264201;17.2360248565674;253629600;17.2360248565674
2013-12-31;17.2251498959196;17.4461473627954;17.2198644557551;17.4380664825439;223084400;17.4380664825439
2014-01-02;17.2720831779956;17.3140446555127;17.158320064727;17.1928215026855;234684800;17.1928215026855
2014-01-03;17.1844320792;17.2105405605054;16.7980720398825;16.8151683807373;392467600;16.8151683807373
2014-01-06;16.7054480280627;16.9960709231772;16.5857786053683;16.9068641662598;412610800;16.9068641662598
2014-01-07;16.9189799207304;16.9699551886208;16.7200505479881;16.785945892334;317209200;16.785945892334
2014-01-08;16.7477157768684;16.9575248245521;16.7439874170873;16.8922519683838;258529600;16.8922519683838
2014-01-09;16.9960666197496;16.997932459631;16.6401692823701;16.6765365600586;279148800;16.6765365600586
2014-01-10;16.7794217693636;16.8095723505663;16.5083802785512;16.5652618408203;304976000;16.5652618408203
2014-01-13;16.4710814371854;16.8624131656717;16.4701485171652;16.6519832611084;378492800;16.6519832611084
2014-01-14;16.7293753943408;16.9938897014413;16.7119686378219;16.9833221435547;332561600;16.9833221435547
2014-01-15;17.2049434601425;17.4125762355251;17.1471289869971;17.3243007659912;391638800;17.3243007659912
2014-01-16;17.2478421072144;17.3084536949709;17.1477540544061;17.2276382446289;229278000;17.2276382446289
2014-01-17;17.1415361142619;17.1598741335069;16.7815966690811;16.8055305480957;426739600;16.8055305480957
2014-01-21;16.8154834426012;17.0977150746214;16.7977662568246;17.0666332244873;328526800;17.0666332244873
2014-01-22;17.1238212117647;17.3221281499669;17.0274648429203;17.1424713134766;379985200;17.1424713134766
2014-01-23;17.0936720795661;17.2975748955852;16.9342174313988;17.2876281738281;403239200;17.2876281738281
2014-01-24;17.2198584345675;17.2702128585269;16.9323432061562;16.9733734130859;429354800;16.9733734130859
2014-01-27;17.0977116932661;17.2447329321257;16.9634342760412;17.1110763549805;554878800;17.1110763549805
2014-01-28;15.8136801749745;16.0076362422719;15.6057352871508;15.7434339523315;1065523200;15.7434339523315
2014-01-29;15.6641781052134;15.7704812288173;15.4985067172574;15.5647125244141;502810000;15.5647125244141
2014-01-30;15.6203413576686;15.74343033401;15.4388187325584;15.5345525741577;678501600;15.5345525741577
2014-01-31;15.3915777435464;15.5889534415498;15.3409128737912;15.5600461959839;464797200;15.5600461959839
2014-02-03;15.6225174693724;15.7816616372775;15.5196340101211;15.5889472961426;401464000;15.5889472961426
2014-02-04;15.7232274833351;15.8354368407898;15.6271815455138;15.8146104812622;376681200;15.8146104812622
2014-02-05;15.7453016853976;16.016343236757;15.7356653828606;15.9327306747437;328344800;15.9327306747437
2014-02-06;15.9489863791898;16.0565519921915;15.8786302889382;16.0255947113037;257765200;16.0255947113037
2014-02-07;16.30295142816;16.3514179980663;16.1778765167847;16.2497940063477;370280400;16.2497940063477
2014-02-10;16.2178919482338;16.6347062493126;16.1972548818484;16.5408992767334;345559200;16.5408992767334
2014-02-11;16.5915627709838;16.8148215984989;16.5568531397398;16.7588520050049;282256800;16.7588520050049
2014-02-12;16.7898126749865;16.871424168821;16.673805487622;16.757604598999;308100800;16.757604598999
2014-02-13;16.7181968698602;17.0368273700747;16.7038137096626;17.0236949920654;307398000;17.0236949920654
2014-02-14;16.9624054219422;17.0721602984732;16.923008290801;17.0099334716797;272924400;17.0099334716797
2014-02-18;17.072783896675;17.2350682722891;17.0605883544326;17.0724716186523;260251600;17.0724716186523
2014-02-19;17.0337000290119;17.1006160428844;16.7085050011497;16.8029365539551;313768000;16.8029365539551
2014-02-20;16.6659823544411;16.7913712144176;16.5412197206917;16.6084480285645;305858000;16.6084480285645
2014-02-21;16.6597321666184;16.7153911661309;16.4036406511292;16.4239654541016;278784800;16.4239654541016
2014-02-24;16.3582990526869;16.5699885774828;16.3354726880403;16.4958801269531;288909600;16.4958801269531
2014-02-25;16.5531050622365;16.5590450274867;16.291071936751;16.3242168426514;231952000;16.3242168426514
2014-02-26;16.3726842414888;16.4161476891517;16.1222204256716;16.1769409179688;276217200;16.1769409179688
2014-02-27;16.1703649013983;16.5343341070833;16.1362815100036;16.499626159668;301882000;16.499626159668
2014-02-28;16.5437220379834;16.6584800867461;16.3260908798212;16.4549198150635;371968800;16.4549198150635
2014-03-03;16.3667378384043;16.5928121599607;16.3476638247034;16.5024452209473;238781200;16.5024452209473
2014-03-04;16.6037602493431;16.6550406669638;16.5027608049601;16.6112632751465;259140000;16.6112632751465
2014-03-05;16.6012595040145;16.721017353789;16.5452865613709;16.6462860107422;200062800;16.6462860107422
2014-03-06;16.6597297871953;16.7113241527318;16.5130792825122;16.5959415435791;185488800;16.5959415435791
2014-03-07;16.6065731968759;16.63440269126;16.4489779347091;16.5862483978271;220729600;16.5862483978271
2014-03-10;16.5212089128181;16.6766148836819;16.5205826865894;16.6012573242188;178584000;16.6012573242188
2014-03-11;16.7429114285327;16.8457845749385;16.6534812772499;16.7629222869873;279224400;16.7629222869873
2014-03-12;16.7135112307904;16.8023134451066;16.6350258842938;16.7791748046875;199326400;16.7791748046875
2014-03-13;16.8051253608103;16.8745412672085;16.5462184581933;16.592809677124;257742800;16.592809677124
2014-03-14;16.534657054198;16.6003223154039;16.353610838501;16.4064559936523;237199200;16.4064559936523
2014-03-17;16.5005712238455;16.5715502068831;16.442722951885;16.470552444458;199544800;16.470552444458
2014-03-18;16.4442821535233;16.634083757159;16.4223943003247;16.6162605285645;209647200;16.6162605285645
2014-03-19;16.6431546280445;16.7676032910339;16.5412167063981;16.6118850708008;224756000;16.6118850708008
2014-03-20;16.569046985823;16.6559755241422;16.489624811537;16.5318374633789;208398400;16.5318374633789
2014-03-21;16.6328293686578;16.6897391105841;16.4577249110984;16.6622219085693;374046400;16.6622219085693
2014-03-24;16.8357708797391;16.9008098919174;16.7307068324134;16.8598480224609;355700800;16.8598480224609
2014-03-25;16.9320755676543;17.0649674043349;16.8723503067327;17.041202545166;282293200;17.041202545166
2014-03-26;17.0890485504036;17.1665953864734;16.8495295742103;16.8782958984375;299768000;16.8782958984375
2014-03-27;16.8857963665859;16.9320753021365;16.7325797412923;16.8057479858398;222031600;16.8057479858398
2014-03-28;16.8326476672461;16.8520339639504;16.7053834510745;16.786994934082;200564000;16.786994934082
2014-03-31;16.8611042254656;16.9105093091407;16.7579154835202;16.7832450866699;168669200;16.7832450866699
2014-04-01;16.8151273024354;16.9436438993342;16.7841717006641;16.9367637634277;200760000;16.9367637634277
2014-04-02;16.9595931929211;16.9939888688833;16.8933034054279;16.9649085998535;180420800;16.9649085998535
2014-04-03;16.9286426431944;16.963350607596;16.8113846978333;16.8473434448242;162344000;16.8473434448242
2014-04-04;16.8792298319728;16.885169794098;16.5906181439852;16.6293907165527;275251200;16.6293907165527
2014-04-07;16.5105730444729;16.6006276975943;16.3188960897021;16.3682994842529;289850400;16.3682994842529
2014-04-08;16.4220834487923;16.4511637195416;16.2191477796602;16.3673629760742;243888400;16.3673629760742
2014-04-09;16.3423476341087;16.5878082357147;16.3229613432276;16.5824928283691;206169600;16.5824928283691
2014-04-10;16.5937483351915;16.6425288457927;16.3589202162892;16.3686141967773;239652000;16.3686141967773
2014-04-11;16.2285286867201;16.348289844954;16.1703698120225;16.2476043701172;271717600;16.2476043701172
2014-04-14;16.3192087136051;16.3273379635297;16.1725582473192;16.3123302459717;205674000;16.3123302459717
2014-04-15;16.2682477683923;16.3110849933534;15.9887036476983;16.1960163116455;266490000;16.1960163116455
2014-04-16;16.198824910446;16.2938827058191;16.0765638494926;16.2288436889648;214765600;16.2288436889648
2014-04-17;16.259799131634;16.5024459123114;16.2347834831302;16.4142665863037;284334400;16.4142665863037
2014-04-21;16.4267731296993;16.6394011155927;16.3836219743631;16.6090717315674;182548800;16.6090717315674
2014-04-22;16.5196402356203;16.629707401227;16.4630444274915;16.6256427764893;202563200;16.6256427764893
2014-04-23;16.5430940675179;16.6078207999403;16.3989434929712;16.4083251953125;394940000;16.4083251953125
2014-04-24;17.7672700348918;17.8232412934512;17.5333787417021;17.753511428833;759911600;17.753511428833
2014-04-25;17.6521941777145;17.8854591714219;17.6343726219795;17.8838977813721;390275200;17.8838977813721
2014-04-28;17.910801465759;18.6284218516062;17.9029828204115;18.5765151977539;669485600;18.5765151977539
2014-04-29;18.5655664145108;18.6356085697602;18.4332990777315;18.5214767456055;337377600;18.5214767456055
2014-04-30;18.5311654823198;18.7434811749864;18.4423616133201;18.4514293670654;456640800;18.4514293670654
2014-05-01;18.5111506174629;18.5987036931137;18.3347953540175;18.4948921203613;244048000;18.4948921203613
2014-05-02;18.5217824086455;18.5799429382174;18.43954474242;18.5292854309082;191514400;18.5292854309082
2014-05-05;18.4529990216671;18.7925789753361;18.4486204476957;18.7913265228271;287067200;18.7913265228271
2014-05-06;18.817598947568;18.8992104489725;18.5865230560303;18.5865230560303;374564400;18.5865230560303
2014-05-07;18.6127822049293;18.6765704472157;18.3776400873288;18.5214767456055;282864400;18.5214767456055
2014-05-08;18.496629472162;18.6903224109385;18.4384597936419;18.4884548187256;230297200;18.4884548187256
2014-05-09;18.3799842306357;18.4337525889307;18.2476061597166;18.4114284515381;291597600;18.4114284515381
2014-05-12;18.4727324173648;18.6667376871419;18.4699011797222;18.6406402587891;213208800;18.6406402587891
2014-05-13;18.6145474075705;18.6944131890279;18.5736724499074;18.6698875427246;159737200;18.6698875427246
2014-05-14;18.6280751926685;18.7843492049332;18.6063790982953;18.6733531951904;166404000;18.6733531951904
2014-05-15;18.6994454926885;18.7591869765575;18.490031239052;18.5145568847656;230846000;18.5145568847656
2014-05-16;18.5085859342713;18.7884336019901;18.4070240470494;18.787805557251;276256400;18.787805557251
2014-05-19;18.7984976190232;19.0965821234783;18.7821466237504;19.0104274749756;317755200;19.0104274749756
2014-05-20;19.0079018328355;19.0673292811366;18.8890452569701;19.0141906738281;234836000;19.0141906738281
2014-05-21;18.9865208552278;19.0767627899026;18.9308667083514;19.0645008087158;196859600;19.0645008087158
2014-05-22;19.0736258637963;19.175817472325;18.995017838378;19.0946922302246;200760000;19.0946922302246
2014-05-23;19.0940574610884;19.3292550890546;19.0695318195315;19.3103885650635;232209600;19.3103885650635
2014-05-27;19.3654184776737;19.6792241651204;19.3575578442799;19.6719932556152;348866000;19.6719932556152
2014-05-28;19.6842602023869;19.8040605844305;19.6138268271321;19.6210594177246;315481600;19.6210594177246
2014-05-29;19.7417901102501;20.0254109352448;19.7392745740868;19.9785594940186;376474000;19.9785594940186
2014-05-30;20.0603183643681;20.2549534116021;19.7748116468351;19.9037303924561;564020800;19.9037303924561
2014-06-02;19.9339164248079;19.9612716282436;19.5735733324782;19.7669506072998;369350800;19.7669506072998
2014-06-03;19.760977260588;20.084217048596;19.7543743957674;20.0464839935303;292709200;20.0464839935303
2014-06-04;20.0433382389267;20.3719230876298;20.0015178605787;20.275390625;335482000;20.275390625
2014-06-05;20.318782740802;20.4184587844537;20.2059009689754;20.3549423217773;303805600;20.3549423217773
2014-06-06;20.4351301742065;20.4778943118815;20.2643926836715;20.298978805542;349938400;20.298978805542
2014-06-09;20.4036824695142;20.663405795656;20.1945839073021;20.6237869262695;301660000;20.6237869262695
2014-06-10;20.8504991457695;20.9209325156327;20.5951771304755;20.7448482513428;251108000;20.7448482513428
2014-06-11;20.7184355008712;20.8571024073903;20.5731674074512;20.659008026123;182724000;20.659008026123
2014-06-12;20.698623118546;20.7162318779428;20.2275997198963;20.313440322876;218996000;20.313440322876
2014-06-13;20.2936326536373;20.3464589386084;20.0030948033517;20.091136932373;218100000;20.091136932373
2014-06-16;20.141755877879;20.4146848875839;20.1285484708235;20.2936267852783;142244000;20.2936267852783
2014-06-17;20.3178368936891;20.4036774764763;20.2055848572832;20.2672138214111;118904000;20.2672138214111
2014-06-18;20.30903321553;20.313436244127;20.1065375609174;20.2892246246338;134056000;20.2892246246338
2014-06-19;20.313442677364;20.3156441923597;20.1043424136342;20.2187976837158;142112000;20.2187976837158
2014-06-20;20.2165940078045;20.3706681350205;20.0074954456888;20.0096969604492;403592000;20.0096969604492
2014-06-23;20.0999409497068;20.1659729650947;19.9414654561872;19.9920902252197;174776000;19.9920902252197
2014-06-24;19.9744763400455;20.1923792481068;19.8512184008211;19.8710269927979;156144000;19.8710269927979
2014-06-25;19.855625348888;19.963476076119;19.7323673749098;19.8886413574219;147476000;19.8886413574219
2014-06-26;19.8908426804773;20.0405137956908;19.7653831926707;20.0074977874756;130516000;20.0074977874756
2014-06-27;19.9898848801872;20.2496081827451;19.9788789866433;20.2452068328857;256116000;20.2452068328857
2014-06-30;20.2716185608267;20.6303898722718;20.2694170462358;20.4543056488037;197929200;20.4543056488037
2014-07-01;20.5841636657715;20.7052217628677;20.4983230802899;20.5841636657715;152892000;20.5841636657715
2014-07-02;20.6612075844187;20.7030262925904;20.4895246840713;20.575366973877;113860000;20.575366973877
2014-07-03;20.6171848351569;20.711829822285;20.5137354679165;20.6964225769043;91567200;20.6964225769043
2014-07-07;20.720634850769;21.1278277879399;20.7118304703811;21.1234264373779;225872000;21.1234264373779
2014-07-08;21.1894474500532;21.3061041794265;20.6722025044683;20.9869518280029;260888000;20.9869518280029
2014-07-09;21.0067696731161;21.119021735832;20.8570985768979;20.9957637786865;145744000;20.9957637786865
2014-07-10;20.636998200722;21.0309854536164;20.5841719121369;20.9187316894531;158744000;20.9187316894531
2014-07-11;20.9891599010076;21.1058149875722;20.8791076790767;20.958345413208;136072000;20.958345413208
2014-07-14;21.0992136529009;21.3259209778356;21.0529919178499;21.2290744781494;171240000;21.2290744781494
2014-07-15;21.3061115430084;21.3171157580077;20.9165257240856;20.9803562164307;181911600;20.9803562164307
2014-07-16;21.3435290758049;21.3721420501595;20.8526954067454;20.861499786377;213585200;20.861499786377
2014-07-17;20.9165241674278;20.9715502761201;20.3750674594074;20.4895210266113;229192000;20.4895210266113
2014-07-18;20.6061779191609;20.8526938129473;20.4741139140456;20.7844619750977;199952000;20.7844619750977
2014-07-21;20.9077176647807;20.9099191790986;20.628185799894;20.6766090393066;156316000;20.6766090393066
2014-07-22;20.8394908316726;20.8857125678515;20.7162328685288;20.848295211792;220788000;20.848295211792
2014-07-23;21.002368561599;21.5438253675593;20.9473424429535;21.3919544219971;371672000;21.3919544219971
2014-07-24;21.3589367442597;21.4205657236398;21.2224713761581;21.3567352294922;182916000;21.3567352294922
2014-07-25;21.3171168705765;21.5350198183936;21.2708951349343;21.4976024627686;173876000;21.4976024627686
2014-07-28;21.5306216761115;21.8431696566033;21.4711942012207;21.7947463989258;221272000;21.7947463989258
2014-07-29;21.8629755875987;21.8871872116237;21.6252623767697;21.6538753509521;172572000;21.6538753509521
2014-07-30;21.6670848167932;21.7243107705905;21.4976034325294;21.6032543182373;132040000;21.6032543182373
2014-07-31;21.3853447564751;21.4491735560559;20.9825532930435;21.0419807434082;227372000;21.0419807434082
2014-08-01;20.8879142610736;21.2664942131212;20.8681039858198;21.1586418151855;194044000;21.1586418151855
2014-08-04;21.2114644357042;21.257686164301;20.947338113241;21.0397815704346;159832000;21.0397815704346
2014-08-05;20.9891592045656;21.0595925570938;20.769054768007;20.9363346099854;223732000;20.9363346099854
2014-08-06;20.8548955941532;21.0155725734907;20.846091215082;20.9011173248291;154232000;20.9011173248291
2014-08-07;20.9984476155806;21.2240701375299;20.8148518090473;20.8989086151123;186844000;20.8989086151123
2014-08-08;20.850236692653;20.9741077024065;20.6334607379683;20.9564113616943;167460000;20.9564113616943
2014-08-11;21.0736559317861;21.2528285069524;20.978540168155;21.2329196929932;146340000;21.2329196929932
2014-08-12;21.2439804346155;21.4297870318373;21.1488646705281;21.2284965515137;135180000;21.2284965515137
2014-08-13;21.2683120714994;21.5094184875488;21.2439800145895;21.5094184875488;127664000;21.5094184875488
2014-08-14;21.5293234885631;21.5824108362304;21.4120881556405;21.5669269561768;112464000;21.5669269561768
2014-08-15;21.6554031758479;21.719551149793;21.425355793029;21.6730995178223;195804000;21.6730995178223
2014-08-18;21.7859134919287;21.9805699105018;21.6731030903826;21.934118270874;190288000;21.934118270874
2014-08-19;21.9894176558017;22.2703399531267;21.9695088462814;22.2371597290039;277596000;22.2371597290039
2014-08-20;22.2172564348768;22.3610346181532;22.1088675715604;22.2460117340088;210796000;22.2460117340088
2014-08-21;22.2460041644274;22.3278484785001;22.1442527317948;22.2482166290283;133912000;22.2482166290283
2014-08-22;22.1840722461518;22.4450874199631;22.1619526594118;22.4119071960449;176736000;22.4119071960449
2014-08-25;22.5158749237845;22.5999300426801;22.4030628184014;22.4605751037598;161080000;22.4605751037598
2014-08-26;22.4340287807903;22.4517251268049;22.3101577339211;22.3167934417725;132608000;22.3167934417725
2014-08-27;22.3455446262016;22.6884040947698;22.2747609427856;22.5910758972168;209476000;22.5910758972168
2014-08-28;22.4716357515919;22.7348634548181;22.4650000427066;22.6176280975342;273840000;22.6176280975342
2014-08-29;22.75256165212;22.7614098272248;22.6065692943166;22.6729297637939;178380000;22.6729297637939
2014-09-02;22.7967988020179;22.9472143901183;22.721591851776;22.8498878479004;214256000;22.8498878479004
2014-09-03;22.8056461487758;22.8277657399492;21.8058261142363;21.8854579925537;501684000;21.8854579925537
2014-09-04;21.8655493956384;22.1398360416603;21.6310786891694;21.7040748596191;342872000;21.7040748596191
2014-09-05;21.8544863766193;21.9849931228786;21.7460975300197;21.89208984375;233828000;21.89208984375
2014-09-08;21.9650899647916;21.9673007425868;21.6885908549006;21.7571620941162;185426800;21.7571620941162
2014-09-09;21.9164220086957;22.8012190052103;21.2660956762202;21.675313949585;759385200;21.675313949585
2014-09-10;21.6797364648886;22.3654537232873;21.6244366587659;22.341121673584;403478400;22.341121673584
2014-09-11;22.2106148695037;22.4384497999754;22.0358672802059;22.4362373352051;249412400;22.4362373352051
2014-09-12;22.3875789858478;22.6043550233759;22.3588236869133;22.4871196746826;250504400;22.4871196746826
2014-09-15;22.7414973179818;22.7945863599884;22.4384553860392;22.4804821014404;245266000;22.4804821014404
2014-09-16;22.075685210099;22.3986359035888;21.8743930881504;22.3101558685303;267632400;22.3101558685303
2014-09-17;22.4008484680791;22.5180854942642;22.2504329027643;22.4694213867188;243706000;22.4694213867188
2014-09-18;22.5468445367633;22.6397478369947;22.4650001888738;22.5158767700195;149197600;22.5158767700195
2014-09-19;22.6264746540549;22.6397460708765;22.230527738585;22.3322792053223;283609600;22.3322792053223
2014-09-22;22.5180893312405;22.5932962829045;22.2482259162261;22.3544006347656;211153600;22.3544006347656
2014-09-23;22.2526450643616;22.7702522067374;22.2393736488908;22.7038917541504;253608800;22.7038917541504
2014-09-24;22.5977134418437;22.750339758203;22.3853607025665;22.5070209503174;240687200;22.5070209503174
2014-09-25;22.2327469671781;22.2769861617853;21.6156005829899;21.6487808227539;400368000;21.6487808227539
2014-09-26;21.7947668265268;22.2858295440674;21.7660115249797;22.2858295440674;249482000;22.2858295440674
2014-09-29;21.8213058960298;22.2172527478061;21.8168809660568;22.1442565917969;199065200;22.1442565917969
2014-09-30;22.2991009620712;22.460577194123;22.2371654278979;22.2858295440674;221056400;22.2858295440674
2014-10-01;22.250437276846;22.2725585574364;21.8323707254626;21.9385471343994;205965200;21.9385471343994
2014-10-02;21.9584522087146;22.1685925413581;21.6863780341057;22.0978088378906;191031200;22.0978088378906
2014-10-03;21.9960612820247;22.1663840186701;21.9075812150485;22.0358772277832;173878400;22.0358772277832
2014-10-06;22.108871721993;22.2637122611057;21.9916363504866;22.0358772277832;148204800;22.0358772277832
2014-10-07;21.9938470683993;22.1464751296136;21.8390082292086;21.8434314727783;168376800;21.8434314727783
2014-10-08;21.8456416126185;22.3654595889793;21.7461009229218;22.2968883514404;229618800;22.2968883514404
2014-10-09;22.4605770250138;22.6463836261347;22.2548616094205;22.345552444458;309506000;22.345552444458
2014-10-10;22.2725525082323;22.5689586863321;22.1862849377337;22.281400680542;265326400;22.281400680542
2014-10-13;22.4141179794582;22.5136569561289;22.0778942108154;22.0778942108154;214333600;22.0778942108154
2014-10-14;22.2061981996966;22.2349535019415;21.803615530184;21.8434314727783;254754400;21.8434314727783
2014-10-15;21.6708908919253;21.9319060756273;21.0537447790805;21.5757751464844;403734400;21.5757751464844
2014-10-16;21.1355894180361;21.6155913947171;21.1046216574513;21.2926406860352;288618000;21.2926406860352
2014-10-17;21.5669287710433;21.8987276752132;21.4143007350879;21.6045322418213;272718800;21.6045322418213
2014-10-20;21.7483154951368;22.1110822185767;21.7261959022669;22.0668430328369;310069200;22.0668430328369
2014-10-21;22.7879546262728;22.7879546262728;22.4008557921101;22.666296005249;378495600;22.666296005249
2014-10-22;22.7481289044697;23.0290528827655;22.6950415596988;22.7813091278076;273052400;22.7813091278076
2014-10-23;23.0224207054033;23.23698426992;22.922880020128;23.1883201599121;284298800;23.1883201599121
2014-10-24;23.2657375512228;23.3343087797723;23.1219576989209;23.274585723877;188215600;23.274585723877
2014-10-27;23.1927490094306;23.3321056649807;23.1595687729846;23.2502613067627;136750800;23.2502613067627
2014-10-28;23.3144031179566;23.6108093261719;23.3033424795417;23.6108093261719;192243600;23.6108093261719
2014-10-29;23.5909077056253;23.750171485302;23.5267597006101;23.7435340881348;210751600;23.7435340881348
2014-10-30;23.6594716305939;23.7457392032782;23.4250009651048;23.6638965606689;162619200;23.6638965606689
2014-10-31;23.8917407404276;23.8983764504852;23.7147805966806;23.8895282745361;178557200;23.8895282745361
2014-11-03;23.938186365803;24.3982812735036;23.8917347194894;24.1992015838623;209130400;24.1992015838623
2014-11-04;24.1903535185932;24.2191088175971;23.8275868325612;24.0222415924072;166297600;24.0222415924072
2014-11-05;24.1328412306642;24.1770820994544;23.9182776579769;24.0797538757324;149743600;24.0797538757324
2014-11-06;24.1263974791327;24.1686081097752;23.9486718086667;24.1486129760742;139874000;24.1486129760742
2014-11-07;24.1597351913917;24.2863654597699;24.1153041724619;24.2174968719482;134766000;24.2174968719482
2014-11-10;24.2197144478071;24.2885847226338;24.1419593261652;24.1775054931641;108782000;24.1775054931641
2014-11-11;24.1486224979437;24.381889545142;24.0819759808401;24.3707809448242;109769200;24.3707809448242
2014-11-12;24.2996910268413;24.7551165343625;24.2974706626598;24.7151279449463;187769600;24.7151279449463
2014-11-13;24.8373143885746;25.2038744603775;24.7928816834018;25.0639152526855;238091600;25.0639152526855
2014-11-14;25.1372296885887;25.3682746867098;24.7062417406575;25.3660526275635;176254400;25.3660526275635
2014-11-17;25.3860413653552;26.0547386698527;25.1705491263031;25.3238372802734;186986800;25.3238372802734
2014-11-18;25.3127315471227;25.701508791798;25.3016229478726;25.6526336669922;176896000;25.6526336669922
2014-11-19;25.645966022412;25.7126125248903;25.2816263850749;25.4749031066895;167476800;25.4749031066895
2014-11-20;25.5282263002269;25.9614345657654;25.5148956417173;25.8392467498779;173582000;25.8392467498779
2014-11-21;26.1058351406189;26.1191641027924;25.7770399492199;25.8747901916504;228717200;25.8747901916504
2014-11-24;25.9592106936208;26.3857544475778;25.9081152068619;26.3546524047852;189803200;26.3546524047852
2014-11-25;26.4524009120998;26.6034686935641;26.0925036899521;26.1258277893066;275361600;26.1258277893066
2014-11-26;26.2013641229064;26.4590670040759;26.176926561554;26.4368515014648;163073200;26.4368515014648
2014-11-28;26.4968377626947;26.5257194461457;26.2258058756295;26.4213047027588;99257600;26.4213047027588
2014-12-01;26.3946403726777;26.4923906162823;24.7195657437361;25.5637683868408;335256000;25.5637683868408
2014-12-02;25.2149783877078;25.7148347874642;25.0483595877891;25.4660167694092;237395600;25.4660167694092
2014-12-03;25.7148446263574;25.8481393783062;25.5726633316207;25.7548332214355;172253600;25.7548332214355
2014-12-04;25.7192761454671;26.0369627119642;25.6126410670945;25.6570720672607;168178000;25.6570720672607
2014-12-05;25.7681502825861;25.7881454183543;25.4682368055356;25.5482139587402;153275600;25.5482139587402
2014-12-08;25.3482783450756;25.4704661683275;24.7973263482575;24.970609664917;230659600;24.970609664917
2014-12-09;24.4796394177132;25.3927107555734;24.2930254439135;25.3527221679688;240832000;25.3527221679688
2014-12-10;25.4171433265049;25.5148918698303;24.7795481091079;24.8706321716309;178261200;24.8706321716309
2014-12-11;24.9395083154214;25.2816325351585;24.7351212512728;24.797327041626;165606800;24.797327041626
2014-12-12;24.5396180053223;24.8528621800558;24.3441192127857;24.3774433135986;224112400;24.3774433135986
2014-12-15;24.5929403964279;24.7928833457758;23.6265514520034;24.04421043396;268872400;24.04421043396
2014-12-16;23.6309906470447;24.4729712230957;23.606553086386;23.7154102325439;243162800;23.7154102325439
2014-12-17;23.7976096496383;24.401879105163;23.7309614482158;24.3063526153564;213647200;24.3063526153564
2014-12-18;24.8528645356769;25.0261478424072;24.5840530348601;25.0261478424072;236024800;25.0261478424072
2014-12-19;24.9395091973317;25.1572235389959;24.8062144603018;24.8328723907471;353719200;24.8328723907471
2014-12-22;24.9172890617341;25.2127584705354;24.8750784197907;25.0905723571777;180670000;25.0905723571777
2014-12-23;25.1550084329591;25.1772239446188;24.9839454338165;25.0017185211182;104113600;25.0017185211182
2014-12-24;25.0105928502712;25.0394728318311;24.8839626312256;24.8839626312256;57918400;24.8839626312256
2014-12-26;24.9039580110373;25.4415809691688;24.8839645672328;25.3238372802734;134884000;25.3238372802734
2014-12-29;25.2794107030823;25.4971250390029;25.2594155608413;25.3060703277588;110395600;25.3060703277588
2014-12-30;25.2460790518544;25.3082831292437;24.9061769897387;24.9972610473633;119526000;24.9972610473633
2014-12-31;25.0639119306112;25.132780495833;24.4840783407012;24.5218448638916;165613600;24.5218448638916
2015-01-02;24.7462276770196;24.7573362766257;23.8487074057312;24.2885818481445;212818400;24.2885818481445
2015-01-05;24.0575411793443;24.1375183650023;23.4177253890153;23.6043376922607;257142000;23.6043376922607
2015-01-06;23.6687600297555;23.8664809026596;23.2444366024424;23.6065559387207;263188400;23.6065559387207
2015-01-07;23.8153846563686;24.0375431016516;23.7043054337271;23.937572479248;160423600;23.937572479248
2015-01-08;24.266357561727;24.9150595435046;24.1486122112917;24.8572978973389;237458000;24.8572978973389
2015-01-09;25.0305862925202;25.1594385701271;24.4840768369056;24.8839626312256;214798000;24.8839626312256
2015-01-12;25.0150415622764;25.0217060447018;24.1708404546829;24.2708110809326;198603200;24.2708110809326
2015-01-13;24.7551129080087;25.0594705548097;24.195274433127;24.4863014221191;268367600;24.4863014221191
2015-01-14;24.2241587444296;24.5462878342887;24.1041929723273;24.3929996490479;195826400;24.3929996490479
2015-01-15;24.4374305367624;24.4507595019489;23.6954220958511;23.7309665679932;240056000;23.7309665679932
2015-01-16;23.7776128520964;23.899800647867;23.3710625806424;23.5465679168701;314053200;23.5465679168701
2015-01-20;23.957558549324;24.2085985999577;23.6598671378711;24.1530590057373;199599600;24.1530590057373
2015-01-21;24.2041612375871;24.6729156792106;24.053093431354;24.3374576568604;194303600;24.3374576568604
2015-01-22;24.4951907261568;24.9861606883368;24.3752249619462;24.970609664917;215185600;24.970609664917
2015-01-23;24.9483909031246;25.2705199297499;24.7773279728985;25.099458694458;185859200;25.099458694458
2015-01-26;25.2683008818519;25.4060397269587;25.0594730975772;25.1261196136475;222460000;25.1261196136475
2015-01-27;24.9750536060997;24.988384266223;24.2219365641133;24.246374130249;382274800;24.246374130249
2015-01-28;26.1324938679244;26.2413527121338;25.6170864105225;25.6170864105225;585908400;25.6170864105225
2015-01-29;25.8414712105484;26.4790665814612;25.6726303115209;26.4146404266357;337745600;26.4146404266357
2015-01-30;26.3035540113459;26.6590071003639;25.9592078249926;26.0280780792236;334982000;26.0280780792236
2015-02-02;26.2258018110446;26.4746181533857;25.7881494582613;26.3546524047852;250956400;26.3546524047852
2015-02-03;26.3257762354234;26.4568489069088;26.1280553511909;26.3591003417969;207662800;26.3591003417969
2015-02-04;26.325772839942;26.7723117399099;26.2835621976509;26.5612602233887;280598800;26.5612602233887
2015-02-05;26.7686788454102;26.8155177258978;26.5969425229073;26.7508373260498;168984800;26.7508373260498
2015-02-06;26.7686851068449;26.8199839537661;26.4185198958462;26.525577545166;174826400;26.525577545166
2015-02-09;26.4408200423726;26.7285339137895;26.4140552094305;26.7017707824707;155559200;26.7017707824707
2015-02-10;26.802137450309;27.2437478600054;26.7999083236547;27.2147521972656;248034000;27.2147521972656
2015-02-11;27.3820356595598;27.8615617657703;27.3218168934886;27.8526401519775;294247200;27.8526401519775
2015-02-12;28.1158122206896;28.4325234467061;28.0065254668177;28.2050266265869;297898000;28.2050266265869
2015-02-13;28.3879214862232;28.3879214862232;28.0243747035663;28.3433151245117;217088800;28.3433151245117
2015-02-17;28.4347605524459;28.744781082801;28.307630541395;28.5105934143066;252609600;28.5105934143066
2015-02-18;28.4659857163253;28.7224765704654;28.4258393069675;28.7090950012207;179566800;28.7090950012207
2015-02-19;28.655563159606;28.7782332071754;28.6221092390176;28.6488723754883;149449600;28.6488723754883
2015-02-20;28.6867807987667;28.8830528259277;28.5596525289894;28.8830528259277;195793600;28.8830528259277
2015-02-23;28.9990370999479;29.6636810302734;28.9187442933601;29.6636810302734;283896400;29.6636810302734
2015-02-24;29.6502956180097;29.7974996448724;29.2555224198767;29.4785575866699;276912400;29.4785575866699
2015-02-25;29.3425093635048;29.3514326770178;28.5819585407483;28.7247009277344;298846800;28.7247009277344
2015-02-26;28.7247045231358;29.1886181897192;28.2384893764722;29.0882530212402;365150000;29.0882530212402
2015-02-27;28.9945747619452;29.1217064540753;28.6020340518755;28.65110206604;248059200;28.65110206604
2015-03-02;28.827300982962;29.0570269777231;28.6154182134466;28.7916145324707;192386800;28.7916145324707
2015-03-03;28.7626168227211;28.8875159725422;28.5685739119485;28.8518295288086;151265200;28.8518295288086
2015-03-04;28.7938478928207;28.8964421868822;28.6198806957189;28.6689453125;126665200;28.6689453125
2015-03-05;28.6778679905676;28.7157835682486;28.0489087602833;28.1938819885254;226068400;28.1938819885254
2015-03-06;28.6377179800301;28.8540623937314;28.160424495428;28.236255645752;291368400;28.236255645752
2015-03-09;28.5395801316978;28.8986685929332;27.8927777987654;28.3566913604736;354114000;28.3566913604736
2015-03-10;28.1938782715848;28.3745362251145;27.6117563084077;27.7701110839844;275426400;27.7701110839844
2015-03-11;27.8236452808006;27.8281052367404;27.2348324025713;27.2638263702393;275756000;27.2638263702393
2015-03-12;27.2794301993358;27.8570921554462;27.1277662206681;27.7567253112793;193450800;27.7567253112793
2015-03-13;27.7455762605498;27.9686114367574;27.3396523079169;27.5649166107178;207309200;27.5649166107178
2015-03-16;27.6296022772678;27.8682498931885;27.4043379315719;27.8682498931885;143497200;27.8682498931885
2015-03-17;28.0801325509328;28.3968421325277;28.0243737498791;28.3343925476074;204092400;28.3343925476074
2015-03-18;28.3254716334042;28.8072285031612;28.1849600638703;28.6533336639404;261083600;28.6533336639404
2015-03-19;28.715778986613;28.8272965749105;28.4146818385343;28.4369850158691;183238000;28.4369850158691
2015-03-20;28.604263901299;28.6377178194169;27.9150859620938;28.0801315307617;274780400;28.0801315307617
2015-03-23;28.3522344730503;28.5150492117565;28.2184119953554;28.3723068237305;150838800;28.3723068237305
2015-03-24;28.376771619736;28.5574279007132;28.2273367299951;28.2563323974609;131369200;28.2563323974609
2015-03-25;28.2228756521311;28.285325238615;27.5180835723877;27.5180835723877;206620800;27.5180835723877
2015-03-26;27.3798011357979;27.8526346622509;27.3441146876607;27.7098922729492;190291600;27.7098922729492
2015-03-27;27.7834925229728;27.8124864840163;27.4132550061061;27.489086151123;158184800;27.489086151123
2015-03-30;27.667515932797;28.1916482876964;27.6563634926748;28.1849575042725;188398800;28.1849575042725
2015-03-31;28.1225092213652;28.2117236469882;27.7366592553594;27.7522716522217;168362400;27.7522716522217
2015-04-01;27.8392577002245;27.9061689507385;27.4556368274082;27.7121276855469;162485600;27.7121276855469
2015-04-02;27.8860909192779;28.0042993035927;27.6987421671466;27.9507713317871;128880400;27.9507713317871
2015-04-06;27.7611875443027;28.4392146570459;27.7299627570126;28.403528213501;148776000;28.403528213501
2015-04-07;28.4682163801618;28.5752723367466;28.0979787863393;28.1046695709229;140049200;28.1046695709229
2015-04-08;28.0689786314905;28.191648667996;27.872708274705;28.013219833374;149316800;28.013219833374
2015-04-09;28.06898777157;28.2318042638021;27.8035769632142;28.2273426055908;129936000;28.2273426055908
2015-04-10;28.091274226458;28.3722989695496;27.9373811423079;28.3477649688721;160752000;28.3477649688721
2015-04-13;28.6310278345162;28.6756375975806;28.2384871035781;28.2920150756836;145460400;28.2920150756836
2015-04-14;28.3254678939018;28.390148300374;28.08236036419;28.1693439483643;102098400;28.1693439483643
2015-04-15;28.1938814891181;28.3544654096798;28.1046670655014;28.276403427124;115881600;28.276403427124
2015-04-16;28.1648786225139;28.347767378441;28.1269630551978;28.140344619751;113476000;28.140344619751
2015-04-17;28.0020696615984;28.1336596110378;27.758960412045;27.8236408233643;207828000;27.8236408233643
2015-04-20;28.0065283929552;28.5752670994288;27.9173139777368;28.4592895507812;188217200;28.4592895507812
2015-04-21;28.5708036809927;28.5931051537363;28.2518616512175;28.3053913116455;129740400;28.3053913116455
2015-04-22;28.3232398841829;28.7425454522268;28.1738067069231;28.6867866516113;150618000;28.6867866516113
2015-04-23;28.6154100397107;29.0882434622947;28.5797235994129;28.9209671020508;183083600;28.9209671020508
2015-04-24;29.1038667098007;29.1350915040705;28.8228401581257;29.0570278167725;178103600;29.0570278167725
2015-04-27;29.509785916396;29.6926764086799;29.2510642750784;29.5856170654297;387816800;29.5856170654297
2015-04-28;29.9893117460384;30.007151565549;28.898669853939;29.1194725036621;475696000;29.1194725036621
2015-04-29;29.0302623963605;29.349201098226;28.6154167889797;28.6912479400635;253544400;28.6912479400635
2015-04-30;28.6912475066981;28.6912475066981;27.7857251545302;27.9128551483154;332781600;27.9128551483154
2015-05-01;28.1247337313392;29.0235668681477;27.946306621803;28.760383605957;234050400;28.760383605957
2015-05-04;28.8830587408262;29.1217080412009;28.6064938643937;28.7046298980713;203953200;28.7046298980713
2015-05-05;28.581961525397;28.6488727707442;28.0533691533245;28.0578308105469;197085600;28.0578308105469
2015-05-06;28.2273392648987;28.2697165047706;27.5136271817197;27.8816356658936;288564000;27.8816356658936
2015-05-07;27.9443455037401;28.2377432641774;27.7763703519273;28.0540904998779;175763600;28.0540904998779
2015-05-08;28.3721198509169;28.582649230957;28.2444588182552;28.582649230957;222201600;28.582649230957
2015-05-11;28.5311330766253;28.5692070259478;28.1369509947937;28.2914886474609;168143200;28.2914886474609
2015-05-12;28.1302342504624;28.4169115270497;27.9555403918377;28.1907062530518;192640000;28.1907062530518
2015-05-13;28.2534182866741;28.4863440142167;28.1907078424763;28.2220630645752;138776800;28.2220630645752
2015-05-14;28.5356143630086;28.880521774292;28.4796226560334;28.880521774292;180814000;28.880521774292
2015-05-15;28.9074026059328;29.0014682716529;28.7147909806593;28.8402118682861;152832000;28.8402118682861
2015-05-18;28.7528618685971;29.2769434149236;28.7483815752416;29.1582412719727;203531600;29.1582412719727
2015-05-19;29.2702308177394;29.312785069878;29.0350649205005;29.1313724517822;178532800;29.1313724517822
2015-05-20;29.1156919449172;29.33517851192;28.9678729963904;29.12912940979;145819600;29.12912940979
2015-05-21;29.1313675116306;29.4807552231525;29.0776142416031;29.427001953125;158921600;29.427001953125
2015-05-22;29.4740386235759;29.7808721123702;29.4292425199147;29.6845645904541;182384000;29.6845645904541
2015-05-26;29.6980061113128;29.7674352890341;28.9185990013408;29.0305824279785;282790400;29.0305824279785
2015-05-27;29.1918336237305;29.6218494951474;29.1268847515605;29.5725765228271;183332800;29.5725765228271
2015-05-28;29.5322667405029;29.5524229352848;29.3620531776839;29.5143489837646;122933200;29.5143489837646
2015-05-29;29.3911697783385;29.4404427604283;29.0932934475095;29.1784019470215;203538000;29.1784019470215
2015-06-01;29.1784012421255;29.427004584859;29.1268898229899;29.2366313934326;128451200;29.2366313934326
2015-06-02;29.0843276466406;29.263501763122;28.9633870830563;29.106725692749;134670400;29.106725692749
2015-06-03;29.2635126141497;29.3262230655522;29.0932956025173;29.1425685882568;123934000;29.1425685882568
2015-06-04;29.021620232107;29.2455870466;28.8715628764921;28.9723472595215;153800400;28.9723472595215
2015-06-05;29.003710538267;29.0462647916424;28.7483884354781;28.8133373260498;142507200;28.8133373260498
2015-06-08;28.8693263499478;28.9387589459251;28.4057167354533;28.6229648590088;210699200;28.6229648590088
2015-06-09;28.3765968489953;28.6856721698511;28.1347139697693;28.5378532409668;224301600;28.5378532409668
2015-06-10;28.649839408144;28.9678719291139;28.6341617967928;28.8648490905762;156349200;28.8648490905762
2015-06-11;28.9320339446125;29.1560007783716;28.7752578444737;28.7998943328857;141563600;28.7998943328857
2015-06-12;28.7103043907202;28.7416596057508;28.4684198387147;28.4818572998047;147544800;28.4818572998047
2015-06-15;28.2422162600858;28.49753830361;28.1548693351291;28.4258689880371;175955600;28.4258689880371
2015-06-16;28.450500241348;28.6341529355123;28.3026830527431;28.578161239624;125976400;28.578161239624
2015-06-17;28.6050424454286;28.6408762479902;28.3855542105882;28.5109767913818;131672400;28.5109767913818
2015-06-18;28.4953053947116;28.7371883137467;28.4930652475846;28.6408824920654;141628800;28.6408824920654
2015-06-19;28.6028017573217;28.6274382436864;28.3094057762737;28.3541984558105;218867600;28.3541984558105
2015-06-22;28.5535352719436;28.6811963172324;28.461709745411;28.5804119110107;136157200;28.5804119110107
2015-06-23;28.5512942234152;28.5804092981942;28.416912749096;28.4505081176758;121075600;28.4505081176758
2015-06-24;28.4908218491073;29.0708968601243;28.4706656534594;28.6923923492432;221123600;28.6923923492432
2015-06-25;28.8603639723512;28.9365118694047;28.5557689666748;28.5557689666748;127752400;28.5557689666748
2015-06-26;28.5938397169805;28.665509021551;28.3340391286865;28.3877906799316;176267200;28.3877906799316
2015-06-29;28.0988837431177;28.3250907637883;27.8793971639863;27.8905944824219;196645600;27.8905944824219
2015-06-30;28.1235183093798;28.2467007648542;27.964502045142;28.0921630859375;177482800;28.0921630859375
2015-07-01;28.421389183847;28.4303480615006;28.2175785618726;28.3541984558105;120955200;28.3541984558105
2015-07-02;28.3161287648101;28.3743606239485;28.1683098243971;28.3183689117432;108844000;28.3183689117432
2015-07-06;27.9824232994773;28.2713407876287;27.9622653911854;28.2198276519775;112241600;28.2198276519775
2015-07-07;28.1951852166428;28.2534170732103;27.7203749029604;28.1503925323486;187787200;28.1503925323486
2015-07-08;27.8793899097855;27.9152237116797;27.4448937414747;27.4516124725342;243046400;27.4516124725342
2015-07-09;27.7382932325205;27.7853260646193;26.7013273620049;26.8916988372803;314380000;26.8916988372803
2015-07-10;27.3105171953733;27.7382929740364;27.14702064926;27.610631942749;245418000;27.610631942749
2015-07-13;28.002574643084;28.1660711934464;27.8435583865569;28.1436748504639;165762000;28.1436748504639
2015-07-14;28.2287826226857;28.3026920949665;28.0048157675791;28.1324768066406;127072400;28.1324768066406
2015-07-15;28.1571097327092;28.4773823633144;28.1257545136624;28.4034729003906;134596800;28.4034729003906
2015-07-16;28.609522988935;28.7954175805811;28.522176060092;28.7819766998291;144889600;28.7819766998291
2015-07-17;28.9096418308935;29.0305824279785;28.7371863969817;29.0305824279785;184658800;29.0305824279785
2015-07-20;29.3329350546996;29.7808687002872;29.2724630556558;29.5792999267578;235600800;29.5792999267578
2015-07-21;29.753998378334;29.7696742812743;29.1873625023994;29.2836666107178;307025600;29.2836666107178
2015-07-22;27.3217105101376;28.1078344869832;27.3217105101376;28.0451240539551;461802400;28.0451240539551
2015-07-23;28.2646165313371;28.4639468963914;28.0092944523074;28.0316925048828;203998000;28.0316925048828
2015-07-24;28.067527655461;28.1615933293425;27.7494951149676;27.8838748931885;168649200;27.8838748931885
2015-07-27;27.5680758713524;27.6845395780966;27.3508294848426;27.4964065551758;177822000;27.4964065551758
2015-07-28;27.6330299377441;27.7517338061555;27.4471387468445;27.6330299377441;134472400;27.6330299377441
2015-07-29;27.5815165141213;27.6599045658816;27.3844246025739;27.5456809997559;148046800;27.5456809997559
2015-07-30;27.3956231793512;27.4516148880818;27.2590032733501;27.4068222045898;134513200;27.4068222045898
2015-07-31;27.458333054484;27.4672919327442;27.0798302731943;27.1671772003174;171540000;27.1671772003174
2015-08-03;27.2119663594854;27.4516107685407;26.3205777384194;26.5266284942627;279904000;26.5266284942627
2015-08-04;26.2981875780802;26.3608980237829;25.3642462072978;25.6755599975586;496554400;25.6755599975586
2015-08-05;25.2970557801085;26.3026681969518;25.1066842936648;25.845775604248;397250400;25.845775604248
2015-08-06;26.0910060451223;26.2102455140279;25.6747921892657;25.9020214080811;211612000;25.9020214080811
2015-08-07;25.7782788379031;26.1539960465773;25.760279977059;25.9897594451904;154681600;25.9897594451904
2015-08-10;26.2169884762784;26.9954211294646;26.2169884762784;26.9346771240234;219806400;26.9346771240234
2015-08-11;26.5049667641292;26.5882102129368;25.4970545298317;25.5330505371094;388331200;25.5330505371094
2015-08-12;25.3170700472453;25.9672639313466;24.664625876231;25.9267673492432;404870000;25.9267673492432
2015-08-13;26.1067496300941;26.1877427852732;25.7692787223366;25.9065170288086;194143200;25.9065170288086
2015-08-14;25.7197846634595;26.1674956210656;25.6500412198406;26.088752746582;171718000;26.088752746582
2015-08-17;26.1067419577514;26.4689607629449;25.9852522606867;26.3587207794189;163538800;26.3587207794189
2015-08-18;26.1944908373532;26.421721719719;26.0999993990701;26.2102394104004;138242800;26.2102394104004
2015-08-19;26.1202490269882;26.2147404732235;25.8007769660219;25.875020980835;193146000;25.875020980835
2015-08-20;25.6657908995023;25.7265349148712;25.1145873214592;25.3440685272217;274006400;25.3440685272217
2015-08-21;24.8446081344925;25.1753298965559;23.7692011234738;23.7939491271973;513102000;23.7939491271973
2015-08-24;21.3439125138493;24.4778926890767;20.6982175021058;23.2000026702881;648825200;23.2000026702881
2015-08-25;24.9975947237197;24.9975947237197;23.285492212156;23.3394870758057;414406400;23.3394870758057
2015-08-26;24.0931743814967;24.7231208200218;23.6342154155742;24.6781253814697;387098400;24.6781253814697
2015-08-27;25.2495820815721;25.4768113290059;24.7523732759629;25.4048175811768;338464400;25.4048175811768
2015-08-28;25.2360715898609;25.4925493172317;25.0943344404609;25.4880504608154;212657600;25.4880504608154
2015-08-31;25.2045702852201;25.7670216500298;25.1978211434768;25.3688068389893;224917200;25.3688068389893
2015-09-01;24.7816158523392;25.1708313671115;24.1539197110911;24.2349128723145;307383600;24.2349128723145
2015-09-02;24.7996112285961;25.2743186950684;24.5521312060478;25.2743186950684;247555200;25.2743186950684
2015-09-03;25.308069728827;25.3733143152878;24.7568678906279;24.831111907959;212935600;24.831111907959
2015-09-04;24.5161421638171;24.8491125708258;24.4126512688568;24.5836353302002;199985200;24.5836353302002
2015-09-08;25.1415762160634;25.3238099105083;24.8198539640583;25.2675647735596;219374400;25.2675647735596
2015-09-09;25.593798375147;25.65229210635;24.6961243755854;24.7816181182861;340043200;24.7816181182861
2015-09-10;24.8086071491454;25.4857991577527;24.7253654352718;25.3260631561279;251571200;25.3260631561279
2015-09-11;25.1505851228879;25.6950378417969;25.1438359785449;25.6950378417969;199662000;25.6950378417969
2015-09-14;26.2282349795475;26.297978406226;25.8412681286884;25.9425086975098;233453600;25.9425086975098
2015-09-15;26.0819989456062;26.2169869515425;25.7422777861018;26.1607418060303;173364800;26.1607418060303
2015-09-16;26.153997088889;26.2192416746995;25.9717633358613;26.1899948120117;148694000;26.1899948120117
2015-09-17;26.0212587658878;26.2079913719033;25.5847958233328;25.6297912597656;256450400;25.6297912597656
2015-09-18;25.2450742804875;25.7152846523894;25.1685816962688;25.5240497589111;297141200;25.5240497589111
2015-09-21;25.5735487605923;25.9560168758359;25.5713001900633;25.9200191497803;200888000;25.9200191497803
2015-09-22;25.5082996434834;25.6882848088942;25.3148161914297;25.5128002166748;201384800;25.5128002166748
2015-09-23;25.5645409221637;25.809770629992;25.4902986404042;25.7197780609131;143026800;25.7197780609131
2015-09-24;25.4790486045506;25.9852548682171;25.2810663282441;25.8727645874023;200878000;25.8727645874023
2015-09-25;26.1967447824451;26.2529899392494;25.6522903600652;25.8075275421143;224607600;25.8075275421143
2015-09-28;25.6140472400669;25.7760335863749;25.2968254089355;25.2968254089355;208436000;25.2968254089355
2015-09-29;25.3845604634239;25.5375473337754;24.2664066528875;24.5363826751709;293461600;24.5363826751709
2015-09-30;24.7861181615285;25.0943422744701;24.462147187981;24.8153667449951;265892000;24.8153667449951
2015-10-01;24.5386369325117;24.6623769640201;24.1426705481508;24.653377532959;255716400;24.653377532959
2015-10-02;24.3001539585893;24.9750957272583;24.1966630933693;24.8333568572998;232079200;24.8333568572998
2015-10-05;24.7208665070537;25.0560888205957;24.5386327791909;24.9233493804932;208258800;24.9233493804932
2015-10-06;24.8896061075437;25.1393347404343;24.6961226313138;25.0425930023193;192787200;25.0425930023193
2015-10-07;25.1393305400067;25.1460796830438;24.6151270720306;24.9233493804932;187062400;24.9233493804932
2015-10-08;24.7906150609419;24.7906150609419;24.345152678207;24.6353778839111;247918400;24.6353778839111
2015-10-09;24.7478672978042;25.2608228180696;24.6331267051767;25.2248268127441;211064400;25.2248268127441
2015-10-12;25.3620649578656;25.3665638148272;25.0718397645626;25.1078357696533;121868800;25.1078357696533
2015-10-13;24.9323517950696;25.2990695812014;24.9008546461486;25.1505832672119;132197200;25.1505832672119
2015-10-14;25.0380843743763;25.0898289370908;24.6488672869245;24.7951049804688;177849600;24.7951049804688
2015-10-15;24.9570983085029;25.2203252015238;24.8581062941159;25.1663303375244;150694000;25.1663303375244
2015-10-16;25.1483310179411;25.1978270242304;24.8671052699029;24.9818458557129;156930400;24.9818458557129
2015-10-19;24.9278567025103;25.1415876333889;24.7726195047666;25.1370887756348;119036800;25.1370887756348
2015-10-20;25.0493415617666;25.6860371322548;24.9323523938883;25.5960445404053;195871200;25.5960445404053
2015-10-21;25.6477868217369;26.0032565598145;25.5802919593039;25.5937919616699;167180800;25.5937919616699
2015-10-22;25.7220331125276;25.9852600097656;25.6702868178692;25.9852600097656;166616400;25.9852600097656
2015-10-23;26.2552326884392;26.8244349909286;26.1719909733632;26.7906875610352;237467600;26.7906875610352
2015-10-26;26.5657107040898;26.5769587046525;25.8547711562435;25.9357643127441;265335200;25.9357643127441
2015-10-27;25.9627575664413;26.2192352734429;25.6455341456173;25.7715244293213;279537600;25.7715244293213
2015-10-28;26.3069775454725;26.8401821026804;26.1112438359104;26.8334312438965;342205600;26.8334312438965
2015-10-29;26.7051922754444;27.1529048339149;26.6084505642107;27.116907119751;204909200;27.116907119751
2015-10-30;27.2204039681182;27.2721502645088;26.8739336170804;26.8851833343506;197461200;26.8851833343506
2015-11-02;27.1776591525039;27.303647748441;26.9099316696715;27.2631511688232;128813200;27.2631511688232
2015-11-03;27.175405343197;27.7828522422593;27.1551561977799;27.575870513916;182076000;27.575870513916
2015-11-04;27.7018631334055;27.8571003105348;27.3621436329294;27.4476356506348;179544400;27.4476356506348
2015-11-05;27.5312355441381;27.7210291212489;27.1539100330732;27.3211078643799;158210800;27.3211078643799
2015-11-06;27.3640352986631;27.5221951624573;27.2533233940071;27.3527374267578;132169200;27.3527374267578
2015-11-09;27.3301394325139;27.5221911602832;27.12453163948;27.2420215606689;135485600;27.2420215606689
2015-11-10;26.4128099773488;26.6771636035834;26.2230164368995;26.3834362030029;236511600;26.3834362030029
2015-11-11;26.293065523814;26.5303053432546;26.030970038931;26.2343196868896;180872000;26.2343196868896
2015-11-12;26.2682099613003;26.3947378571945;26.1303841930669;26.1462001800537;130102400;26.1462001800537
2015-11-13;26.0287062632073;26.1123060293747;25.3666913385993;25.3825073242188;183249600;25.3825073242188
2015-11-16;25.1656071865201;25.8118062679365;25.0797492062069;25.7982501983643;152426800;25.7982501983643
2015-11-17;25.9654421307513;25.9948159065533;25.603932659371;25.6875324249268;110467600;25.6875324249268
2015-11-18;26.1552335141925;26.5461150051853;26.0964876912674;26.5009269714355;186698800;26.5009269714355
2015-11-19;26.5800155030604;27.0567568259573;26.3811856768121;26.8375911712646;173183200;26.8375911712646
2015-11-20;26.9324785694579;27.095158250188;26.8533986479399;26.9550743103027;137148400;26.9550743103027
2015-11-23;26.9482919054853;27.0522274764812;26.5122206967538;26.6048583984375;129930000;26.6048583984375
2015-11-24;26.5099682856076;26.9663736900994;26.4625203270079;26.860179901123;171212800;26.860179901123
2015-11-25;26.9347406191558;26.9392604572075;26.6432731220914;26.6681270599365;85553200;26.6681270599365
2015-11-27;26.7268714376542;26.753985293054;26.5709697857783;26.6184177398682;52185600;26.6184177398682
2015-11-30;26.6590880022159;26.9799292618734;26.6048620145354;26.7291316986084;156721200;26.7291316986084
2015-12-01;26.830807467145;26.8443635340345;26.403774121994;26.5122261047363;139409600;26.5122261047363
2015-12-02;26.5122199903979;26.686197519818;26.227532308495;26.2727203369141;133546400;26.2727203369141
2015-12-03;26.3337250886672;26.3879510655088;25.8072761305506;26.0286998748779;166278000;26.0286998748779
2015-12-04;26.0490428359317;26.9437794563023;26.0083729111961;26.8940715789795;231108000;26.8940715789795
2015-12-07;26.8827786076388;27.081608416611;26.6184232037138;26.7246170043945;128336800;26.7246170043945
2015-12-08;26.5528982622972;26.7969178297091;26.4037763425321;26.7133197784424;137238000;26.7133197784424
2015-12-09;26.5800092071462;26.591307078474;26.0015940504756;26.1236038208008;185445600;26.1236038208008
2015-12-10;26.2184955368169;26.4218451214706;26.0987457046911;26.2478675842285;116850800;26.2478675842285
2015-12-11;26.026447133489;26.0716351696897;25.4977381461124;25.5722999572754;187544800;25.5722999572754
2015-12-14;25.3463626283783;25.4593344707719;24.806357359642;25.4141464233398;257274800;25.4141464233398
2015-12-15;25.2921350427471;25.4864467374002;24.932883710051;24.9645156860352;213292400;24.9645156860352
2015-12-16;25.0955587838727;25.3034265086702;24.5826675049334;25.1565628051758;224954000;25.1565628051758
2015-12-17;25.3102136916984;25.3621815035913;24.6233463287354;24.6233463287354;179091200;24.6233463287354
2015-12-18;24.607525032032;24.7453490798103;23.9070983014593;23.9568061828613;385813200;23.9568061828613
2015-12-21;24.2392361848048;24.2595720111044;23.8528727232466;24.2505340576172;190362400;24.2505340576172
2015-12-22;24.2663477041192;24.3386496012281;24.0517002080865;24.2279376983643;131157600;24.2279376983643
2015-12-23;24.2369742257696;24.5939656013111;24.2211582394513;24.5397396087646;130629600;24.5397396087646
2015-12-24;24.6278531661811;24.6278531661811;24.3906116892753;24.4086875915527;54281600;24.4086875915527
2015-12-28;24.3092716856582;24.3318674252561;23.9906920983208;24.1352958679199;106816800;24.1352958679199
2015-12-29;24.1669352202162;24.7250163721004;24.1443411975265;24.5691146850586;123724800;24.5691146850586
2015-12-30;24.532961417855;24.5600735520477;24.216639969705;24.2482719421387;100855200;24.2482719421387
2015-12-31;24.178230675543;24.1827487901037;23.6834135261992;23.782829284668;163649200;23.782829284668
2016-01-04;23.1840709701536;23.8076757360002;23.0462452479227;23.8031558990479;270597600;23.8031558990479
2016-01-05;23.8935435523965;23.9161375750592;23.1388925078174;23.2066745758057;223164000;23.2066745758057
2016-01-06;22.7208914511527;23.1298506039047;22.5649915147348;22.7525234222412;273829600;22.7525234222412
2016-01-07;22.2961180984187;22.6237356815193;21.7877449167578;21.7922630310059;324377600;21.7922630310059
2016-01-08;22.2667448500994;22.3932727280066;21.8623055560026;21.9074935913086;283192000;21.9074935913086
2016-01-11;22.3616437717299;22.3819778732137;21.9933545114888;22.262228012085;198957600;22.262228012085
2016-01-12;22.7186347989183;22.7502667721551;22.3322696387298;22.5853271484375;196616800;22.5853271484375
2016-01-13;22.6666669894071;22.8632385862634;21.9843179221647;22.0046520233154;249758400;22.0046520233154
2016-01-14;22.1334445193194;22.7028236054182;21.6318492323606;22.4859161376953;252680400;22.4859161376953
2016-01-15;21.7357780259794;22.0769534136409;21.545986191029;21.9459056854248;319335600;21.9459056854248
2016-01-19;22.2351193218051;22.2893453246434;21.5776223576138;21.8397178649902;212350800;21.8397178649902
2016-01-20;21.4872418794072;22.1854086903294;21.1076564588605;21.8690872192383;289337600;21.8690872192383
2016-01-21;21.9300872636588;22.115360963597;21.4510878912306;21.7583713531494;208646000;21.7583713531494
2016-01-22;22.2848219995744;22.9242429548592;22.2260778906111;22.9152050018311;263202000;22.9152050018311
2016-01-25;22.9377978466872;22.9400577657818;22.41586858371;22.4678363800049;207178000;22.4678363800049
2016-01-26;22.5785478914238;22.7931936587318;22.1582925854031;22.5921039581299;300308000;22.5921039581299
2016-01-27;21.6996314544147;21.832937399538;21.0895824779317;21.1076583862305;533478800;21.1076583862305
2016-01-28;21.1912473526254;21.3561851911757;20.8749260141101;21.2590293884277;222715200;21.2590293884277
2016-01-29;21.4171995049282;21.9933547973633;21.317783743991;21.9933547973633;257666000;21.9933547973633
2016-02-01;21.7967805661005;21.851006550414;21.5550209697621;21.7877426147461;163774000;21.7877426147461
2016-02-02;21.5595404542964;21.699626123477;21.3019648576643;21.3471546173096;149428800;21.3471546173096
2016-02-03;21.4646450209351;21.8803804760156;21.2567772933949;21.7696685791016;183857200;21.7696685791016
2016-02-04;21.7764845455844;22.1104242353488;21.6242812837577;21.9445896148682;185886800;21.9445896148682
2016-02-05;21.9264180382736;22.0172862622418;21.2835291233376;21.3584938049316;185672400;21.3584938049316
2016-02-08;21.1563092240654;21.7401351647181;21.1358647871536;21.5833892822266;216085600;21.5833892822266
2016-02-09;21.4198241190765;21.7946543464321;21.3380429155383;21.5788421630859;177324800;21.5788421630859
2016-02-10;21.7901134908153;21.887796514478;21.3766647766731;21.415283203125;169374400;21.415283203125
2016-02-11;21.3062471087929;21.5175150064356;21.0336424194525;21.2858009338379;200298800;21.2858009338379
2016-02-12;21.397115737937;21.4675377940765;21.1290554083245;21.3516807556152;161405600;21.3516807556152
2016-02-16;21.5856607435741;22.0013816452875;21.492522082439;21.9536762237549;196231600;21.9536762237549
2016-02-17;21.9604932035973;22.3103347291952;21.8423657290732;22.2898902893066;179452800;22.2898902893066
2016-02-18;22.4534400923069;22.4647992643898;21.8287237574058;21.8673439025879;156084000;21.8673439025879
2016-02-19;21.8082900949345;21.9809395434729;21.7628568505036;21.8173770904541;141496800;21.8173770904541
2016-02-22;21.8787016566355;22.0127326098458;21.7901056592449;22.0081882476807;137123200;22.0081882476807
2016-02-23;21.8991563353172;21.921872955477;21.4788927962756;21.5106964111328;127770400;21.5106964111328
2016-02-24;21.3494009060037;21.8946065884658;21.19946813011;21.8309993743896;145022800;21.8309993743896
2016-02-25;21.8196420184931;21.9809322357178;21.6379056348549;21.9809322357178;110330800;21.9809322357178
2016-02-26;22.0808942438888;22.2671733293817;21.9400501384961;22.0150165557861;115964400;22.0150165557861
2016-02-29;22.0036548209347;22.3148778990843;21.9559493972476;21.9650363922119;140865200;21.9650363922119
2016-03-01;22.1831180940412;22.8918863383413;22.1308683085915;22.837366104126;201628400;22.837366104126
2016-03-02;22.8328241245814;22.9191479756481;22.63518588681;22.8873443603516;132678400;22.8873443603516
2016-03-03;22.8487264059173;23.1054275156086;22.8191932388389;23.0577220916748;147822800;23.0577220916748
2016-03-04;23.2553607500929;23.5688542843445;23.0281910702438;23.400749206543;184220400;23.400749206543
2016-03-07;23.2599006810928;23.3598558832371;22.9350480072907;23.141773223877;143315600;23.141773223877
2016-03-08;22.8941582071873;23.1167852380364;22.8078343597629;22.9509506225586;126247600;22.9509506225586
2016-03-09;23.0145584581707;23.0758952389649;22.7783017960075;22.9713973999023;108806800;22.9713973999023
2016-03-10;23.0372814547737;23.2258309995817;22.7510471307648;22.982759475708;134054400;22.982759475708
2016-03-11;23.2258290181169;23.2349160138526;23.0577239299245;23.2303733825684;109632800;23.2303733825684
2016-03-14;23.1508568370656;23.3780264573693;23.1213236771995;23.2894287109375;100304400;23.2894287109375
2016-03-15;23.6165623011846;23.8937096183257;23.5915734950052;23.7574081420898;160270800;23.7574081420898
2016-03-16;23.7642207076721;24.1504084759991;23.7596763434327;24.0731716156006;153214000;24.0731716156006
2016-03-17;23.9709426574433;24.1867548824178;23.8437281976972;24.0345516204834;137682800;24.0345516204834
2016-03-18;24.1572184644123;24.1935664383995;23.8959747673386;24.0618076324463;176820800;24.0618076324463
2016-03-21;24.0640747947448;24.4548067677724;23.8846106102419;24.0595321655273;142010800;24.0595321655273
2016-03-22;23.9096021044175;24.3730283294332;23.9005151117897;24.2435417175293;129777600;24.2435417175293
2016-03-23;24.1890288274511;24.3230581097144;24.057269994158;24.1095180511475;102814000;24.1095180511475
2016-03-24;23.9595907054525;24.1367828101876;23.8278318515638;24.0050239562988;104532000;24.0050239562988
2016-03-28;24.0799800456415;24.1231428286385;23.8664400453404;23.8959732055664;77645600;23.8959732055664
2016-03-29;23.8278262872013;24.4866186696339;23.8255541052394;24.4616298675537;124760400;24.4616298675537
2016-03-30;24.6819846192936;25.0840741665262;24.6706254426984;24.888708114624;182404400;24.888708114624
2016-03-31;24.9250508931848;24.965941493963;24.7342275118312;24.7592163085938;103553600;24.7592163085938
2016-04-01;24.7115140933751;24.9886613419286;24.5797552812485;24.9863891601562;103496000;24.9863891601562
2016-04-04;25.0840717918083;25.4861630341418;25.0499959984156;25.243091583252;149424800;25.243091583252
2016-04-05;24.8773457588555;25.1544929746495;24.8568995916548;24.9454956054688;106314800;24.9454956054688
2016-04-06;25.0409141620547;25.2112914191498;24.8069279397837;25.2067470550537;105616400;25.2067470550537
2016-04-07;24.9773002371061;25.084070240991;24.5615811295508;24.6569919586182;127207600;24.6569919586182
2016-04-08;24.7410480138539;24.9364123230816;24.572941220894;24.6842555999756;94326800;24.6842555999756
2016-04-11;24.7546757306073;25.1272337982806;24.7228721199401;24.7660331726074;117630000;24.7660331726074
2016-04-12;24.8387274287272;25.10224504117;24.6842537384679;25.0886154174805;108929200;25.0886154174805
2016-04-13;25.1704031846823;25.5202429937621;25.1704031846823;25.4520931243896;133029200;25.4520931243896
2016-04-14;25.356676854687;25.5315967218882;25.2907974484726;25.4657173156738;101895600;25.4657173156738
2016-04-15;25.4679899299885;25.5111527186609;24.9273267799265;24.9545860290527;187756000;24.9545860290527
2016-04-18;24.7364935614177;24.7501231805762;24.2935136071028;24.4161853790283;243286000;24.4161853790283
2016-04-19;24.5070619429447;24.5343229256911;24.1322333958913;24.2867088317871;129539600;24.2867088317871
2016-04-20;24.2253744305864;24.5547697718788;24.0936156008026;24.3366870880127;122444000;24.3366870880127
2016-04-21;24.2912543035794;24.2912543035794;23.9709442182196;24.0731716156006;126210000;24.0731716156006
2016-04-22;23.855092315063;24.1890320742265;23.7664962646524;24.0072956085205;134732400;24.0072956085205
2016-04-25;23.852811044848;24.0004716503304;23.7414984119254;23.8709850311279;112126400;23.8709850311279
2016-04-26;23.6051971453468;23.9209627931978;23.6051971453468;23.705150604248;224064800;23.705150604248
2016-04-27;21.8082881805298;22.4239177743126;21.7355939559214;22.221736907959;458408400;22.221736907959
2016-04-28;22.1740348541276;22.2353699113596;21.4107445131999;21.5425033569336;328970800;21.5425033569336
2016-04-29;21.3516646691746;21.5174991966656;21.0154547191326;21.2948722839355;274126000;21.2948722839355
2016-05-02;21.3471374390579;21.3721262452413;20.9904810718203;21.2721710205078;192640400;21.2721710205078
2016-05-03;21.3993841256809;21.7492256566034;21.2812566493588;21.6220111846924;227325200;21.6220111846924
2016-05-04;21.626548157213;21.7855679386607;21.3130546906734;21.3971080780029;164102000;21.3971080780029
2016-05-05;21.4839632970801;21.4999619234036;21.1822736694656;21.3102626800537;143562000;21.3102626800537
2016-05-06;21.3399812168877;21.3582641205042;20.9925798923752;21.1914215087891;174799600;21.1914215087891
2016-05-09;21.2554143293989;21.4313992506959;21.1617068270903;21.2074184417725;131745600;21.2074184417725
2016-05-10;21.3308314620684;21.3856836412486;21.0519967903468;21.3514003753662;134747200;21.3514003753662
2016-05-11;21.3651080434815;21.3856769503439;21.1319833033942;21.1434116363525;114876400;21.1434116363525
2016-05-12;21.1914099351031;21.2051225412563;20.4486135440078;20.6474533081055;305258800;20.6474533081055
2016-05-13;20.5697481515869;20.9514308376849;20.5697481515869;20.6885948181152;177571200;20.6885948181152
2016-05-16;21.115992169832;21.5730977507245;20.9468635931432;21.4565353393555;245039200;21.4565353393555
2016-05-17;21.6096644226741;21.6439459421226;21.2576929586759;21.3673973083496;187667600;21.3673973083496
2016-05-18;21.5205264067531;21.7605057327419;21.4588161916995;21.611946105957;168249600;21.611946105957
2016-05-19;21.630232578101;21.630232578101;21.3856812001761;21.5296688079834;121768400;21.5296688079834
2016-05-20;21.6302372643097;21.8107941889936;21.6028103000485;21.7627983093262;128104000;21.7627983093262
2016-05-23;21.9113595805048;22.2130492345241;21.8656479700657;22.0393486022949;152074400;22.0393486022949
2016-05-24;22.219904454113;22.4187442827154;22.1330532703836;22.3753204345703;140560800;22.3753204345703
2016-05-25;22.5513063913735;22.7958578396805;22.4233173698207;22.7684326171875;152675200;22.7684326171875
2016-05-26;22.7821398591559;23.0221209617286;22.544444772492;22.9489841461182;225324800;22.9489841461182
2016-05-27;22.7272863037188;22.9626953601833;22.6838607226827;22.9352684020996;145364800;22.9352684020996
2016-05-31;22.7638561245139;22.9466990426704;22.585585238357;22.8232803344727;169228800;22.8232803344727
2016-06-01;22.6312886732895;22.7501370594779;22.4735884884471;22.5032997131348;116693200;22.5032997131348
2016-06-02;22.3067538670196;22.3616060530792;22.0850573627244;22.3341808319092;160766400;22.3341808319092
2016-06-03;22.3501715854591;22.4598759189324;22.2724627508399;22.3798828125;114019600;22.3798828125
2016-06-06;22.3958844996965;23.2872406138547;22.295322470866;22.5421581268311;93170000;22.5421581268311
2016-06-07;22.683859228116;22.8255625533;22.6175787249035;22.6335773468018;89638000;22.6335773468018
2016-06-08;22.6312971196664;22.7547158388999;22.5535900059191;22.6130142211914;83392400;22.6130142211914
2016-06-09;22.5124458946546;22.8529890042106;22.5033035754004;22.7752819061279;106405600;22.7752819061279
2016-06-10;22.5193050203731;22.7067182292754;22.5078784276626;22.5878715515137;126851600;22.5878715515137
2016-06-13;22.5558793345172;22.6541571210956;22.1924794283435;22.2473316192627;152082000;22.2473316192627
2016-06-14;22.2427563210826;22.5078783809754;22.1124813071613;22.2747535705566;127727600;22.2747535705566
2016-06-15;22.3570284016218;22.4918754216057;22.1764715322612;22.2016124725342;117780800;22.2016124725342
2016-06-16;22.0439129874323;22.3410322726898;21.9570635664385;22.2953224182129;125307200;22.2953224182129
2016-06-17;22.0827627302087;22.0896190322847;21.7810732328362;21.7879295349121;244032800;21.7879295349121
2016-06-20;21.9410646511373;22.0713396527547;21.719368198063;21.7353668212891;137647600;21.7353668212891
2016-06-21;21.6988070836003;22.0210656797216;21.6393828572436;21.920503616333;142185600;21.920503616333
2016-06-22;21.9982068577914;22.1444805093483;21.7925089903773;21.8382205963135;116876400;21.8382205963135
2016-06-23;21.927347344701;22.0073404436886;21.7696454183262;21.9639148712158;128960800;21.9639148712158
2016-06-24;21.2348399921565;21.6348073640384;21.1754157800926;21.346830368042;301245600;21.346830368042
2016-06-27;21.2554136248352;21.2668419640569;20.9125843728218;21.036003112793;181958400;21.036003112793
2016-06-28;21.232549053695;21.4062496174558;21.0588484899342;21.3902492523193;161779600;21.3902492523193
2016-06-29;21.4771101659953;21.6096712286772;21.3994012954259;21.5753879547119;146124000;21.5753879547119
2016-06-30;21.5845234099824;21.8884972583385;21.552526162787;21.8496437072754;143345600;21.8496437072754
2016-07-01;21.8244988205064;22.0484812541222;21.787931291913;21.9159202575684;104106000;21.9159202575684
2016-07-05;21.8016455957961;21.8039316114235;21.589091479147;21.7102241516113;110820800;21.7102241516113
2016-07-06;21.621092619339;21.863359751645;21.5685264564703;21.833646774292;123796400;21.833646774292
2016-07-07;21.8724951808582;22.055338059147;21.8542122880044;21.9273490905762;100558400;21.9273490905762
2016-07-08;22.0530557400331;22.144477194501;21.9524937094658;22.0964813232422;115648400;22.0964813232422
2016-07-11;22.1124864029137;22.3181842995917;22.1079161135296;22.1650543212891;95179600;22.1650543212891
2016-07-12;22.2084734529451;22.3296061486527;22.1970468600538;22.2656116485596;96670000;22.2656116485596
2016-07-13;22.2633342159992;22.3227567022162;22.1330574160037;22.1399154663086;103568800;22.1399154663086
2016-07-14;22.2587535044284;22.624437577394;22.2427548807274;22.578727722168;155676000;22.578727722168
2016-07-15;22.6084361472387;22.6952873025939;22.5124444169483;22.5764389038086;120548000;22.5764389038086
2016-07-18;22.5581595561722;22.884990113892;22.535304626037;22.8164253234863;145975600;22.8164253234863
2016-07-19;22.754716597895;22.8552803895995;22.7044347020428;22.825569152832;95119600;22.825569152832
2016-07-20;22.8552745975277;22.96040865143;22.7958503953328;22.8461322784424;105104000;22.8461322784424
2016-07-21;22.8164218317391;23.0838281352089;22.6564338578379;22.7250003814697;130808000;22.7250003814697
2016-07-22;22.6861444268244;22.6952867452541;22.4690182874876;22.5490131378174;113254800;22.5490131378174
2016-07-25;22.455315531399;22.5901608640169;22.1513398492243;22.2473316192627;161531600;22.2473316192627
2016-07-26;22.1284776742328;22.3913136912846;22.0370562234688;22.0941944122314;224959200;22.0941944122314
2016-07-27;23.8311924026657;23.849477039568;23.4837930201154;23.5295028686523;369379200;23.5295028686523
2016-07-28;23.5020850113269;23.8723394340063;23.499798995069;23.8471984863281;159479200;23.8471984863281
2016-07-29;23.8129155208063;23.8951946639186;23.6963531107774;23.8174858093262;110934800;23.8174858093262
2016-08-01;23.8632010824714;24.2608825061841;23.8632010824714;24.2380275726318;152671600;24.2380275726318
2016-08-02;24.2380239760491;24.2425942645935;23.7694900610125;23.8791961669922;135266400;23.8791961669922
2016-08-03;23.9546159160137;24.1900249965093;23.9454735957192;24.1785984039307;120810400;24.1785984039307
2016-08-04;24.2613233049143;24.3578350608107;24.1923853346081;24.3279628753662;109634800;24.3279628753662
2016-08-05;24.4198695051248;24.7369819566091;24.3991891729835;24.6979179382324;162213600;24.6979179382324
2016-08-08;24.707113568074;24.902437210083;24.6243904677958;24.902437210083;112148800;24.902437210083
2016-08-09;24.8702702767281;25.0334216079614;24.8197159974119;25.003547668457;105260800;25.003547668457
2016-08-10;24.9805684730325;25.0242293049483;24.7622678197844;24.8174171447754;96034000;24.8174171447754
2016-08-11;24.9369025130076;25.0311176039427;24.7829430627707;24.801326751709;109938000;24.801326751709
2016-08-12;24.7668650958724;24.9185279447069;24.7668650958724;24.8587818145752;74641600;24.8587818145752
2016-08-15;24.8495862442048;25.1712938348808;24.835799352073;25.157506942749;103472800;25.157506942749
2016-08-16;25.1919749295823;25.3298508677018;25.0954631754309;25.1345272064209;135177600;25.1345272064209
2016-08-17;25.0701875216334;25.1322320480946;24.8955459419944;25.0977630615234;101424000;25.0977630615234
2016-08-18;25.1000550678789;25.1850765595098;25.0517974470724;25.0655860900879;87938800;25.0655860900879
2016-08-19;24.9943567610017;25.2057657327364;24.9001433985991;25.1299343109131;101472400;25.1299343109131
2016-08-22;25.015036828985;25.0701861525879;24.7829475354566;24.9346103668213;103280800;24.9346103668213
2016-08-23;24.9529949592645;25.1207431008993;24.9392080651891;25.0127410888672;85030800;25.0127410888672
2016-08-24;24.9483975973959;24.9897600289497;24.7438838394812;24.8243103027344;94700400;24.8243103027344
2016-08-25;24.6772464210403;24.7898434794139;24.5140950804515;24.7186088562012;100344800;24.7186088562012
2016-08-26;24.6818431058957;24.8059286576335;24.4290716960007;24.5738410949707;111065200;24.5738410949707
2016-08-29;24.5003052644647;24.6887337236884;24.424473850186;24.5462627410889;99881200;24.5462627410889
2016-08-30;24.3118763864721;24.4727293050514;24.242938419558;24.3578338623047;99455600;24.3578338623047
2016-08-31;24.2797067970277;24.4888155997439;24.275109997357;24.3808135986328;118649600;24.3808135986328
2016-09-01;24.3900019324001;24.5416647427148;24.2705114556509;24.5255794525146;106806000;24.5255794525146
2016-09-02;24.7484739882025;24.8174119448709;24.5462586701615;24.7553691864014;107210000;24.7553691864014
2016-09-06;24.7944409870706;24.8863577070695;24.7048226671921;24.7484817504883;107521600;24.7484817504883
2016-09-07;24.7783575662622;24.9920632113246;24.6037159603746;24.900146484375;169457200;24.900146484375
2016-09-08;24.6450728069629;24.649667853343;24.1831926299042;24.2475337982178;212008000;24.2475337982178
2016-09-09;24.0453242791733;24.2934989198584;23.6983394622803;23.6983394622803;186228000;23.6983394622803
2016-09-12;23.5880340111751;24.2934919375206;23.560458474636;24.2291507720947;181171200;24.2291507720947
2016-09-13;24.7048223710222;24.9989544689603;24.6427778406714;24.80592918396;248704800;24.80592918396
2016-09-14;24.985166349976;25.9732662084777;24.9552924097286;25.6837291717529;443554800;25.6837291717529
2016-09-15;26.1639940055123;26.5937036523557;26.0789707349019;26.5569362640381;359934400;26.5569362640381
2016-09-16;26.4535291172889;26.6856166646955;26.2053545237961;26.4075698852539;319547600;26.4075698852539
2016-09-19;26.4696187016951;26.6971112393639;26.023823721089;26.0996551513672;188092000;26.0996551513672
2016-09-20;25.9778624824937;26.2237386804424;25.8537751835525;26.0973529815674;138057200;26.0973529815674
2016-09-21;26.1616963112667;26.1938669003298;25.8376920205124;26.0927600860596;144012800;26.0927600860596
2016-09-22;26.2765899640698;26.4121675113579;26.1961634969491;26.3386344909668;124296000;26.3386344909668
2016-09-23;26.2926748253375;26.3776980909908;25.6331760526221;25.8997325897217;209924800;25.8997325897217
2016-09-26;25.6538529899783;26.0559870188023;25.6331726528724;25.938793182373;119477600;25.938793182373
2016-09-27;25.9663706714704;26.0077331019586;25.8147078419584;25.9870510101318;98429600;25.9870510101318
2016-09-28;26.1249270324282;26.3432276782273;26.0651809097136;26.1846714019775;118564400;26.1846714019775
2016-09-29;26.0031423538657;26.1502084080973;25.6906265503322;25.777946472168;143548000;25.777946472168
2016-09-30;25.8422819672066;26.051392508011;25.6906208991512;25.9778594970703;145516400;25.9778594970703
2016-10-03;25.8997284833386;25.9778582899881;25.8009183401191;25.8560676574707;86807200;25.8560676574707
2016-10-04;25.9801565207937;26.2673951228833;25.8813463715482;25.9663696289062;118947200;25.9663696289062
2016-10-05;26.0582859538546;26.1180320731081;25.8951346406164;25.9778594970703;85812400;25.9778594970703
2016-10-06;26.1272261588383;26.2742922031978;25.9962454082942;26.1708869934082;115117200;26.1708869934082
2016-10-07;26.2673933953507;26.3248411119905;26.0835617540026;26.2099456787109;97433600;26.2099456787109
2016-10-10;26.4305502135386;26.8280892670036;26.3616139910902;26.667236328125;144944000;26.667236328125
2016-10-11;27.0463896358008;27.2738839009151;26.7017032678688;26.7246837615967;256164000;26.7246837615967
2016-10-12;26.965959593549;27.1107289709206;26.8280854152812;26.9636611938477;150347200;26.9636611938477
2016-10-13;26.8372786528799;26.9866430842358;26.5914024670473;26.8809394836426;140769600;26.8809394836426
2016-10-14;27.0877478594396;27.1543874239276;26.9154047022634;27.0303001403809;142608800;27.0303001403809
2016-10-17;26.9613647467957;27.0785568349494;26.8349790597687;27.0119190216064;94499600;27.0119190216064
2016-10-18;27.1566853973209;27.1635788429933;26.9889372889097;26.9935340881348;98214000;26.9935340881348
2016-10-19;26.9429771903778;27.0601710148853;26.1501994583236;26.9131050109863;80138400;26.9131050109863
2016-10-20;26.8533669345805;26.9728574410676;26.7315780280171;26.8993244171143;96503200;26.8993244171143
2016-10-21;26.8418731247404;26.8648536161228;26.7200842343416;26.7936172485352;92770800;26.7936172485352
2016-10-24;26.9085111678071;27.0555771878596;26.8855324308924;27.0348968505859;94154800;27.0348968505859
2016-10-25;27.1038372938799;27.1980524090577;26.9567712508615;27.1727752685547;192516000;27.1727752685547
2016-10-26;26.2673952032638;26.5868043895117;26.0376043208889;26.5615272521973;264536800;26.5615272521973
2016-10-27;26.5155739733345;26.6235759856495;26.219143477778;26.3064651489258;138248000;26.3064651489258
2016-10-28;26.166293483084;26.4742124836793;26.0697799613586;26.1318244934082;151446800;26.1318244934082
2016-10-31;26.1157388728596;26.2490180295885;26.0123319051221;26.090461730957;105677600;26.090461730957
2016-11-01;26.0720730805321;26.1433076924452;25.3987857308147;25.619384765625;175303200;25.619384765625
2016-11-02;25.598711137431;25.8170118297684;25.5596470982827;25.642370223999;113326800;25.642370223999
2016-11-03;25.6331303271662;25.7439952818276;25.3028421393693;25.3675136566162;107730400;25.3675136566162
2016-11-04;25.067245104001;25.4645149156981;24.9702378510515;25.1388454437256;123348000;25.1388454437256
2016-11-07;25.4252631391531;25.5245806421251;25.2820606253755;25.5014839172363;130240000;25.5014839172363
2016-11-08;25.4783718961353;25.8040413592232;25.3374796583383;25.6515998840332;97016800;25.6515998840332
2016-11-09;25.3790604230027;25.7116588019909;24.9563853722328;25.6100311279297;236705600;25.6100311279297
2016-11-10;25.6585340343798;25.6585340343798;24.4436294297942;24.8963317871094;228538000;24.8963317871094
2016-11-11;24.7415896958985;25.1457885463247;24.6099364265321;25.0441608428955;136575600;25.0441608428955
2016-11-14;24.8778501440023;24.9009468580953;24.039427263478;24.4159088134766;204702000;24.4159088134766
2016-11-15;24.614550573243;24.8709282239709;24.5198534904713;24.7392749786377;129058000;24.7392749786377
2016-11-16;24.6445709693739;25.4598989539055;24.6214742536963;25.4044647216797;235362000;25.4044647216797
2016-11-17;25.3628935805618;25.4876179777791;25.1365432672971;25.3952293395996;110528000;25.3952293395996
2016-11-18;25.3421060295442;25.5315019371201;25.3282483511402;25.4206352233887;113715600;25.4206352233887
2016-11-21;25.4344915916733;25.8664056299795;25.4090846762239;25.8063545227051;117058400;25.8063545227051
2016-11-22;25.8571653999455;25.9657218951057;25.7301325907188;25.8225212097168;103862000;25.8225212097168
2016-11-23;25.720895839958;25.7555417954341;25.482996314344;25.6908702850342;109705600;25.6908702850342
2016-11-25;25.667769922484;25.8386894870422;25.6261951313977;25.8202114105225;45903600;25.8202114105225
2016-11-28;25.7370657924861;25.977275537742;25.7278267528032;25.769401550293;108776000;25.769401550293
2016-11-29;25.5869336142023;25.875646986383;25.4229446302636;25.7439937591553;114115200;25.7439937591553
2016-11-30;25.776330962111;25.9149130360999;25.4691394939549;25.5268821716309;144649200;25.5268821716309
2016-12-01;25.492230051999;25.6238832456968;25.1827284795195;25.2889747619629;148347600;25.2889747619629
2016-12-02;25.215069062189;25.4275616678144;25.1411585140511;25.3836784362793;106112000;25.3836784362793
2016-12-05;25.4067795466499;25.4137083863978;25.002580781135;25.2012157440186;137298000;25.2012157440186
2016-12-06;25.2912932230019;25.4899281783294;25.219692865442;25.3952293395996;104782000;25.3952293395996
2016-12-07;25.2358626040039;25.6816361860543;25.2127658832992;25.6446800231934;119994800;25.6446800231934
2016-12-08;25.6054131026965;25.9680370476338;25.5453602245699;25.8964366912842;108273200;25.8964366912842
2016-12-09;25.9403171789722;26.4923369775007;25.9403171789722;26.3191089630127;137610400;26.3191089630127
2016-12-12;26.1666713516699;26.5616310453186;25.9818940830098;26.168981552124;105497600;26.168981552124
2016-12-13;26.2937026830083;26.7741221444034;26.2729161666065;26.6055145263672;174935200;26.6055145263672
2016-12-14;26.5708685701977;26.8387936560976;26.5570108925965;26.6055145263672;136127200;26.6055145263672
2016-12-15;26.6493965825181;26.9612084121058;26.6147523900452;26.7510242462158;186098000;26.7510242462158
2016-12-16;26.9011623259889;26.9080911662309;26.7117663899837;26.7856769561768;177404400;26.7856769561768
2016-12-19;26.7464075177381;27.1113398811196;26.7348582779781;26.9404220581055;111117600;26.9404220581055
2016-12-20;26.9635145761974;27.139052772644;26.9496569003769;27.0120182037354;85700000;27.0120182037354
2016-12-21;26.9773805989285;27.1159626774578;26.9727601977497;27.0374317169189;95132800;27.0374317169189
2016-12-22;26.8734424874334;26.9103986478792;26.7094534903304;26.8595848083496;104343600;26.8595848083496
2016-12-23;26.6979016520404;26.9127044677734;26.6979016520404;26.9127044677734;56998000;26.9127044677734
2016-12-27;26.9127043049606;27.208348271473;26.9057754661348;27.0836238861084;73187600;27.0836238861084
2016-12-28;27.1436780328929;27.2591633920158;26.8387967552951;26.9681415557861;83623600;26.9681415557861
2016-12-29;26.8965369754393;27.0489784813824;26.884989497883;26.9612102508545;60158000;26.9612102508545
2016-12-30;26.9427303346759;27.0697631521316;26.6609458214534;26.7510242462158;122345200;26.7510242462158
2017-01-03;26.746402520866;26.8688166859184;26.5061928285024;26.827241897583;115127600;26.827241897583
2017-01-04;26.7579499197873;26.9103913973031;26.7348532068151;26.7972145080566;84472400;26.7972145080566
2017-01-05;26.774122318407;26.9912353337914;26.7487154011953;26.9334926605225;88774400;26.9334926605225
2017-01-06;26.9727571022148;27.2914977846353;26.9011567516614;27.2337551116943;127007600;27.2337551116943
2017-01-09;27.2429941415891;27.5848315627479;27.2406857032829;27.4832038879395;134247600;27.4832038879395
2017-01-10;27.4323867165392;27.5732789714306;27.3238319778385;27.5109176635742;97848400;27.5109176635742
2017-01-11;27.42545820841;27.7003138830929;27.3931224539963;27.6587390899658;110354400;27.6587390899658
2017-01-12;27.4624116595222;27.554800275394;27.3030413411976;27.5432510375977;108344800;27.5432510375977
2017-01-13;27.5109226712148;27.6287182321257;27.4416307501692;27.4947547912598;104447600;27.4947547912598
2017-01-17;27.3330699800548;27.7719146333939;27.3053546256788;27.7164821624756;137759200;27.7164821624756
2017-01-18;27.7164863785834;27.8319717384942;27.6495046583752;27.7141761779785;94852000;27.7141761779785
2017-01-19;27.5778983599498;27.7372669240317;27.570969521794;27.6656665802002;102389200;27.6656665802002
2017-01-20;27.8204182657183;27.8204182657183;27.6541208529633;27.7164821624756;130391600;27.7164821624756
2017-01-23;27.7164843842028;27.9035700899028;27.6633603471131;27.7349624633789;88200800;27.7349624633789
2017-01-24;27.6125531048859;27.7395859565779;27.601003862838;27.7095603942871;92844000;27.7095603942871
2017-01-25;27.8134940157533;28.2015249005313;27.7811582555357;28.1507110595703;129510400;28.1507110595703
2017-01-26;28.1022048710751;28.2800532983123;28.0860369924323;28.1645679473877;105350400;28.1645679473877
2017-01-27;28.2107531943453;28.2592568161949;28.0860288400897;28.1668682098389;82251600;28.1668682098389
2017-01-30;27.9312872918558;28.0929660797119;27.868925977159;28.0929660797119;121510000;28.0929660797119
2017-01-31;27.9820982710766;28.0375307409426;27.8596840924629;28.0282917022705;196804000;28.0282917022705
2017-02-01;29.3402102437142;30.139370484642;29.3355916046732;29.7374801635742;447940000;29.7374801635742
2017-02-02;29.5596336493955;29.8853014496839;29.5134384478948;29.6866664886475;134841600;29.6866664886475
2017-02-03;29.6358418086097;29.8390970965379;29.6011976228639;29.8136901855469;98029200;29.8136901855469
2017-02-06;29.8252468395092;30.1416755624549;29.7721210423774;30.0931701660156;107383600;30.0931701660156
2017-02-07;30.150919147789;30.5089245032048;30.1301326268231;30.379581451416;152735200;30.379581451416
2017-02-08;30.3380067379737;30.5389501449076;30.3079794153436;30.4973735809326;92016400;30.4973735809326
2017-02-09;30.5391215280007;30.7246998914879;30.4161766143582;30.7177410125732;113399600;30.7177410125732
2017-02-10;30.7270188616384;30.8383644529568;30.6319094729896;30.6481456756592;80262000;30.6481456756592
2017-02-13;30.8708454158718;31.0425060325839;30.7942942032683;30.9195575714111;92141600;30.9195575714111
2017-02-14;30.9613158052966;31.3371094665504;30.9102816612235;31.320873260498;132904800;31.320873260498
2017-02-15;31.4368675038758;31.6108466204976;31.2280904401611;31.4345455169678;142492400;31.4345455169678
2017-02-16;31.4716462807743;31.5249988589485;31.2791090625839;31.3974170684814;90338400;31.3974170684814
2017-02-17;31.3394243161257;31.5087629158351;31.3394243161257;31.4832458496094;88792800;31.4832458496094
2017-02-21;31.6015574728148;31.7221839531617;31.5435644491344;31.7105846405029;98028800;31.7105846405029
2017-02-22;31.6479536103229;31.808014934291;31.5737243749197;31.8056964874268;83347600;31.8056964874268
2017-02-23;31.8683202294647;31.8915153098731;31.617789999612;31.671142578125;83152800;31.671142578125
2017-02-24;31.5273339164502;31.7013130187988;31.3811903378008;31.7013130187988;87106400;31.7013130187988
2017-02-27;31.8126546036952;31.8822469436988;31.6131584501452;31.7639389038086;81029600;31.7639389038086
2017-02-28;31.7987372818843;31.882247383117;31.7105867473572;31.7778606414795;93931600;31.7778606414795
2017-03-01;31.9866340162408;32.5108897091037;31.9193636619602;32.4273796081543;145658400;32.4273796081543
2017-03-02;32.476097474844;32.5410493866246;32.1884507658059;32.2348480224609;104844000;32.2348480224609
2017-03-03;32.1930919566373;32.4366634013507;32.1490166855465;32.4250640869141;84432400;32.4250640869141
2017-03-06;32.3299492970645;32.4227402575397;32.1513333349244;32.3229904174805;8.7e+07;32.3229904174805
2017-03-07;32.2580259715084;32.4714397881962;32.1953925399941;32.3647346496582;69785200;32.3647346496582
2017-03-08;32.2325184253914;32.4296961007782;32.2023644632218;32.2441177368164;74828800;32.2441177368164
2017-03-09;32.1838088413134;32.1954046140509;31.791775445306;32.1698875427246;88623600;32.1698875427246
2017-03-10;32.3021055050847;32.3276225702279;32.1606024237652;32.2765884399414;78451200;32.2765884399414
2017-03-13;32.2093315928091;32.3438723130418;32.2023727120941;32.2905197143555;69686800;32.2905197143555
2017-03-14;32.3137015278613;32.3948896071593;32.2069928464036;32.2417907714844;61236400;32.2417907714844
2017-03-15;32.3392341988678;32.6500759911233;32.2510836603184;32.5828056335449;102767200;32.5828056335449
2017-03-16;32.6431092388818;32.712701566238;32.5364005316538;32.6361503601074;76928000;32.6361503601074
2017-03-17;32.7080568070775;32.7080568070775;32.4505677076501;32.4737663269043;175540000;32.4737663269043
2017-03-20;32.5688725975411;32.8240432542316;32.529437775982;32.8147659301758;86168000;32.8147659301758
2017-03-21;32.9655500477774;33.125611337747;32.4134554046043;32.4389724731445;158119600;32.4389724731445
2017-03-22;32.4413056066933;32.8472568568469;32.4204254237216;32.8055000305176;103440800;32.8055000305176
2017-03-23;32.7683876636363;32.8426204575127;32.6176071680448;32.6895179748535;81385200;32.6895179748535
2017-03-24;32.8240459757819;32.8797205435703;32.5572795268061;32.6245498657227;89582400;32.6245498657227
2017-03-27;32.3346008215452;32.7591103198518;32.1559812585211;32.6802406311035;94300400;32.6802406311035
2017-03-28;32.6871867354565;33.4132569409887;32.6199128498815;33.3575859069824;133499200;33.3575859069824
2017-03-29;33.3297364071346;33.5176367068701;33.2160723885775;33.4318046569824;116760000;33.4318046569824
2017-03-30;33.4480675621579;33.5199783680972;33.2880061994598;33.387752532959;84829200;33.387752532959
2017-03-31;33.3390253319693;33.4666106751329;33.1743236090467;33.3251075744629;78646800;33.3251075744629
2017-04-03;33.3367107191701;33.4318165862717;33.1836082897677;33.3343887329102;79942800;33.3343887329102
2017-04-04;33.2300010806157;33.6104351573363;33.2114428891155;33.5825996398926;79565600;33.5825996398926
2017-04-05;33.455012633655;33.7426592782845;33.3599032342679;33.408618927002;110871600;33.408618927002
2017-04-06;33.4712475678932;33.5246036911516;33.2763918835776;33.3251075744629;84596000;33.3251075744629
2017-04-07;33.3413463507557;33.4457330797205;33.2346411752318;33.2508773803711;66688800;33.2508773803711
2017-04-10;33.311202349811;33.3761542690201;33.1488190121742;33.2114524841309;75733600;33.2114524841309
2017-04-11;33.1580927868232;33.2532021980374;32.4900120011806;32.8542098999023;121517600;32.8542098999023
2017-04-12;32.8472449070516;32.974826707566;32.7103787023993;32.8936386108398;81400000;32.8936386108398
2017-04-13;32.9191655135819;33.0281926968434;32.719669342041;32.719669342041;71291600;32.719669342041
2017-04-17;32.8194049844623;32.9121959291956;32.6779018909052;32.9005966186523;66328400;32.9005966186523
2017-04-18;32.8031750788924;32.9493150930325;32.7335827418854;32.7544593811035;58790000;32.7544593811035
2017-04-19;32.9122080506742;32.9400435745396;32.5804860529511;32.6338386535645;69313600;32.6338386535645
2017-04-20;32.7590966000419;33.1534484182395;32.7451788419287;33.0421028137207;93278400;33.0421028137207
2017-04-21;33.0421012994399;33.0977723293414;32.9052386314481;33.0026664733887;69283600;33.0026664733887
2017-04-24;33.2879967644653;33.3923835028424;33.2137639925267;33.3204727172852;68537200;33.3204727172852
2017-04-25;33.383113972689;33.61276414283;33.3738331042225;33.5269355773926;75486000;33.5269355773926
2017-04-26;33.5130023332503;33.5431598324142;33.2601536483586;33.3297424316406;80164800;33.3297424316406
2017-04-27;33.3854278947494;33.4411024791596;33.2439247565355;33.3552703857422;56985200;33.3552703857422
2017-04-28;33.4248641739369;33.4735798798501;33.2346488633166;33.3227958679199;83441600;33.3227958679199
2017-05-01;33.6591504198236;34.1462896668921;33.626674470019;34.0024681091309;134411600;34.0024681091309
2017-05-02;34.2251633783866;34.3527487461623;34.0627836101329;34.218204498291;181408800;34.218204498291
2017-05-03;33.772812272398;34.213561321996;33.4666109855778;34.1138114929199;182788000;34.1138114929199
2017-05-04;33.988552982711;34.13237455161;33.8238512347676;33.9908714294434;93487600;33.9908714294434
2017-05-05;34.0442277384772;34.5592061383558;34.0442277384772;34.5545692443848;109310800;34.5545692443848
2017-05-08;34.5707974074295;35.6541065526625;34.5707974074295;35.4940452575684;195009600;35.4940452575684
2017-05-09;35.6935354609192;35.9278294787864;35.5961076321514;35.7213745117188;156521600;35.7213745117188
2017-05-10;35.6378721775847;35.7097829568426;35.2852736209898;35.5520401000977;103222800;35.5520401000977
2017-05-11;35.5101103631313;35.8874586635047;35.4775003672199;35.859504699707;109020400;35.859504699707
2017-05-12;36.0342022691645;36.4348413972361;36.0272146666931;36.3603057861328;130108000;36.3603057861328
2017-05-15;36.3393470449771;36.4884218526683;36.1157366105523;36.2671394348145;104038800;36.2671394348145
2017-05-16;36.3230430246587;36.3509934397934;36.0388686233765;36.213565826416;80194000;36.213565826416
2017-05-17;35.7779886305081;36.0039306309434;34.8718926122454;34.997673034668;203070800;34.997673034668
2017-05-18;35.2352640992711;35.7174265574504;35.2026540951151;35.5310821533203;134272800;35.5310821533203
2017-05-19;35.7267456039719;35.8665012408989;35.5520483921453;35.6522064208984;107843200;35.6522064208984
2017-05-22;35.8711520211925;36.0062515916751;35.6172596553547;35.868824005127;91865600;35.868824005127
2017-05-23;36.0807862626825;36.0807862626825;35.7104291271992;35.8245658874512;79675600;35.8245658874512
2017-05-24;35.8338834532409;35.9107506362549;35.561356288495;35.7174186706543;76712000;35.7174186706543
2017-05-25;35.808263718884;35.9526824768911;35.6452137219953;35.8408737182617;76942400;35.8408737182617
2017-05-26;35.8711539750978;35.9270583517222;35.710432002248;35.7803115844727;87710400;35.7803115844727
2017-05-30;35.736037196979;35.9712946712053;35.7150743986682;35.7942695617676;80507600;35.7942695617676
2017-05-31;35.8641713660249;35.9107565759201;35.4938141491556;35.5823249816895;97804800;35.5823249816895
2017-06-01;35.677828691135;35.7150982825363;35.4565462678037;35.6801567077637;65616400;35.6801567077637
2017-06-02;35.7733270678623;36.2089042663574;35.6126050811468;36.2089042663574;111082800;36.2089042663574
2017-06-05;35.9503489309268;35.9759713257602;35.7453733264829;35.8548469543457;101326800;35.8548469543457
2017-06-06;35.8478554470137;36.2927517296517;35.8199050390482;35.9759674072266;106499600;35.9759674072266
2017-06-07;36.1087310213609;36.3323413444085;35.9829471047023;36.1902542114258;84278400;36.1902542114258
2017-06-08;36.1623174611183;36.2298654757704;35.9643258955195;36.1017570495605;85003200;36.1017570495605
2017-06-09;36.1483413005282;36.1483413005282;34.0123775250175;34.701847076416;259530800;34.701847076416
2017-06-12;33.947154978612;34.0286781911769;33.1947899490893;33.872615814209;289229200;33.872615814209
2017-06-13;34.277920809062;34.3454688292431;33.8097300380851;34.145149230957;136661600;34.145149230957
2017-06-14;34.3571195924907;34.3571195924907;33.5045963143344;33.8120651245117;126124800;33.8120651245117
2017-06-15;33.3834708974743;33.6536665235187;33.1249189076741;33.6094093322754;128661600;33.6094093322754
2017-06-16;33.4906116668748;33.6583212334833;33.1225825376075;33.1388893127441;201444400;33.1388893127441
2017-06-19;33.4626570011878;34.1800803772725;33.4626570011878;34.0869064331055;130165600;34.0869064331055
2017-06-20;34.2103601366698;34.2103601366698;33.7608078339893;33.7771110534668;99600400;33.7771110534668
2017-06-21;33.8959166522677;34.0240286441144;33.6839498615963;33.9774398803711;85063200;33.9774398803711
2017-06-22;33.9541416722439;34.1707644488242;33.8027353314362;33.9215316772461;76425200;33.9215316772461
2017-06-23;33.8050694295082;34.2779161694457;33.8004098429535;34.0729370117188;141757600;34.0729370117188
2017-06-26;34.280242565145;34.5387945162473;33.8633002209032;33.9657897949219;102769600;33.9657897949219
2017-06-27;33.777115321497;34.0449864567974;33.4533433646699;33.4789657592773;99047600;33.4789657592773
2017-06-28;33.6560033546762;34.0333482160909;33.3462065217747;33.9681282043457;88329600;33.9681282043457
2017-06-29;33.7072402196468;33.8050702142265;33.1412195065929;33.4673194885254;125997600;33.4673194885254
2017-06-30;33.64667824989;33.7654746143817;33.4906158525568;33.5465202331543;92096400;33.5465202331543
2017-07-03;33.7468437865922;33.8446737984666;33.3322293558856;33.4253997802734;57111200;33.4253997802734
2017-07-05;33.4696538336268;33.7258742537508;33.2437118437631;33.5628242492676;86278400;33.5628242492676
2017-07-06;33.313584272755;33.4253894583392;33.1714971091952;33.2460327148438;96515200;33.2460327148438
2017-07-07;33.2856326441041;33.7165537510398;33.2856326441041;33.5837821960449;76806800;33.5837821960449
2017-07-10;33.5674787695027;33.996068303515;33.3951096169394;33.788761138916;84362400;33.788761138916
2017-07-11;33.7118985675833;33.9727821252713;33.6303753436124;33.8982429504395;79127200;33.8982429504395
2017-07-12;33.9774334243909;34.0496410185598;33.7328602323279;33.9471549987793;99538000;33.9471549987793
2017-07-13;33.8912508886848;34.5877115507285;33.8772756837981;34.4200019836426;100797600;34.4200019836426
2017-07-14;34.4665875296728;34.7833718757591;34.3175127523511;34.7158203125;80528400;34.7158203125
2017-07-17;34.6645789796132;35.1490693388547;34.6063465893538;34.8369445800781;95174000;34.8369445800781
2017-07-18;34.7530972818335;34.9697236684561;34.6296448722296;34.9580764770508;71475200;34.9580764770508
2017-07-19;35.05124468354;35.2701990729095;34.927792281742;35.1770286560059;83692000;35.1770286560059
2017-07-20;35.2888339819554;35.3447383648136;34.9836967782459;35.0186347961426;68974800;35.0186347961426
2017-07-21;34.9371145862058;35.0419322031696;34.6785625687757;35.0023345947266;105010400;35.0023345947266
2017-07-24;35.0745243791642;35.5077733893895;34.9161304716792;35.4262466430664;85972800;35.4262466430664
2017-07-25;35.3587052682713;35.8338799711929;35.3587052682713;35.5776596069336;75415600;35.5776596069336
2017-07-26;35.7197427538549;35.8548387456219;35.6521912037491;35.7453651428223;63124000;35.7453651428223
2017-07-27;35.8129274622229;35.868831848026;34.3105321917257;35.069881439209;129905200;35.069881439209
2017-07-28;34.9138022618202;34.9929974380107;34.7507523243038;34.8229598999023;68854800;34.8229598999023
2017-07-31;34.9161390622811;35.0163006196705;34.5038563067344;34.643611907959;79383600;34.643611907959
2017-08-01;34.7297903755054;34.9906702819389;34.5690684494983;34.9510726928711;141474400;34.9510726928711
2017-08-02;37.1010196172442;37.2104967935569;36.3742805355289;36.6025505065918;279747200;36.6025505065918
2017-08-03;36.5815893182372;36.6188589020829;36.1087425801427;36.2368545532227;108389200;36.2368545532227
2017-08-04;36.3533246356778;36.6631178781566;36.2648102496989;36.4278602600098;82239600;36.4278602600098
2017-08-07;36.5839160865892;37.0171652099042;36.4930737004534;36.9915428161621;87481200;36.9915428161621
2017-08-08;36.9426377597022;37.69499940873;36.8657705614958;37.2873725891113;144823600;37.2873725891113
2017-08-09;37.096370046139;37.5645608576035;37.0614320247867;37.5156440734863;104526000;37.5156440734863
2017-08-10;37.3917015206053;37.4150873774886;36.1593446491995;36.3206977844238;163217200;36.3206977844238
2017-08-11;36.6200136910833;37.080687183177;36.4960765148531;36.8257942199707;105028400;36.8257942199707
2017-08-14;37.2560753195569;37.464196602326;37.1227823567931;37.380012512207;88490800;37.380012512207
2017-08-15;37.5694199842177;37.9295385776499;37.4478199689037;37.789234161377;117862000;37.789234161377
2017-08-16;37.8687370028398;38.0020263649124;37.4501538127783;37.6372299194336;110686400;37.6372299194336
2017-08-17;37.5366881029588;37.581119090948;36.9099835223716;36.9146614074707;111762400;36.9146614074707
2017-08-18;36.9146589387652;37.2981634230841;36.6480765968384;36.8304748535156;109712400;36.8304748535156
2017-08-21;36.8304704299705;36.9216695473556;36.271582799189;36.7626571655273;105474000;36.7626571655273
2017-08-22;37.0011766959461;37.4150820401053;36.9520713989494;37.3636360168457;86418400;37.3636360168457
2017-08-23;37.1976048447555;37.5249853523854;37.1531738683958;37.410400390625;77596400;37.410400390625
2017-08-24;37.5156414571425;37.5881361915127;37.0760165746522;37.244384765625;79275600;37.244384765625
2017-08-25;37.3332496667145;37.5460488850921;37.2443912386107;37.3823585510254;101920400;37.3823585510254
2017-08-28;37.4478177460317;37.882768190202;37.3987088839341;37.7588310241699;103864000;37.7588310241699
2017-08-29;37.4384753025327;38.1446825467046;37.4150894443575;38.0955772399902;118067600;38.0955772399902
2017-08-30;38.3037002996172;38.3247454320373;38.0254249881263;38.1984710693359;109078400;38.1984710693359
2017-08-31;38.2662759730624;38.4720600712594;38.2288600337211;38.3504600524902;107140400;38.3504600524902
2017-09-01;38.5375276327716;38.5702656803883;38.2639303273646;38.3621444702148;66364400;38.3621444702148
2017-09-05;38.2920088589094;38.4089310233641;37.5460448787795;37.9014892578125;117874000;37.9014892578125
2017-09-06;38.0487971409168;38.1142732414243;37.536677694092;37.8617210388184;86606800;37.8617210388184
2017-09-07;37.9038232606805;37.9389020480051;37.4992736044409;37.7097320556641;87714000;37.7097320556641
2017-09-08;37.6162022785344;37.6840155700252;37.0713445149279;37.0947303771973;114446000;37.0947303771973
2017-09-11;37.5320171675077;37.8944766139143;37.3893719751095;37.7658615112305;126323200;37.7658615112305
2017-09-12;38.0254155069599;38.3411066872713;37.1274543991226;37.6161880493164;286856000;37.6161880493164
2017-09-13;37.3846788998098;37.4057275940107;36.9263461705146;37.3332328796387;179629600;37.3332328796387
2017-09-14;37.1789056221654;37.2747790709771;36.9684436164613;37.0128746032715;95042800;37.0128746032715
2017-09-15;37.0573064218677;37.6419171705333;36.9473993156641;37.3870277404785;196458400;37.3870277404785
2017-09-18;37.4408089148145;37.5320080439698;36.947397326774;37.1040725708008;113077600;37.1040725708008
2017-09-19;37.3005127878018;37.3613146053784;37.050301176656;37.1181144714355;83242400;37.1181144714355
2017-09-20;36.9240142430252;37.008198335349;35.9722697794285;36.4960823059082;211805600;36.4960823059082
2017-09-21;36.4329311332989;36.4329311332989;35.7197055301895;35.8693656921387;150046800;35.8693656921387
2017-09-22;35.4367687785433;35.6074777113296;35.2076023304811;35.5186157226562;186581600;35.5186157226562
2017-09-25;35.0743165901089;35.5045893530681;34.8802253445151;35.2052688598633;177549200;35.2052688598633
2017-09-26;35.4928847207277;35.9933113398481;35.4718395917797;35.8109130859375;146640000;35.8109130859375
2017-09-27;35.9652483926884;36.1803846866441;35.9044466006229;36.0657997131348;102016800;36.0657997131348
2017-09-28;35.9862921409823;36.0774912574055;35.7080169075378;35.8436470031738;88022000;35.8436470031738
2017-09-29;35.827277846611;36.0424141208279;35.5443247441093;36.0400733947754;105199200;36.0400733947754
2017-10-02;36.0728118991047;36.1172428765019;35.7126933323036;35.9675827026367;74795200;35.9675827026367
2017-10-03;36.0143642713748;36.2669165780085;35.9909819790936;36.1242713928223;64921200;36.1242713928223
2017-10-04;35.9255016075947;35.9792847984873;35.6519041997746;35.8904228210449;80655200;35.8904228210449
2017-10-05;36.054109684486;36.348755763429;36.0237123541901;36.3370628356934;85135200;36.3370628356934
2017-10-06;36.238840497639;36.3604404959571;36.1429635072693;36.3160095214844;69630400;36.3160095214844
2017-10-09;36.4352724029493;36.6504086870195;36.3604440976198;36.4422874450684;65051600;36.4422874450684
2017-10-10;36.4937452945854;36.9474038622845;36.2692567376543;36.4563293457031;62468000;36.4563293457031
2017-10-11;36.4726958357753;36.7088772947438;36.4212498042089;36.608325958252;67622400;36.608325958252
2017-10-12;36.5615565548808;36.8000751641095;36.4165706671868;36.4797096252441;64500400;36.4797096252441
2017-10-13;36.6504141745252;36.7790292462643;36.5755858579919;36.7112159729004;65576800;36.7112159729004
2017-10-16;36.9240134584452;37.4150879145966;36.8655523835786;37.3870277404785;96486000;37.3870277404785
2017-10-17;37.3636483603672;37.6185378346079;37.2350332597288;37.5250015258789;75989200;37.5250015258789
2017-10-18;37.5132972721786;37.5811141084914;37.3215468267079;37.358959197998;65496800;37.358959197998
2017-10-19;36.6550824153652;36.7322514381055;36.2505329035874;36.4750213623047;170336800;36.4750213623047
2017-10-20;36.6223501234401;36.8889324401855;36.4703527799603;36.5381660461426;95896400;36.5381660461426
2017-10-23;36.6878269285457;36.8749030558921;36.3627835399512;36.519458770752;87937200;36.519458770752
2017-10-24;36.5475216090812;36.8117667920556;36.5264764798657;36.7369384765625;71028800;36.7369384765625
2017-10-25;36.6925065507275;36.8421667460564;36.3090020771858;36.5755844116211;84828400;36.5755844116211
2017-10-26;36.7673467736262;36.9076548132733;36.6621175279817;36.809440612793;68002000;36.809440612793
2017-10-27;37.2490506404662;38.2569223992864;37.1110833832996;38.1283073425293;177816800;38.1283073425293
2017-10-30;38.3247353657249;39.3022062212721;38.2849822699793;38.986515045166;178803200;38.986515045166
2017-10-31;39.2624437590196;39.6716711507766;39.0379553022935;39.5290260314941;144187200;39.5290260314941
2017-11-01;39.7231306595046;39.7395014734623;38.726955211998;39.0262756347656;134551200;39.0262756347656
2017-11-02;38.9584504495649;39.4027530627633;38.6497743508276;39.3115539550781;165573600;39.3115539550781
2017-11-03;40.6889011548913;40.7496993778192;40.0154285456823;40.338134765625;237594400;40.338134765625
2017-11-06;40.3077394483475;40.9204139194179;40.1557420859022;40.7473678588867;140105200;40.7473678588867
2017-11-07;40.6678565628676;40.981207018371;40.5953654123745;40.8783149719238;97446000;40.8783149719238
2017-11-08;40.8432407766581;41.2127151489258;40.7660717399015;41.2127151489258;97638000;41.2127151489258
2017-11-09;40.9484789140286;41.1799860747865;40.487805319343;41.1285400390625;117930400;41.1285400390625
2017-11-10;41.0956821485267;41.1590480883424;40.8985476479981;40.9924201965332;100582000;40.9924201965332
2017-11-13;40.7178228303479;40.9525076881597;40.694352912164;40.828125;67928400;40.828125
2017-11-14;40.6098821248453;40.7131440756858;40.1733679751156;40.2109184265137;99130000;40.2109184265137
2017-11-15;39.8893884995625;39.9715296382345;39.5162404076669;39.6805191040039;116632400;39.6805191040039
2017-11-16;40.1733660651851;40.3352992457583;39.9668457543307;40.1545944213867;94550000;40.1545944213867
2017-11-17;40.1405024065287;40.2226435512431;39.8119449896856;39.9316329956055;87598000;39.9316329956055
2017-11-20;39.9644906387205;40.0278565653434;39.793171661859;39.8917388916016;65049600;39.8917388916016
2017-11-21;40.0794975333209;40.7647771928013;40.0794975333209;40.6333541870117;100525200;40.6333541870117
2017-11-22;40.6849808783222;41.0698640322988;40.6122291207119;41.0604782104492;102355600;41.0604782104492
2017-11-24;41.0933344373983;41.1872069810202;40.9877233495636;41.0628242492676;56106800;41.0628242492676
2017-11-27;41.0815879648968;41.0886282246457;40.6802752541765;40.8562889099121;82867200;40.8562889099121
2017-11-28;40.9055742339909;41.0393427499805;40.3329425687555;40.6169128417969;105715200;40.6169128417969
2017-11-29;40.5136545566282;40.5817116005129;39.2299278949141;39.7743949890137;166665600;39.7743949890137
2017-11-30;39.9973488186856;40.398661603736;39.5303281241445;40.3306045532227;166108800;40.3306045532227
2017-12-01;39.8846941711365;40.2883524464739;39.5444018153364;40.1428489685059;159037200;40.1428489685059
2017-12-04;40.4784603434718;40.5113160941812;39.8096103652415;39.8495063781738;130169600;39.8495063781738
2017-12-05;39.67584060017;40.2531672041227;39.5209476599622;39.8119583129883;109400800;39.8119583129883
2017-12-06;39.3097276747098;39.9433763001304;39.0656569113581;39.6641006469727;114240000;39.6641006469727
2017-12-07;39.6687863009976;39.9996928522593;39.640625260382;39.7368469238281;102693200;39.7368469238281
2017-12-08;40.011430459442;40.1311184709823;39.6195071005866;39.7485809326172;93420800;39.7485809326172
2017-12-11;39.7086913677591;40.5746793744663;39.6124696823454;40.5230484008789;141095200;40.5230484008789
2017-12-12;40.4010138558461;40.4573395346064;40.2390842438007;40.2954063415527;77636800;40.2954063415527
2017-12-13;40.4831528650375;40.7272236313049;40.365810392965;40.4291763305664;95273600;40.4291763305664
2017-12-14;40.4596838938373;40.6310064854355;40.2836701815712;40.4174423217773;81906000;40.4174423217773
2017-12-15;40.7483330077856;40.875061255361;40.4737521538666;40.828125;160677200;40.828125
2017-12-18;41.0417048889446;41.5861721066683;41.0370101872981;41.4031181335449;117684400;41.4031181335449
2017-12-19;41.076903338885;41.1613900575989;40.8562989299651;40.9619064331055;109745600;40.9619064331055
2017-12-20;41.03933853624;41.1684159198239;40.659150225508;40.9173049926758;93902400;40.9173049926758
2017-12-21;40.8750701259419;41.3092386395184;40.8586440444539;41.0722045898438;83799600;41.0722045898438
2017-12-22;40.9947581402379;41.1684262618699;40.9525165755478;41.0722045898438;65397600;41.0722045898438
2017-12-26;40.0841851166511;40.241423583583;39.8213355707433;40.0302085876465;132742000;40.0302085876465
2017-12-27;39.9199042501986;40.079488268623;39.8283772793946;40.0372467041016;85992800;40.0372467041016
2017-12-28;40.1311233048032;40.3306069290724;40.0090861376854;40.1498985290527;65920800;40.1498985290527
2017-12-29;40.0184820052055;40.0349080909475;39.713390828628;39.7157363891602;103999600;39.7157363891602
2018-01-02;39.9339902516335;40.4362158800157;39.7227716570192;40.4268264770508;102223600;40.4268264770508
2018-01-03;40.4901792771693;40.9642437048705;40.3564107668864;40.4197731018066;118071600;40.4197731018066
2018-01-04;40.4925355981992;40.7107944417286;40.3845825374921;40.6075325012207;89738400;40.6075325012207
2018-01-05;40.7037620126935;41.1567022886127;40.6122350170876;41.0698699951172;94640000;41.0698699951172
2018-01-08;40.9173049926758;41.2130066142444;40.8187342044796;40.9173049926758;82271200;40.9173049926758
2018-01-09;40.9642515108043;41.0839395250231;40.6967108582505;40.9126205444336;86336000;40.9126205444336
2018-01-10;40.6380600033829;40.9056007900576;40.6005095397421;40.9032516479492;95839600;40.9032516479492
2018-01-11;40.9736525648189;41.1848712096831;40.9501862138399;41.1355857849121;74670800;41.1355857849121
2018-01-12;41.346784390095;41.6237144370786;41.2224016782911;41.5603485107422;101672400;41.5603485107422
2018-01-16;41.7504455577036;42.1001273753389;41.3374013904156;41.3491363525391;118263600;41.3491363525391
2018-01-17;41.3397505402915;42.0672752830288;41.0862939576557;42.0320739746094;137547200;42.0320739746094
2018-01-18;42.0954375270394;42.2667601155746;41.8325915340106;42.0696220397949;124773600;42.0696220397949
2018-01-19;41.9170868451968;42.1447315754427;41.6354655691117;41.8818855285645;129700400;41.8818855285645
2018-01-22;41.6096365380451;41.7222842956251;41.4453578121976;41.5392303466797;108434400;41.5392303466797
2018-01-23;41.6096425104264;42.1118681621079;41.4969947366776;41.5486221313477;130756400;41.5486221313477
2018-01-24;41.5979053804441;41.6096403435795;40.6474306626019;40.8868103027344;204420400;40.8868103027344
2018-01-25;40.9548639379467;41.0581258752993;40.0208189627256;40.1569366455078;166116000;40.1569366455078
2018-01-26;40.3658094395956;40.3658094395956;39.9105200857458;40.2508125305176;156572000;40.2508125305176
2018-01-29;39.9339887805065;39.9339887805065;39.2088132020306;39.4176826477051;202561600;39.4176826477051
2018-01-30;38.8473940278773;39.2792134157527;38.6526051170296;39.1853408813477;184192800;39.1853408813477
2018-01-31;39.1618662198982;39.530323213932;39.0750339570271;39.2932891845703;129915600;39.2932891845703
2018-02-01;39.2322883361341;39.5725808466506;39.1360666332752;39.3754463195801;188923200;39.3754463195801
2018-02-02;38.9576943180643;39.1454429586902;37.5730548078373;37.6669273376465;346375200;37.6669273376465
2018-02-05;37.3383731366476;38.4601667957754;36.6108484340801;36.7258453369141;290954000;36.7258453369141
2018-02-06;36.3362692011296;38.422618146424;36.141480273829;38.260684967041;272975200;38.260684967041
2018-02-07;38.274759616582;38.3475113628774;37.3313288935791;37.4416275024414;206434400;37.4416275024414
2018-02-08;37.617653789864;37.7842817009592;36.3832120868094;36.4113731384277;217562000;36.4113731384277
2018-02-09;37.0122558514524;37.2054802399838;35.4028220738435;36.8567314147949;282690400;36.8567314147949
2018-02-12;37.3492208203922;38.619329826233;37.1159341719532;38.3412742614746;243278000;38.3412742614746
2018-02-13;38.1621885596893;38.8219863148139;38.0914953009958;38.7253723144531;130196800;38.7253723144531
2018-02-14;38.4190285690162;39.4794164227937;38.3813286224327;39.4393577575684;162579600;39.4393577575684
2018-02-15;40.0096078316676;40.7872262612864;39.8234524466765;40.7636642456055;204588800;40.7636642456055
2018-02-16;40.6152169977474;41.1948973536642;40.4761892116807;40.6317100524902;160704400;40.6317100524902
2018-02-20;40.5421608916501;41.0629271081668;40.3937054492296;40.4950332641602;135722000;40.4950332641602
2018-02-21;40.7259655355684;41.0299418218357;40.2970958093905;40.3112373352051;149886400;40.3112373352051
2018-02-22;40.4832638841396;40.9898923399868;40.4620569840772;40.6482124328613;123967600;40.6482124328613
2018-02-23;40.9239043858963;41.3904740680095;40.8932698062336;41.3551292419434;135249600;41.3551292419434
2018-02-26;41.5554292886067;42.2717787168317;41.5224395832728;42.1728096008301;152648800;42.1728096008301
2018-02-27;42.2034400417393;42.5286232208065;41.9819362152568;42.0361328125;155712400;42.0361328125
2018-02-28;42.2411466069577;42.5616195899312;41.9560220503731;41.9725151062012;151128400;41.9725151062012
2018-03-01;42.0714709769625;42.3636680032798;40.6859001126493;41.2373008728027;195208000;41.2373008728027
2018-03-02;40.7189099698998;41.5436563956968;40.6364338890765;41.5224494934082;153816000;41.5224494934082
2018-03-05;41.2868000419673;41.8829734892855;41.1242066298609;41.6661834716797;113605600;41.6661834716797
2018-03-06;41.9230182481367;42.0031355680416;41.5035762843905;41.6308212280273;95154000;41.6308212280273
2018-03-07;41.2231740534242;41.4376089386927;41.06529449044;41.2443809509277;126814000;41.2443809509277
2018-03-08;41.3504118532481;41.7368641660595;41.253801471751;41.694450378418;95096400;41.694450378418
2018-03-09;41.9348109620773;42.4155185907044;41.8004934273148;42.4108047485352;128740800;42.4108047485352
2018-03-12;42.4838540612408;42.9787032273167;42.4650058833633;42.8208236694336;128828400;42.8208236694336
2018-03-13;43.0258275179437;43.2402623796114;42.2364297899041;42.408447265625;126774000;42.408447265625
2018-03-14;42.4909202187844;42.538047847592;41.8994571510851;42.0479125976562;117473600;42.0479125976562
2018-03-15;42.0620596496107;42.4720776599419;41.9607354054785;42.0974044799805;90975200;42.0974044799805
2018-03-16;42.0973959448601;42.2081478517086;41.8546852372409;41.9489440917969;157618800;41.9489440917969
2018-03-19;41.7839998480076;41.8193446748124;40.9215501178896;41.3080024719238;133787200;41.3080024719238
2018-03-20;41.2938613891602;41.6614619423028;41.2231681453386;41.2938613891602;78597600;41.2938613891602
2018-03-21;41.2467270278987;41.2585098335747;40.3560015720277;40.3583602905273;148219600;40.3583602905273
2018-03-22;40.0590915449593;40.6906096151884;39.7291945822437;39.7881050109863;165963200;39.7881050109863
2018-03-23;39.6797159806283;40.0402475872158;38.8667526245117;38.8667526245117;164115200;38.8667526245117
2018-03-26;39.6043182358007;40.7895961777281;39.2202209591208;40.7118339538574;150164800;40.7118339538574
2018-03-27;40.9262566619557;41.2726503157382;39.3333197556498;39.6679306030273;163690400;39.6679306030273
2018-03-28;39.4110861308163;40.0638148421148;38.9256646587026;39.2296409606934;166674000;39.2296409606934
2018-03-29;39.5430415600784;40.4714706319692;39.3286067042644;39.5359725952148;153594000;39.5359725952148
2018-04-02;39.2673436421645;39.8093204217024;38.7560014427229;39.2767677307129;150347200;39.2767677307129
2018-04-03;39.5029866878017;39.7645491996951;38.8526166886434;39.6797180175781;121112000;39.6797180175781
2018-04-04;38.8526160905504;40.5327394614144;38.8266953520912;40.4384841918945;138422000;40.4384841918945
2018-04-05;40.6670496762114;41.0558570875096;40.5492288127141;40.7188911437988;107732800;40.7188911437988
2018-04-06;40.2876679542139;40.6434856817085;39.6349393377088;39.6773567199707;140021200;39.6773567199707
2018-04-09;40.0308222232824;40.7872302382523;40.0237532583281;40.0708808898926;116070800;40.0708808898926
2018-04-10;40.7660178532676;41.0016595749628;40.4196242347271;40.8249282836914;113634400;40.8249282836914
2018-04-11;40.5845735613577;40.9828086545678;40.4596837339212;40.6340599060059;89726400;40.6340599060059
2018-04-12;40.8626390441883;41.2373085849572;40.7754491467381;41.0346565246582;91557200;41.0346565246582
2018-04-13;41.1854659734677;41.4352456604246;40.9663208654949;41.1736831665039;100497200;41.1736831665039
2018-04-16;41.2443829611836;41.517728305468;41.1972553214539;41.4305419921875;86313600;41.4305419921875
2018-04-17;41.5884165520689;42.1657381593184;41.5695647793267;42.000789642334;106421600;42.000789642334
2018-04-18;41.899459507962;42.1374599795806;41.6803144036562;41.9065284729004;83018000;41.9065284729004
2018-04-19;40.9451051881736;41.3292023537692;40.6859014458439;40.7188911437988;139235200;40.7188911437988
2018-04-20;40.2004852961718;40.3465820353306;38.9822142449003;39.0505523681641;261964400;39.0505523681641
2018-04-23;39.3121161381352;39.3333230340672;38.666456406767;38.9374465942383;146062000;38.9374465942383
2018-04-24;39.0387784327726;39.1943028911216;37.9901730919807;38.3954772949219;134768000;38.3954772949219
2018-04-25;38.3200677106959;38.9798654585447;38.2705849470821;38.5627784729004;113528400;38.5627784729004
2018-04-26;38.673509285165;39.0528925133274;38.496778034697;38.6970748901367;111852000;38.6970748901367
2018-04-27;38.6452546973041;38.7230169217656;37.8511429922286;38.2493782043457;142623200;38.2493782043457
2018-04-30;38.2045977053729;39.4134374260663;38.1362595849992;38.9421539306641;169709600;38.9421539306641
2018-05-01;39.2131573632983;39.870596479722;38.9445258238681;39.8470344543457;214277600;39.8470344543457
2018-05-02;41.29149900939;41.8853171709893;40.9545330640888;41.6072616577148;266157600;41.6072616577148
2018-05-03;41.4446775040779;41.8264160378853;41.1053527648676;41.682674407959;136272800;41.682674407959
2018-05-04;42.0031570702362;43.417008079613;41.9843052919714;43.3180389404297;224805200;43.3180389404297
2018-05-07;43.6361380111059;44.2228872693714;43.5348137834017;43.6314277648926;169805600;43.6314277648926
2018-05-08;43.5913611104372;43.88119940619;43.2803123281798;43.8411407470703;113611200;43.8411407470703
2018-05-09;43.958975852125;44.1592692126536;43.645571845595;44.149845123291;92844800;44.149845123291
2018-05-10;44.2394025029502;44.8591381274918;44.2181920036483;44.7813758850098;111957200;44.7813758850098
2018-05-11;44.823935729579;44.9587675780488;44.3413709015957;44.6110382080078;104848800;44.6110382080078
2018-05-14;44.7103991681906;44.8334064126041;44.4383675950087;44.506965637207;83115200;44.506965637207
2018-05-15;44.182889048521;44.2514906945599;43.7854860584713;44.1024627685547;94780800;44.1024627685547
2018-05-16;44.0149316848665;44.5802869582661;43.9983714254392;44.5140495300293;76732400;44.5140495300293
2018-05-17;44.4714776364782;44.6867393785453;44.0835351036027;44.2325630187988;69176000;44.2325630187988
2018-05-18;44.2798780389384;44.426538158687;44.0291351466688;44.0717124938965;73190800;44.0717124938965
2018-05-21;44.4714794104348;44.7718994575301;44.2136403162968;44.3839569091797;73603200;44.3839569091797
2018-05-22;44.5613616799511;44.6796368697932;44.1828796286674;44.2727699279785;60962800;44.2727699279785
2018-05-23;44.0811830922361;44.5897651769905;43.9416155667844;44.5566482543945;80233600;44.5566482543945
2018-05-24;44.6536293703639;44.6701860249055;44.0480607970566;44.506965637207;92936000;44.506965637207
2018-05-25;44.5258866304325;44.861787809421;44.3886869472727;44.6086807250977;69844000;44.6086807250977
2018-05-29;44.376852715011;44.6488842081192;44.2041683388562;44.4478149414062;90056400;44.4478149414062
2018-05-30;44.405251838237;44.4714856770833;44.1828938323359;44.3532104492188;74762000;44.3532104492188
2018-05-31;44.2869681291872;44.5258827443098;44.0314932527876;44.204174041748;109931200;44.204174041748
2018-06-01;44.4691195300775;45.0060864423137;44.4123461237712;45.0013580322266;93770000;45.0013580322266
2018-06-04;45.3325305730514;45.7535901083231;45.2639325269678;45.3774757385254;105064800;45.3774757385254
2018-06-05;45.6707921589059;45.876589873046;45.5028397694599;45.7275619506836;86264000;45.7275619506836
2018-06-06;45.8032683091934;45.9097152979808;45.3987654204331;45.886058807373;83734400;45.886058807373
2018-06-07;45.9239026472948;45.9380950962934;45.4981111299689;45.7630500793457;85388800;45.7630500793457
2018-06-08;45.2213501963698;45.4176875077956;44.8901810020816;45.3467216491699;106627200;45.3467216491699
2018-06-11;45.2639269891875;45.4105871032344;44.9942596388094;45.235538482666;73234000;45.235538482666
2018-06-12;45.2733761029763;45.5619678490818;45.2166027135963;45.4839057922363;67644400;45.4839057922363
2018-06-13;45.5170278068255;45.6258425796437;45.0486590226794;45.1101608276367;86553600;45.1101608276367
2018-06-14;45.311224730671;45.3159567487895;44.9966123010234;45.1338119506836;86440400;45.1338119506836
2018-06-15;44.9516768569468;44.9824295671481;44.5329815951345;44.6701812744141;246876800;44.6701812744141
2018-06-18;44.4430928367117;44.7600695244804;44.28223667863;44.6465263366699;73939600;44.6465263366699
2018-06-19;43.7949453729769;44.0764409551683;43.395174578737;43.925048828125;134314000;43.925048828125
2018-06-20;44.0811646998231;44.2822303568798;43.9345010099714;44.1166458129883;82514800;44.1166458129883
2018-06-21;44.2940672903029;44.5542742028202;43.7476363834897;43.8706436157227;102847600;43.8706436157227
2018-06-22;44.0267644544699;44.033860678544;43.690863280227;43.7429046630859;108801600;43.7429046630859
2018-06-25;43.3833403089472;43.7428979142787;42.751751197483;43.0923843383789;126652400;43.0923843383789
2018-06-26;43.2863654915078;44.1237524450087;43.1799149079543;43.6269950866699;98276800;43.6269950866699
2018-06-27;43.816221168738;44.3011501175274;43.532361465133;43.5631141662598;101141200;43.5631141662598
2018-06-28;43.5489386979213;44.0480602850282;43.4779728419895;43.8801078796387;69460800;43.8801078796387
2018-06-29;44.0669771959246;44.2798747446439;43.2674392118551;43.7878494262695;90950800;43.7878494262695
2018-07-02;43.4827055480109;44.3059001051846;43.388083202117;44.2775115966797;70925200;44.2775115966797
2018-07-03;44.4217965181062;44.4596454470933;43.4164573522738;43.50634765625;55819200;43.50634765625
2018-07-05;43.8233322107351;44.0953673761851;43.5915137955;43.8564491271973;66416800;43.8564491271973
2018-07-06;43.8611778863946;44.5731933421445;43.8091365058975;44.4643821716309;69940800;44.4643821716309
2018-07-09;44.8263008001457;45.1054285395997;44.77899144204;45.0817756652832;79026400;45.0817756652832
2018-07-10;45.1125363857815;45.2473682608067;44.9871613307955;45.0273780822754;63756400;45.0273780822754
2018-07-11;44.5897486186037;44.8925328297494;44.3792189153934;44.4430885314941;75326000;44.4430885314941
2018-07-12;44.8334067449345;45.2781227483981;44.781365356892;45.188232421875;72164400;45.188232421875
2018-07-13;45.2000596236482;45.3798366630738;45.1574786664714;45.2591972351074;50055600;45.2591972351074
2018-07-16;45.3041316976902;45.5714311839149;45.0439248249343;45.1598358154297;60172400;45.1598358154297
2018-07-17;44.8854435782654;45.3869293290887;44.7553401213613;45.2875785827637;62138000;45.2875785827637
2018-07-18;45.3656405731907;45.3703725923802;44.9280208397226;45.0391998291016;65573600;45.0391998291016
2018-07-19;44.8712514681684;45.547785839693;44.8712514681684;45.3892974853516;81147200;45.3892974853516
2018-07-20;45.3656435693246;45.5193999131448;44.984797212559;45.2852172851562;82704800;45.2852172851562
2018-07-23;45.1054304361593;45.4082182816065;44.8404951320499;45.3254241943359;63957600;45.3254241943359
2018-07-24;45.5241247656752;45.8103523441781;45.4295060473701;45.6542282104492;74791600;45.6542282104492
2018-07-25;45.6684238910897;46.0918511677494;45.5193959702072;46.0847549438477;66839600;46.0847549438477
2018-07-26;46.0350827550327;46.3544273031043;45.7985323074161;45.9404640197754;76304000;45.9404640197754
2018-07-27;46.1249765364359;46.1722859076095;44.9682449052927;45.1764068603516;96096000;45.1764068603516
2018-07-30;45.3940194145759;45.4649852550609;44.7245849722084;44.9232864379883;84118000;44.9232864379883
2018-07-31;45.0155514083157;45.4508033705393;44.788461387888;45.01318359375;157492000;45.01318359375
2018-08-01;47.1042973350563;47.726422631096;46.6737737371563;47.6649208068848;271742800;47.6649208068848
2018-08-02;47.4472853667251;49.2923794303387;47.3928797788397;49.0581932067871;249616000;49.0581932067871
2018-08-03;48.9730328433699;49.377535647091;48.6063789728746;49.200122833252;133789600;49.200122833252
2018-08-06;49.2024862476036;49.4981742659185;48.9824960945242;49.4555969238281;101701600;49.4555969238281
2018-08-07;49.5147405004731;49.5573178476996;48.9091683339565;48.9919624328613;102349600;48.9919624328613
2018-08-08;48.7412066409278;49.1575340113431;48.3792848473943;49.0250663757324;90102000;49.0250663757324
2018-08-09;49.5644123141703;49.6235499228694;49.0132493679575;49.4106559753418;93970400;49.4106559753418
2018-08-10;49.2231269665765;49.6361695546381;49.0593341536877;49.2634811401367;98444800;49.2634811401367
2018-08-13;49.686021295457;50.0753244608531;49.3038392423077;49.5815734863281;103563600;49.5815734863281
2018-08-14;49.8878006443184;49.9827512315806;49.4367762994908;49.7904739379883;82992000;49.7904739379883
2018-08-15;49.6646477949869;50.0254664375555;49.4533797232598;49.9067764282227;115230400;49.9067764282227
2018-08-16;50.2652243423528;50.7542266536983;50.1987582197698;50.6379127502441;114001600;50.6379127502441
2018-08-17;50.6663976027378;51.736980306335;50.5999314796219;51.6491508483887;141708000;51.6491508483887
2018-08-20;51.7725838345196;52.0289510687609;51.0628162704277;51.1459007263184;121150800;51.1459007263184
2018-08-21;51.4639909674295;51.5565690337748;50.8064472734673;51.046199798584;104639200;51.046199798584
2018-08-22;50.8230698479614;51.359547453765;50.7613487171684;51.0485801696777;76072400;51.0485801696777
2018-08-23;50.9536321922619;51.5233465516056;50.9417660860916;51.1530342102051;75532800;51.1530342102051
2018-08-24;51.4165090886237;51.4877201904197;51.0628115871344;51.3120613098145;73905600;51.3120613098145
2018-08-27;51.5470754321916;51.9245124573623;51.3524256783876;51.7346076965332;82100400;51.7346076965332
2018-08-28;51.9886081416257;52.351799361155;51.9672448045081;52.152400970459;91107200;52.152400970459
2018-08-29;52.2592025161266;53.0520544229006;52.0835436444923;52.9309883117676;109019200;52.9309883117676
2018-08-30;52.9951006364372;54.1843734833701;52.7933261280502;53.4176368713379;195175200;53.4176368713379
2018-08-31;53.7689524444002;54.3291694929372;53.6478899259684;54.0348205566406;173360400;54.0348205566406
2018-09-04;54.2199729057232;54.4027529188121;53.7974367468933;54.2081031799316;109560400;54.2081031799316
2018-09-05;54.357648708971;54.5190653739262;53.4342406333861;53.8544006347656;133332000;53.8544006347656
2018-09-06;53.702477234335;53.9683453015852;52.5321955544669;52.9594802856445;137160000;52.9594802856445
2018-09-07;52.662759596808;53.4983346705537;52.39214651524;52.5321998596191;150479200;52.5321998596191
2018-09-10;52.4491211543902;52.6627653719823;51.3856595480074;51.8271865844727;158066000;51.8271865844727
2018-09-11;51.7512177430498;53.2443401228299;51.4070174325779;53.1375198364258;142996000;53.1375198364258
2018-09-12;53.3962479249383;53.4104901427688;52.1856086995166;52.4775886535645;197114800;52.4775886535645
2018-09-13;53.0591844246902;54.2057303849038;52.8336741244209;53.7452125549316;166825600;53.7452125549316
2018-09-14;53.5885515333161;53.8472949438329;52.8218149109568;53.1351547241211;127997200;53.1351547241211
2018-09-17;52.7339698774686;52.9238746174747;51.5755578454812;51.7203598022461;148780400;51.7203598022461
2018-09-18;51.6990003577983;52.6627664194592;51.5399561563022;51.8058242797852;126286800;51.8058242797852
2018-09-19;51.8675342982117;52.1333987611616;51.1079189596894;51.8366737365723;108495200;51.8366737365723
2018-09-20;52.2805795498704;52.7648332213959;52.021832562179;52.2307281494141;106435200;52.2307281494141
2018-09-21;52.4087688469841;52.5464497151;51.5803111416791;51.6681442260742;384986800;51.6681442260742
2018-09-24;51.4687374692292;52.5227017112244;51.4236346860685;52.4111328125;110773600;52.4111328125
2018-09-25;52.1642576150071;52.893015990163;52.1523878899858;52.743465423584;98217600;52.743465423584
2018-09-26;52.4609917174583;53.1137868632638;52.1666391477457;52.3233108520508;95938800;52.3233108520508
2018-09-27;53.1303913081637;53.7523257253135;53.0639215783431;53.3986282348633;120724800;53.3986282348633
2018-09-28;53.3606600650978;53.6099098430488;53.1778800337816;53.5861740112305;91717600;53.5861740112305
2018-10-01;54.1107761346788;54.4597250622334;53.7309702668323;53.9469833374023;94403200;53.9469833374023
2018-10-02;53.9446171939294;54.5974123414907;53.7974427197434;54.4264984130859;99152800;54.4264984130859
2018-10-03;54.6092746070901;55.4211138450216;54.5451809871626;55.0887832641602;114619200;55.0887832641602
2018-10-04;54.782558409449;55.1552467637138;53.8211686446733;54.1202697753906;128168000;54.1202697753906
2018-10-05;54.1131502829508;54.2199705662019;52.3612845979589;53.2419624328613;134322000;53.2419624328613
2018-10-08;52.7482180065541;53.363031414319;52.2710818285735;53.1185302734375;118655600;53.1185302734375
2018-10-09;53.0876642319653;53.9493548101494;52.7577061695361;53.8544006347656;107564000;53.8544006347656
2018-10-10;53.5196985686173;53.7309666323174;51.2859518085331;51.3595390319824;167962400;51.3595390319824
2018-10-11;50.9227653439931;52.1049168860258;50.4005299994024;50.9061470031738;212497600;50.9061470031738
2018-10-12;52.3233030512606;52.9072594883673;51.4734821534909;52.7244758605957;161351600;52.7244758605957
2018-10-15;52.4989609101121;52.6580050731563;51.5755528683509;51.5969161987305;123164000;51.5969161987305
2018-10-16;51.9696141973362;52.9333802724034;51.4544999077376;52.7339782714844;116736000;52.7339782714844
2018-10-17;52.7695725615268;52.8502808889072;52.0669261965888;52.5060806274414;91541600;52.5060806274414
2018-10-18;51.7156098370486;52.1618854210883;50.5619428276453;51.2788314819336;130325200;51.2788314819336
2018-10-19;51.763089411901;52.522704793008;51.6135388320419;52.059814453125;132314800;52.059814453125
2018-10-22;52.1737598105905;53.0212083312034;51.971988940539;52.3779067993164;115168400;52.3779067993164
2018-10-23;51.2337300111331;52.99508932006;50.9654894301846;52.8716506958008;155071200;52.8716506958008
2018-10-24;52.840785683513;53.227712592892;50.92749997726;51.0580596923828;163702000;51.0580596923828
2018-10-25;51.6800012435076;52.5511854063194;51.4521148504323;52.1761245727539;119423200;52.1761245727539
2018-10-26;51.2503483939775;52.2687107782108;50.4836118908407;51.3453025817871;189033600;51.3453025817871
2018-10-29;52.031324919854;52.1500149247363;48.9216453430845;50.381534576416;183742000;50.381534576416
2018-10-30;50.1227866384042;51.0794277693851;49.6765146917731;50.6331558227539;146640000;50.6331558227539
2018-10-31;51.4829838388995;52.3304286916827;51.4212627108091;51.952995300293;153435600;51.952995300293
2018-11-01;51.9980970073368;52.7838243378456;51.4663644288944;52.7505912780762;233292800;52.7505912780762
2018-11-02;49.7429882248392;50.7162442178768;48.7649799946613;49.2516098022461;365314800;49.2516098022461
2018-11-05;48.4967408054564;48.5181041388236;47.0416000639135;47.8534393310547;264654800;47.8534393310547
2018-11-06;47.931760093493;48.5964246921208;47.877163718023;48.3709144592285;127531600;48.3709144592285
2018-11-07;48.8931611570555;49.864044532766;48.4563828061127;49.8379325866699;133697600;49.8379325866699
2018-11-08;50.0189714218871;50.052320434233;49.2495597289836;49.6640434265137;101450400;49.6640434265137
2018-11-09;48.963716816316;49.0732905988993;48.1776286989709;48.7064514160156;137463200;48.7064514160156
2018-11-12;47.4034494553099;47.60592795463;46.1623826717791;46.2529029846191;204542000;46.2529029846191
2018-11-13;45.6478563189311;46.9699094363445;45.6049769361405;45.7907791137695;187531600;45.7907791137695
2018-11-14;46.1885913271654;46.3267525875411;44.2900707451761;44.497314453125;243204000;44.497314453125
2018-11-15;44.8760575202114;45.7288435949148;44.5211258761045;45.5954475402832;185915200;45.5954475402832
2018-11-16;45.3786740484367;46.4434652735832;45.1309390545051;46.1004447937012;147713200;46.1004447937012
2018-11-19;45.2595660727484;45.4263111155363;44.0661440863998;44.2733840942383;167701200;44.2733840942383
2018-11-20;42.4892094900314;43.2276566075868;41.8079336678562;42.1581001281738;271300800;42.1581001281738
2018-11-21;42.8131759335086;42.9418104485529;42.05567529849;42.1104621887207;124496800;42.1104621887207
2018-11-23;41.6721630263421;42.0675896998665;40.9956522870306;41.0409088134766;94496000;41.0409088134766
2018-11-26;41.5054153248628;41.6745411816757;40.5573436778405;41.5959320068359;179994000;41.5959320068359
2018-11-27;40.8551018176954;41.6316631562009;40.7050330691798;41.5054130554199;165549600;41.5054130554199
2018-11-28;42.09855138078;43.1847806353353;41.669775718516;43.1014099121094;184250000;43.1014099121094
2018-11-29;43.5111259107892;43.5444749250687;42.3296112260274;42.7702980041504;167080000;42.7702980041504
2018-11-30;42.9465721271481;42.9561024944684;42.1700143899711;42.5392379760742;158126000;42.5392379760742
2018-12-03;43.9398987172354;44.0542376681467;43.1657218461885;44.0256538391113;163210000;44.0256538391113
2018-12-04;43.103801322969;43.4468219374248;41.9889879607586;42.0890350341797;165377200;42.0890350341797
2018-12-06;40.9146566184638;41.634046707808;40.59545836632;41.6197547912598;172393600;41.6197547912598
2018-12-07;41.3267569166359;41.5649652030393;40.0904553286393;40.1357154846191;169126400;40.1357154846191
2018-12-10;39.3043678237135;40.5168471466578;38.906560415852;40.4001274108887;248104000;40.4001274108887
2018-12-11;40.8908382516445;40.9218028594561;39.7807866849764;40.1690673828125;189126800;40.1690673828125
2018-12-12;40.5906928146527;40.9527704479295;40.2619678327131;40.2810249328613;142510800;40.2810249328613
2018-12-13;40.612140221474;41.1076139929679;40.3882238056789;40.7217140197754;127594400;40.7217140197754
2018-12-14;40.2572030421312;40.2762601424656;39.3710678678187;39.4187088012695;162814800;39.4187088012695
2018-12-17;39.4115462560894;40.1023522220871;38.7636196564903;39.0518531799316;177151600;39.0518531799316
2018-12-18;39.3948931847107;39.9070396195823;39.1590656390342;39.5592575073242;135366000;39.5592575073242
2018-12-19;39.5425771809356;39.8879784835741;37.8965569813603;38.3253326416016;196189200;38.3253326416016
2018-12-20;38.208601630872;38.6159393353761;36.9937417435766;37.3582000732422;259092000;37.3582000732422
2018-12-21;37.3653501834188;37.6750216680512;35.6431053719121;35.9051322937012;382978400;35.9051322937012
2018-12-24;35.2905453169355;36.1004554223387;34.9189410860617;34.9761123657227;148676800;34.9761123657227
2018-12-26;35.3262875131648;37.4534856403624;34.9499180067145;37.4391937255859;234330000;37.4391937255859
2018-12-27;37.1223840290851;37.3439196586315;35.7479246281448;37.1962280273438;212468400;37.1962280273438
2018-12-28;37.5178003135948;37.7607737524088;36.8150866854687;37.215274810791;169165600;37.215274810791
2018-12-31;37.7631608290726;37.9608741506893;37.2748330959008;37.5749778747559;140014000;37.5749778747559
2019-01-02;36.8960729744722;37.8393791741622;36.738854668729;37.6178436279297;148158800;37.6178436279297
2019-01-03;34.2972332782352;34.7117170681735;33.8255818171126;33.8708419799805;365248800;33.8708419799805
2019-01-04;34.4282450814342;35.385843458862;34.2543540413153;35.3167610168457;234428400;35.3167610168457
2019-01-07;35.4215691217475;35.452537360061;34.7545852369162;35.2381477355957;219111200;35.2381477355957
2019-01-08;35.6264246419693;36.1647776034529;35.3786896657632;35.9098930358887;164101200;35.9098930358887
2019-01-09;36.038521272314;36.8103172407821;35.6430983756277;36.519702911377;180396400;36.519702911377
2019-01-10;36.3267573873422;36.6769237985132;35.9360960106658;36.6364288330078;143122800;36.6364288330078
2019-01-11;36.4172828601835;36.6126117589022;36.0909350462783;36.2767372131348;108092800;36.2767372131348
2019-01-14;35.9337177955623;36.0337648294827;35.5454371651712;35.7312393188477;129756800;35.7312393188477
2019-01-15;35.7955633155994;36.5387720704161;35.7431571972704;36.4625473022461;114843600;36.4625473022461
2019-01-16;36.4649182106621;37.1319020168463;36.4458611150832;36.9079856872559;122278800;36.9079856872559
2019-01-17;36.7317285522104;37.5559310808606;36.507812111228;37.1271553039551;119284800;37.1271553039551
2019-01-18;37.5178072307703;37.6083275478503;37.1557295972202;37.355827331543;135004000;37.355827331543
2019-01-22;37.2581580682771;37.3343828280446;36.3553466486708;36.5173301696777;121576000;36.5173301696777
2019-01-23;36.7198068786182;36.9556343969908;36.1361972882534;36.6650199890137;92522400;36.6650199890137
2019-01-24;36.7102794661738;36.7984153697445;36.1457269858621;36.3744049072266;101766000;36.3744049072266
2019-01-25;37.0366202455851;37.6678743324657;36.7603014189603;37.5797348022461;134142000;37.5797348022461
2019-01-28;37.1104603231898;37.2390948089985;36.6030792407223;37.2319488525391;104768400;37.2319488525391
2019-01-29;37.220042812013;37.6678755302535;36.7102772510505;36.8460540771484;166348800;36.8460540771484
2019-01-30;38.8874866699126;39.5782889608306;38.1680969248076;39.3639030456543;244439200;39.3639030456543
2019-01-31;39.5687678648014;40.2571894803467;39.1995443940929;39.6473770141602;162958400;39.6473770141602
2019-02-01;39.7712550933936;40.2524331906506;39.5258972267717;39.6664428710938;130672400;39.6664428710938
2019-02-04;39.8784519393017;40.890837203232;39.8474836975139;40.7931709289551;125982000;40.7931709289551
2019-02-05;41.1766825373362;41.7055051983024;41.0551976256758;41.4911155700684;144406400;41.4911155700684
2019-02-06;41.6030756902412;41.8222305119285;41.1743036833165;41.5054130554199;112958400;41.5054130554199
2019-02-07;41.067111937442;41.4339547769893;40.5764033914752;40.7193298339844;126966800;40.7193298339844
2019-02-08;40.4274677002023;40.8269812503523;40.2911048861916;40.7671737670898;95280000;40.7671737670898
2019-02-11;40.9202812662486;40.9585589320792;40.4896666515517;40.5327262878418;83973600;40.5327262878418
2019-02-12;40.6930061459998;40.9083115889561;40.5973119988514;40.8819961547852;89134000;40.8819961547852
2019-02-13;41.0016088899095;41.2623685824049;40.6499406751152;40.7121391296387;89960800;40.7121391296387
2019-02-14;40.5997176700714;40.970521183695;40.5207713460988;40.8604774475098;87342800;40.8604774475098
2019-02-15;40.968126868792;41.0757796107842;40.6092819619121;40.7695655822754;98507200;40.7695655822754
2019-02-19;40.5997063075575;41.0135729958656;40.5470754396387;40.8915634155273;75891200;40.8915634155273
2019-02-20;40.9537642660103;41.4633250850542;40.9059190194689;41.1547164916992;104457600;41.1547164916992
2019-02-21;41.0997075697131;41.2360667477695;40.7408626322308;40.9226760864258;68998800;40.9226760864258
2019-02-22;41.0470710743179;41.3867771306419;40.9992258192676;41.3796005249023;75652800;41.3796005249023
2019-02-25;41.6642822631217;42.0733633675877;41.6140423755486;41.6810264587402;87493600;41.6810264587402
2019-02-26;41.5566384605054;41.9370132254209;41.4274522363412;41.7049598693848;68280800;41.7049598693848
2019-02-27;41.4370142722969;41.8652342045744;41.3221812873632;41.8341331481934;111341600;41.8341331481934
2019-02-28;41.7025515360108;41.8436962793172;41.3676275370685;41.4226493835449;112861600;41.4226493835449
2019-03-01;41.6929859027658;41.9011147437713;41.3604564939789;41.8580551147461;103544800;41.8580551147461
2019-03-04;42.0303067774422;42.5231198467422;41.6188310078529;42.0685844421387;109744800;42.0685844421387
2019-03-05;42.0901124253403;42.1044656363862;41.755188349381;41.9920272827148;78949600;41.9920272827148
2019-03-06;41.7862912017635;41.9824614954406;41.611654375939;41.7504081726074;83241600;41.7504081726074
2019-03-07;41.5949023092085;41.7312651068863;41.1523291762911;41.2671585083008;99185600;41.2671585083008
2019-03-08;40.7456449677872;41.4035273001201;40.5494746656101;41.3652496337891;95997600;41.3652496337891
2019-03-11;41.9824617449065;42.8508639088742;41.9489697007088;42.7982330322266;128044000;42.7982330322266
2019-03-12;43.0613907520151;43.7001342767936;42.9106747162681;43.2790908813477;129870400;43.2790908813477
2019-03-13;43.599641501184;43.8508335814682;43.2814653528718;43.470458984375;124130000;43.470458984375
2019-03-14;43.9943811119985;44.0422300165947;43.6738138932142;43.9537124633789;94318000;43.9537124633789
2019-03-15;44.2216513690187;44.8149405377433;43.9561060166271;44.5254707336426;156171600;44.5254707336426
2019-03-18;44.4489127277954;45.0685172450039;44.4465180927503;44.9800033569336;104879200;44.9800033569336
2019-03-19;45.0589544123466;45.212061406706;44.4776238405532;44.6235542297363;126585600;44.6235542297363
2019-03-20;44.5517883701219;45.3316802698948;44.192943478921;45.0135040283203;124140800;45.0135040283203
2019-03-21;45.4584811910713;46.9680217598725;45.40824128981;46.6713752746582;204136800;46.6713752746582
2019-03-22;46.731166773876;47.2933584867961;45.6402790376517;45.7048721313477;169630800;45.7048721313477
2019-03-25;45.8149279975556;45.9273663699796;44.640311676636;45.1522636413574;175381200;45.1522636413574
2019-03-26;45.8508089159546;46.142669720394;44.1570605862165;44.6857566833496;199202000;44.6857566833496
2019-03-27;45.1546420060365;45.3962628822444;44.6283369749782;45.0876579284668;119393600;45.0876579284668
2019-03-28;45.2024980623719;45.3484284770467;44.8627919733694;45.1474761962891;83121600;45.1474761962891
2019-03-29;45.4130050105386;45.4728124758661;45.1043964452481;45.4417114257812;94256000;45.4417114257812
2019-04-01;45.8460147425548;45.8555823317402;45.0661266362249;45.7503242492676;111448000;45.7503242492676
2019-04-02;45.7144444521583;46.5206517633112;45.7048768615339;46.4153900146484;91062800;46.4153900146484
2019-04-03;46.2311857662411;47.0086830689076;46.2072613121693;46.733570098877;93087200;46.733570098877
2019-04-04;46.5995979399146;46.9775816793736;46.2048700030101;46.8149070739746;76457200;46.8149070739746
2019-04-05;46.9967149036885;47.1522165347892;46.8723143288797;47.1282920837402;74106400;47.1282920837402
2019-04-08;46.989539395097;47.9010047858093;46.970400563883;47.8699073791504;103526800;47.8699073791504
2019-04-09;47.9225305717796;48.5277818667797;47.6617672323447;47.7263603210449;143072800;47.7263603210449
2019-04-10;47.5301980351387;48.0230147291926;47.4105830769464;47.9943046569824;86781200;47.9943046569824
2019-04-11;48.0493188929667;48.0852019118623;47.472774053659;47.5947799682617;83603200;47.5947799682617
2019-04-12;47.654607029959;47.8794837751331;46.9393117898713;47.5756607055664;111042800;47.5756607055664
2019-04-15;47.5062833056539;47.8101063603956;47.3699204837134;47.6617813110352;70146400;47.6617813110352
2019-04-16;47.7168010156102;48.173727384384;47.501491899352;47.666561126709;102785600;47.666561126709
2019-04-17;47.7359304483259;48.6545759964242;47.513448403712;48.5947685241699;115627200;48.5947685241699
2019-04-18;48.5923815345291;48.8387880669574;48.4488457687501;48.7694129943848;96783200;48.7694129943848
2019-04-22;48.5230012134414;49.0277764501035;48.4057772479296;48.9296913146973;77758000;48.9296913146973
2019-04-23;48.9057697819487;49.7000148520942;48.7789782189998;49.6354217529297;93292000;49.6354217529297
2019-04-24;49.6067174779095;49.8746538262478;49.5325567850915;49.5588722229004;70162400;49.5588722229004
2019-04-25;49.479915003913;49.7023970333311;49.0708303154771;49.1091079711914;74172800;49.1091079711914
2019-04-26;49.0182115194617;49.0421359727627;48.3531526017134;48.8746757507324;74596400;48.8746757507324
2019-04-29;48.898593576846;49.2741862987251;48.7694110278181;48.9488334655762;88818800;48.9488334655762
2019-04-30;48.5780191894082;48.6593564730926;47.6330618868531;48.0062599182129;186139600;48.0062599182129
2019-05-01;50.2095753441152;51.508592020453;50.0540737103398;50.3626823425293;259309200;50.3626823425293
2019-05-02;50.2000118766577;50.8722474526994;49.7909307059944;50.0349426269531;127985200;50.0349426269531
2019-05-03;50.4511987638848;50.678466462683;50.2933061372152;50.6569366455078;83569600;50.6569366455078
2019-05-06;48.8722789104145;49.9607757800447;48.6832888791545;49.8746528625488;129772400;49.8746528625488
2019-05-07;49.2526650107348;49.6210775405667;48.0445529905656;48.5301895141602;155054800;48.5301895141602
2019-05-08;48.3005116345152;49.12346301127;48.2646286124188;48.5397415161133;105358000;48.5397415161133
2019-05-09;47.941678919313;48.2478929530612;47.0469612724133;48.0182342529297;139634400;48.0182342529297
2019-05-10;47.4106420537473;47.7540601215659;46.29394061406;47.3530044555664;164834800;47.3530044555664
2019-05-13;45.0787702937195;45.5038351560918;43.9116356535544;44.6008682250977;229722400;44.6008682250977
2019-05-14;44.7665865218585;45.5566823654645;44.5264353194424;45.3069267272949;146118800;45.3069267272949
2019-05-15;44.7329649829015;46.0489925308898;44.6729271829916;45.849666595459;106178800;45.849666595459
2019-05-16;45.6071163241431;46.2219028240267;45.3501527752921;45.6479415893555;132125600;45.6479415893555
2019-05-17;44.8914655407684;45.8448661719079;44.8506402733302;45.3885803222656;131516400;45.3885803222656
2019-05-20;44.0725433358617;44.2718692448437;43.2944522330852;43.9692764282227;154449200;43.9692764282227
2019-05-21;44.4808078665824;45.1484279440917;44.355928210062;44.8122177124023;113459200;44.8122177124023
2019-05-22;44.3463141504657;44.5984736017208;43.8395950555417;43.8948287963867;118994400;43.8948287963867
2019-05-23;43.1791860540406;43.356895595008;42.7012838517077;43.145565032959;146118800;43.145565032959
2019-05-24;43.2752471744791;43.7411411067363;42.8958078241296;42.9798622131348;94858800;42.9798622131348
2019-05-28;42.9678403358341;43.3688922887668;42.7252890103595;42.8021354675293;111792800;42.8021354675293
2019-05-29;42.3674794828938;43.0711244910621;42.2666164062;42.5980262756348;113924800;42.5980262756348
2019-05-30;42.7349077066817;43.0423009667885;42.4275144465749;42.818962097168;84873600;42.818962097168
2019-05-31;42.3218465433125;42.7445150164519;42.024061389328;42.0432739257812;108174400;42.0432739257812
2019-06-03;42.1705429520181;42.7276917085271;40.8905368965609;41.6181945800781;161584400;41.6181945800781
2019-06-04;42.1321280007633;43.1863916443682;41.9111893318447;43.1407623291016;123872000;43.1407623291016
2019-06-05;44.255056886348;44.4255658277416;43.5009823664191;43.8371925354004;119093600;43.8371925354004
2019-06-06;43.9668772641817;44.5408384220099;43.7435347674316;44.4808006286621;90105200;44.4808006286621
2019-06-07;44.7905989254001;46.0898177949047;44.6128893828941;45.6647491455078;122737600;45.6647491455078
2019-06-10;46.0633926728473;46.9183302023981;46.0177633668743;46.2483100891113;104883600;46.2483100891113
2019-06-11;46.7958637313089;47.069635957136;46.4932745336315;46.7838554382324;107731600;46.7838554382324
2019-06-12;46.5773263797506;47.0624328492908;46.4428422886503;46.6349639892578;73012800;46.6349639892578
2019-06-13;46.7574348363572;47.2593499319344;46.4932707323559;46.6253509521484;86698400;46.6253509521484
2019-06-14;46.0009474879125;46.4908541573775;45.700758589746;46.2867279052734;75046000;46.2867279052734
2019-06-17;46.325161000713;46.8198755079618;46.1498516659381;46.5629119873047;58676400;46.5629119873047
2019-06-18;47.081635811152;48.099874387792;46.8799097155252;47.6579971313477;106204000;47.6579971313477
2019-06-19;47.9533841238121;48.0014172896025;47.3842270204733;47.5187110900879;84496800;47.5187110900879
2019-06-20;48.1191047682159;48.1767423873802;47.5571517229292;47.9005699157715;86056000;47.9005699157715
2019-06-21;47.7420553313763;48.234365983409;47.5859548656792;47.7372512817383;191202400;47.7372512817383
2019-06-24;47.6796123294628;48.0686597219695;47.5907575679646;47.6892204284668;72881600;47.6892204284668
2019-06-25;47.6531985092266;47.8525244351359;46.8991239249562;46.9663696289062;84281200;46.9663696289062
2019-06-26;47.4947016318746;48.2679887529129;47.3938385723153;47.9822082519531;104270000;47.9822082519531
2019-06-27;48.0998803637074;48.4072772590073;47.9269748776997;47.9678001403809;83598800;47.9678001403809
2019-06-28;47.7132409882017;47.9101667407428;47.3217970048802;47.5307273864746;124442400;47.5307273864746
2019-07-01;48.791521053245;49.1085224103868;48.1863389760576;48.4024772644043;109012000;48.4024772644043
2019-07-02;48.3688467906003;48.7819070855765;48.3568384995246;48.6858444213867;67740800;48.6858444213867
2019-07-03;48.817918684552;49.0964948592406;48.6762304052314;49.0892906188965;45448000;49.0892906188965
2019-07-05;48.8347471676152;49.2502077106182;48.7266761978926;49.0460777282715;69062000;49.0460777282715
2019-07-08;48.2247558061243;48.366444116802;47.6483944645512;48.0350379943848;101354400;48.0350379943848
2019-07-09;47.8381153481011;48.3928639994807;47.7444565324711;48.3280258178711;82312000;48.3280258178711
2019-07-10;48.474524901707;48.9260067005133;48.4048789962949;48.8059310913086;71588400;48.8059310913086
2019-07-11;48.8251318979877;49.0844955912862;48.4408922394985;48.450496673584;80767200;48.450496673584
2019-07-12;48.6186086660653;48.9908437509781;48.5585708673509;48.8227386474609;70380800;48.8227386474609
2019-07-15;49.0124536614927;49.4399224706124;48.9908409346579;49.2814254760742;67789600;49.2814254760742
2019-07-16;49.1325364971117;49.4975673721751;48.8707725506249;49.1109237670898;67467200;49.1109237670898
2019-07-17;49.0028485914303;49.2526042041442;48.8155309657908;48.8347434997559;56430000;48.8347434997559
2019-07-18;48.9908553365028;49.4423408622174;48.9188092281245;49.3895072937012;74162400;49.3895072937012
2019-07-19;49.4207123937778;49.5912213531463;48.5969955607301;48.652229309082;83717200;48.652229309082
2019-07-22;48.906788135695;49.7665298313701;48.8971837004857;49.7641296386719;89111600;49.7641296386719
2019-07-23;50.0619165827323;50.1699838808223;49.7809364775157;50.1531715393066;73420800;50.1531715393066
2019-07-24;49.8721992638691;50.2276220138296;49.7521236638701;50.1123504638672;59966400;50.1123504638672
2019-07-25;50.1651803236847;50.2492347032556;49.6464528904608;49.7160987854004;55638400;49.7160987854004
2019-07-26;49.8265621062651;50.3669022212048;49.7449115905785;49.8890037536621;70475600;49.8890037536621
2019-07-29;50.0619268610847;50.5854547819221;50.057122810463;50.354907989502;86693600;50.354907989502
2019-07-30;50.1339593780633;50.4701732311303;49.7857408974429;50.1387634277344;135742800;50.1387634277344
2019-07-31;51.9735202104532;53.1622678705946;50.743947287655;51.161808013916;277125600;51.161808013916
2019-08-01;51.3683298509246;52.3601552794419;49.6488503907777;50.0547027587891;216071600;50.0547027587891
2019-08-02;49.3582628839312;49.5743974414189;48.4216749155971;48.9956359863281;163448400;48.9956359863281
2019-08-05;47.5475254632208;47.7060224304497;46.2483069181254;46.4308204650879;209572000;46.4308204650879
2019-08-06;47.1440790298721;47.5667474650811;46.598934808233;47.3097839355469;143299200;47.3097839355469
2019-08-07;46.927951427152;47.9245775381363;46.5461118615436;47.7996978759766;133457600;47.7996978759766
2019-08-08;48.0782670055816;48.8779708997026;47.8837451300093;48.8539543151855;108038000;48.8539543151855
2019-08-09;48.5261031810596;48.8780539754884;48.0415629932655;48.4513740539551;98478800;48.4513740539551
2019-08-12;48.1211229264072;48.7069094878333;48.007822720665;48.3284378051758;89927600;48.3284378051758
2019-08-13;48.4586098109273;51.139236082096;48.3284333965568;50.3750648498535;188874000;50.3750648498535
2019-08-14;48.9744854646134;49.7651738365618;48.837077436894;48.8756484985352;146189600;48.8756484985352
2019-08-15;49.0468051613006;49.4517902724892;48.133171992479;48.6321754455566;108909600;48.6321754455566
2019-08-16;49.2444861857807;49.9387507320609;49.1384175825057;49.7796478271484;110481600;49.7796478271484
2019-08-19;50.77282150188;51.2814659176138;50.6305948403809;50.7077369689941;97654400;50.7077369689941
2019-08-20;50.835498157263;51.4309256022371;50.7005031164872;50.7101440429688;107537200;50.7101440429688
2019-08-21;51.3441431803867;51.5032423784876;51.0090648863723;51.2597694396973;86141600;51.2597694396973
2019-08-22;51.3923641507182;51.693693736781;50.8041682101892;51.2163887023926;89014800;51.2163887023926
2019-08-23;50.485956866091;51.117546110498;48.4537921261064;48.8491363525391;187272000;48.8491363525391
2019-08-26;49.6253694572603;49.945984594;49.4325177770276;49.7772407531738;104174400;49.7772407531738
2019-08-27;50.1074802421721;50.273814715367;49.0636744086252;49.2155456542969;103493200;49.2155456542969
2019-08-28;49.201087664303;49.5916095623575;49.0130583298072;49.5458068847656;63755200;49.5458068847656
2019-08-29;50.2617634710231;50.459437399917;49.8182073044878;50.3847045898438;83962000;50.3847045898438
2019-08-30;50.6619357840458;50.7318426216165;49.9483857866858;50.3196258544922;84573600;50.3196258544922
2019-09-03;49.7627597700087;49.8953454925707;49.230011246176;49.586784362793;80092000;49.586784362793
2019-09-04;50.2352527492937;50.498011239097;49.9773165623172;50.4281044006348;76752400;50.4281044006348
2019-09-05;51.1054936935155;51.5803893772932;50.9873711810595;51.4140548706055;95654800;51.4140548706055
2019-09-06;51.5996639516962;51.6888563059987;51.2284239504452;51.4092216491699;77449200;51.4092216491699
2019-09-09;51.7900979705276;52.1758011648443;50.8812909341562;51.6285858154297;109237600;51.6285858154297
2019-09-10;51.5538674256634;52.2577727752161;51.0355820988654;52.2384872436523;127111600;52.2384872436523
2019-09-11;52.5687566863732;53.928355648485;52.4867922424054;53.8994255065918;177158400;53.8994255065918
2019-09-12;54.191113005584;54.5816349685387;53.7234489036883;53.7788925170898;128906800;53.7788925170898
2019-09-13;53.0340032087054;53.2244418744855;52.3156345588134;52.7326736450195;159053200;52.7326736450195
2019-09-16;52.4867763128584;53.0653311567177;52.4457959424817;53.0098838806152;84632400;53.0098838806152
2019-09-17;53.0243549925317;53.2316698509841;52.8218587580316;53.2027397155762;73274800;53.2027397155762
2019-09-18;53.2895274530947;53.7210334268094;52.8990055349518;53.7017478942871;101360000;53.7017478942871
2019-09-19;53.518536697086;53.9403980616068;53.1231924797544;53.2654228210449;88242400;53.2654228210449
2019-09-20;53.3666665127755;53.6511198248498;52.4241068556377;52.4867820739746;221652400;52.4867820739746
2019-09-23;52.7808807689735;52.9954272513861;52.4674973159911;52.7254371643066;76662000;52.7254371643066
2019-09-24;53.2822883646978;53.6342428467695;52.3566050035032;52.474723815918;124763200;52.474723815918
2019-09-25;52.6844622109704;53.3955992531664;52.3445615767154;53.282299041748;87613600;53.282299041748
2019-09-26;53.0339939507495;53.2605943316188;52.7519499697758;53.0074768066406;75334000;53.0074768066406
2019-09-27;53.1641721165966;53.2654220796107;52.3783059955447;52.7495460510254;101408000;52.7495460510254
2019-09-30;53.2509531107908;54.1380691605222;53.224435964997;53.9910202026367;103909600;53.9910202026367
2019-10-01;54.2561932328693;55.0155421997168;54.0464653724815;54.1404800415039;139223200;54.1404800415039
2019-10-02;53.7716533656112;53.8970074846529;52.5349957517778;52.7832946777344;138449200;52.7832946777344
2019-10-03;52.6555323429582;53.2654267735656;51.8600252249318;53.2316780090332;114426000;53.2316780090332
2019-10-04;54.3935980644269;54.8395672573163;53.9717367062004;54.7238540649414;138478800;54.7238540649414
2019-10-07;54.5454736560798;55.427763828287;54.4418143728158;54.735912322998;122306000;54.735912322998
2019-10-08;54.4369905621562;54.9769707379292;54.0778044301122;54.0946769714355;111820000;54.0946769714355
2019-10-09;54.7286834716797;54.911890532546;54.3936051250694;54.7286834716797;74770400;54.7286834716797
2019-10-10;54.9456293631299;55.550701405913;54.7937617831864;55.4663276672363;113013600;55.4663276672363
2019-10-11;56.1557691960562;57.2863581553987;56.0014886273439;56.9416389465332;166795600;56.9416389465332
2019-10-14;56.6258519473136;57.4044902131818;56.5704083357574;56.8596839904785;96427600;56.8596839904785
2019-10-15;56.9850327352576;57.2887715922468;56.6210279693018;56.7270965576172;87360000;56.7270965576172
2019-10-16;56.2570251765866;56.7078167222133;56.2160447957731;56.4980888366699;73903200;56.4980888366699
2019-10-17;56.6716426994991;56.9271695353438;56.293174747825;56.7174453735352;67585200;56.7174453735352
2019-10-18;56.5511191241422;57.2719007408579;56.47879929558;56.9898567199707;97433600;56.9898567199707
2019-10-21;57.2574250384545;58.0939159916537;57.2092130560281;57.9782028198242;87247200;57.9782028198242
2019-10-22;58.1348986003991;58.3856031256782;57.7636585969024;57.8456230163574;82293600;57.8456230163574
2019-10-23;58.3615073864225;58.6363197826314;58.1493702109844;58.6218528747559;75828800;58.6218528747559
2019-10-24;58.9424682077086;59.0123787218923;58.2915971273519;58.7182807922363;69275200;58.7182807922363
2019-10-25;58.6170414395091;59.4776368075236;58.549543907835;59.441478729248;73477200;59.441478729248
2019-10-28;59.6439646610354;60.0851115584116;59.4752208507016;60.0368995666504;96572800;60.0368995666504
2019-10-29;60.0176082607551;60.2056375853732;58.4748026027758;58.648365020752;142839600;58.648365020752
2019-10-30;59.0027316074031;59.1329080249419;58.1469586802132;58.6411361694336;124522000;58.6411361694336
2019-10-31;59.6005735386189;60.0658245815172;57.1947558493642;59.9669876098633;139162000;59.9669876098633
2019-11-01;60.1550202780892;61.6954168205405;60.0634185943768;61.6689033508301;151125200;61.6689033508301
2019-11-04;62.032906628061;62.1582644359733;61.5628369184265;62.0738906860352;103272000;62.0738906860352
2019-11-05;61.9654100369836;62.240226136938;61.7894382757964;61.9846992492676;79897600;61.9846992492676
2019-11-06;61.8978959538131;62.0714620345568;61.5604083958884;62.0111961364746;75864400;62.0111961364746
2019-11-07;62.5600567018329;62.9493381730622;62.4077294904286;62.7268905639648;94940400;62.7268905639648
2019-11-08;62.5479687837284;62.971096636906;62.103080954982;62.8985633850098;69986400;62.8985633850098
2019-11-11;62.4536680470197;63.4619245188553;62.4488349564914;63.3966445922852;81821200;63.3966445922852
2019-11-12;63.239481713399;63.5393030604733;63.087161873179;63.3386154174805;87388800;63.3386154174805
2019-11-13;63.1379569390575;64.0204796409871;63.1234502826025;63.9455261230469;102734400;63.9455261230469
2019-11-14;63.7714054374306;64.044626288722;63.3724578365131;63.5030250549316;89182800;63.5030250549316
2019-11-15;63.7544863247612;64.262241232708;63.5924929332645;64.2574081420898;100206400;64.2574081420898
2019-11-18;64.2670852351521;64.6611998609926;63.887484641159;64.581413269043;86703200;64.581413269043
2019-11-19;64.7748408709178;64.7990210858821;64.1679595342786;64.3855667114258;76167200;64.3855667114258
2019-11-20;64.2042263236965;64.3347862030434;62.9614355834094;63.6360244750977;106234400;63.6360244750977
2019-11-21;63.7569128373586;63.8342865674531;63.1500241712499;63.3507118225098;121395200;63.3507118225098
2019-11-22;63.4909407037484;63.633594357836;63.0678128322335;63.295093536377;65325200;63.295093536377
2019-11-25;63.5199644753967;64.4218341151165;63.4740242800447;64.4049072265625;84020400;64.4049072265625
2019-11-26;64.5427125081373;64.5959060175754;63.4691761385779;63.9019775390625;105207600;63.9019775390625
2019-11-27;64.213858106644;64.7941534412669;64.1485782019417;64.7602996826172;65235600;64.7602996826172
2019-11-29;64.4605078528704;64.7990086611684;64.2912537593393;64.6176681518555;46617600;64.6176681518555
2019-12-02;64.6225149554267;64.8594692608995;63.6988927065258;63.8705596923828;94487200;63.8705596923828
2019-12-03;62.4560940897012;62.7510749721678;61.9676862654186;62.7317352294922;114430400;62.7317352294922
2019-12-04;63.1234488991747;63.6650504050061;63.0291482555163;63.2854423522949;67181600;63.2854423522949
2019-12-05;63.781095971846;64.2888509530472;63.5248019355877;64.2138900756836;74424400;64.2138900756836
2019-12-06;64.673278161745;65.5243669132671;64.6297508341635;65.4542465209961;106075600;65.4542465209961
2019-12-09;65.2825894207183;65.4760163637922;64.0518926019054;64.5378875732422;128042400;64.5378875732422
2019-12-10;64.9440981467252;65.2995259255182;64.2815956426474;64.9150848388672;90420400;64.9150848388672
2019-12-11;64.9948716412149;65.5485668638118;64.919918136089;65.4687728881836;78756800;65.4687728881836
2019-12-12;64.745813954578;65.9015571507775;64.6345938436401;65.6355895996094;137310400;65.6355895996094
2019-12-13;65.6356054189876;66.564068147853;65.5074583923705;66.5278015136719;133587600;66.5278015136719
2019-12-16;66.975087269417;67.8914632732004;66.9702541793986;67.6665954589844;128186000;67.6665954589844
2019-12-17;67.5964905778056;68.1284183155689;67.4103095976387;67.7995910644531;114158400;67.7995910644531
2019-12-18;67.6521180442475;68.1598731086037;67.4877043674134;67.6376113891602;116028400;67.6376113891602
2019-12-19;67.5795573659543;67.9857583012221;67.4465772886537;67.7052841186523;98369200;67.7052841186523
2019-12-20;68.239652307048;68.3411988706604;67.3522894096879;67.5650634765625;275978000;67.5650634765625
2019-12-23;67.828622807333;68.7280722806152;67.7899359357248;68.6676254272461;98572000;68.6676254272461
2019-12-24;68.834441201634;68.8828016230974;68.4064802488632;68.7328872680664;48478800;68.7328872680664
2019-12-26;68.8658911170786;70.1135150241802;68.8368778088056;70.0965881347656;93121200;70.0965881347656
2019-12-27;70.3891302414896;71.0782256460448;69.6637682111712;70.0699691772461;146266000;70.0699691772461
2019-12-30;69.9877812602842;70.768757246786;68.9626050085422;70.4858627319336;144114400;70.4858627319336
2019-12-31;70.101412779668;71.0081154477763;70.0022790691696;71.000862121582;100805600;71.000862121582
2020-01-02;71.6271070486028;72.6813040972372;71.3732331945455;72.6208572387695;135480400;72.6208572387695
2020-01-03;71.8471328840362;72.676461992668;71.6899725313061;71.9148330688477;146322800;71.9148330688477
2020-01-06;71.0347093825674;72.526533236922;70.783248466283;72.4878463745117;118387200;72.4878463745117
2020-01-07;72.497537089954;72.75383115765;71.9269223365978;72.1469497680664;108872000;72.1469497680664
2020-01-08;71.849510455222;73.6097215938712;71.849510455222;73.307487487793;132079200;73.307487487793
2020-01-09;74.2867638124308;75.0580662647745;74.0353102108718;74.8646392822266;170108400;74.8646392822266
2020-01-10;75.0991389187368;75.5996404143887;74.5309372723757;75.0338516235352;140644800;75.0338516235352
2020-01-13;75.3506140079616;76.6635175599667;75.232133187782;76.6369171142578;121532000;76.6369171142578
2020-01-14;76.5740636268124;76.784417459748;75.4787671273335;75.6020736694336;161954400;75.6020736694336
2020-01-15;75.4013900873266;76.2839124802036;74.8452747291503;75.278076171875;121923600;75.278076171875
2020-01-16;75.8220835930331;76.3322586671137;75.4594026187746;76.2210311889648;108829200;76.2210311889648
2020-01-17;76.4701009224915;77.067316115798;76.1630335704837;77.0649032592773;137816400;77.0649032592773
2020-01-21;76.6925324080834;77.1350000250309;76.404804862761;76.5426254272461;110843200;76.5426254272461
2020-01-22;77.0286236391267;77.3695447452734;76.7215563094664;76.8158569335938;101832400;76.8158569335938
2020-01-23;76.8690425275571;77.2655699702317;76.3201804851689;77.1857833862305;104472000;77.1857833862305
2020-01-24;77.4324088693492;78.1771107571736;76.7723266619763;76.9633407592773;146537600;76.9633407592773
2020-01-27;74.9685680385387;75.3820222466105;73.7161116223251;74.7001876831055;161940000;74.7001876831055
2020-01-28;75.5827414554997;76.9851054006105;75.4836077377007;76.8134384155273;162234000;76.8134384155273
2020-01-29;78.4479108710122;79.2699864084395;77.7056219146783;78.4213104248047;216229200;78.4213104248047
2020-01-30;77.5025294873052;78.3608717418434;77.069728007499;78.3076782226562;126743200;78.3076782226562
2020-01-31;77.5968249132966;78.0199528436781;74.5406361559559;74.8356170654297;199588400;74.8356170654297
2020-02-03;73.5758995816821;75.7979262787201;73.0729850588055;74.6300964355469;173788400;74.6300964355469
2020-02-04;76.2379883415375;77.2849319683498;75.8317872599931;77.0939178466797;136616400;77.0939178466797
2020-02-05;78.22305134186;78.5228727137658;77.1180886115298;77.7225570678711;118826800;77.7225570678711
2020-02-06;77.9933381396351;78.6340730664528;77.4348100167521;78.6316528320312;105425600;78.6316528320312
2020-02-07;78.1299752463605;78.3796069749616;77.0708580347587;77.5628509521484;117684000;77.5628509521484
2020-02-10;76.1450280581884;77.9312286376953;76.0650521291358;77.9312286376953;109348800;77.9312286376953
2020-02-11;78.4280703383573;78.5007757255138;77.2429207537785;77.4610443115234;94323200;77.4610443115234
2020-02-12;77.911865621187;79.3054427065158;77.911865621187;79.3005981445312;113730400;79.3005981445312
2020-02-13;78.571066544504;79.063059412798;78.3674840537901;78.7358703613281;94747600;78.7358703613281
2020-02-14;78.7043707362322;79.0049036423024;78.2463119316686;78.7552719116211;80113600;78.7552719116211
2020-02-18;76.4310339938697;77.495003344497;76.2492630712478;77.313232421875;152531200;77.313232421875
2020-02-19;77.5555836361956;78.6631760901065;77.5555836361956;78.4329299926758;93984000;78.4329299926758
2020-02-20;78.1930016836145;78.6825686859282;77.1217618355973;77.6282958984375;100566000;77.6282958984375
2020-02-21;77.2211236913523;77.6646488254235;75.2531519478122;75.8711700439453;129554000;75.8711700439453
2020-02-24;72.044289538065;73.7214248270358;70.0981294827581;72.2672576904297;222195200;72.2672576904297
2020-02-25;72.9385991622986;73.3215265675217;69.3468047447595;69.8194046020508;230673600;69.8194046020508
2020-02-26;69.4437526290761;72.1945536605526;69.4364820891063;70.927001953125;198054800;70.927001953125
2020-02-27;68.1277440726451;69.3153126350388;66.154920085896;66.290641784668;320605600;66.290641784668
2020-02-28;62.3498589081724;67.4757979787489;62.1341538407317;66.2518692016602;426510000;66.2518692016602
2020-03-02;68.4137218968555;73.057363556735;67.3085553736407;72.4199523925781;341397200;72.4199523925781
2020-03-03;73.5978262892784;73.6778022281249;69.2668255835884;70.1199417114258;319475600;70.1199417114258
2020-03-04;71.8455562598228;73.5323881770252;71.0433412623283;73.372428894043;219178400;73.372428894043
2020-03-05;71.6225801107454;72.5992954638414;70.6264791157543;70.9924468994141;187572800;70.9924468994141
2020-03-06;68.3458532869247;70.4834806861114;68.1592378395454;70.0496520996094;226176800;70.0496520996094
2020-03-09;63.9227676046471;67.3982263851532;63.740996701506;64.5092849731445;286744800;64.5092849731445
2020-03-10;67.1679921622174;69.4219485531025;65.2848407463624;69.1553497314453;285290000;69.1553497314453
2020-03-11;67.2285963425231;68.1568367537378;65.8883314168619;66.7535629272461;255598800;66.7535629272461
2020-03-12;62.0299380142534;65.4375365479754;60.1055891255478;60.1613311767578;418474000;60.1613311767578
2020-03-13;64.1990667683251;67.841755589346;61.3052695273563;67.3691482543945;370732000;67.3691482543945
2020-03-16;58.639292375144;62.7909372712634;58.1666887685274;58.7023086547852;322423600;58.7023086547852
2020-03-17;59.9868209594762;62.4346669290992;57.7789102177596;61.2834548950195;324056000;61.2834548950195
2020-03-18;58.1109466370324;60.5903007064621;57.4686872306608;59.7832374572754;300233600;59.7832374572754
2020-03-19;59.9577429956244;61.278610925435;58.7992566419498;59.3251800537109;271857200;59.3251800537109
2020-03-20;59.9068405548927;61.0338223709701;55.2583544430772;55.5588836669922;401693200;55.5588836669922
2020-03-23;55.2777475699258;55.3795388386754;51.5284191960252;54.3785858154297;336752800;54.3785858154297
2020-03-24;57.2845032916514;60.0304566065502;56.7852397249678;59.8341445922852;287531200;59.8341445922852
2020-03-25;60.7720800926068;62.5897893675601;59.2088508557747;59.5045318603516;303602000;59.5045318603516
2020-03-26;59.7468775506414;62.6939866109975;59.7080988753128;62.6358222961426;252087200;62.6358222961426
2020-03-27;61.2567926600755;62.0129584127718;59.8753345741347;60.0425643920898;204216800;60.0425643920898
2020-03-30;60.7696458092062;61.9281319957842;60.444879005639;61.7560539245605;167976400;61.7560539245605
2020-03-31;61.9475278830098;63.6173928042455;61.0750260318705;61.6300315856934;197002000;61.6300315856934
2020-04-01;59.7420396717742;60.2800818664948;57.955838695418;58.3872413635254;176218400;58.3872413635254
2020-04-02;58.2491007069038;59.4148577030743;57.4153774328144;59.3615379333496;165934000;59.3615379333496
2020-04-03;58.8452971252143;59.5481430904326;57.917053332357;58.508415222168;129880000;58.508415222168
2020-04-06;60.8084277764596;63.7676561607123;60.4400413898221;63.612548828125;201820400;63.612548828125
2020-04-07;65.6314165023949;65.8495475210226;62.7715570176316;62.8757705688477;202887200;62.8757705688477
2020-04-08;63.6779794472066;64.8001129888315;63.3120190639506;64.4850463867188;168895200;64.4850463867188
2020-04-09;65.1224525530899;65.4544861889807;64.1530078252212;64.9503707885742;161834800;64.9503707885742
2020-04-13;65.0279244464044;66.334254693182;64.4268660866242;66.2251892089844;131022800;66.2251892089844
2020-04-14;67.8611498509364;69.8606301590444;67.3885424559632;69.5697937011719;194994800;69.5697937011719
2020-04-15;68.4427986446047;69.3952763471427;68.0138220005389;68.9347915649414;131154400;68.9347915649414
2020-04-16;69.6497737913103;69.8485117816668;68.4306970594707;69.4825439453125;157125200;69.4825439453125
2020-04-17;68.9978077150426;69.5455463707925;67.1001154570163;68.5397415161133;215250000;68.5397415161133
2020-04-20;67.3643014864534;68.2683040689332;67.0977026753731;67.1170883178711;130015200;67.1170883178711
2020-04-21;66.9595507829136;67.1946414383506;64.329930333032;65.0424728393555;180991600;65.0424728393555
2020-04-22;66.3124472580164;67.3521789220712;65.9707244599182;66.9159317016602;116862400;66.9159317016602
2020-04-23;66.8601911265498;68.2852763378751;66.6178298973115;66.656608581543;124814400;66.656608581543
2020-04-24;67.1825264387764;68.5906443947667;67.1340512411025;68.5809478759766;126161200;68.5809478759766
2020-04-27;68.2973839881312;68.9614587132482;67.8490216799885;68.6294250488281;117087600;68.6294250488281
2020-04-28;69.0923230992631;69.2740939873128;67.424884365759;67.516975402832;112004800;67.516975402832
2020-04-29;69.0075050451052;70.2047699284846;68.8039225308347;69.7345886230469;137280800;69.7345886230469
2020-04-30;70.2750603851693;71.3826529846121;69.8848623539426;71.2057266235352;183064000;71.2057266235352
2020-05-01;69.375888747769;72.4659938360976;69.278945753665;70.0593490600586;240616800;70.0593490600586
2020-05-04;70.0835945396136;71.1790645491166;69.39286360999;71.0506134033203;133568000;71.0506134033203
2020-05-05;71.5110937761863;72.9507198696347;71.3656755795828;72.1169967651367;147751200;72.1169967651367
2020-05-06;72.8198564308415;73.4936203852567;72.4345029450412;72.8610610961914;142333600;72.8610610961914
2020-05-07;73.4887514703769;73.9613586924263;73.1858000193903;73.6147766113281;115215200;73.6147766113281
2020-05-08;74.2757907259676;75.4203998179442;73.94771597784;75.3669357299805;133838400;75.3669357299805
2020-05-11;74.8736289600459;77.0486292681932;74.6646302329763;76.5528793334961;145946400;76.5528793334961
2020-05-12;77.2381757553839;77.6901917346119;75.5565003980545;75.6780090332031;162301200;75.6780090332031
2020-05-13;75.8578447608163;76.7813149024987;73.6852696186672;74.7642669677734;200622400;74.7642669677734
2020-05-14;74.0011876363726;75.2843184624735;73.2769935373758;75.2235641479492;158929200;75.2235641479492
2020-05-15;72.9902281879312;74.8250053499965;72.9562022151281;74.7788314819336;166348400;74.7788314819336
2020-05-18;76.1057300865597;76.9149744215676;75.4131293075607;76.5407257080078;135178400;76.5407257080078
2020-05-19;76.5577255744936;77.4058534215439;76.0668333890782;76.0984268188477;101729600;76.0984268188477
2020-05-20;76.9587163556624;77.6488845938643;76.9198326979229;77.5784149169922;111504800;77.5784149169922
2020-05-21;77.4398912231605;77.9818224546394;76.7618709013521;77.0000305175781;102688800;77.0000305175781
2020-05-22;76.7375532764715;77.5783982893044;76.6354901860429;77.4957733154297;81803200;77.4957733154297
2020-05-26;78.6160720213084;78.7959023939844;76.9149514520684;76.9708480834961;125522000;76.9708480834961
2020-05-27;76.8274765188933;77.4520252113005;76.0862694610132;77.3062133789062;112945200;77.3062133789062
2020-05-28;76.9805722755511;78.6015006101808;76.7035364646403;77.3402404785156;133560800;77.3402404785156
2020-05-29;77.5832598525588;78.0449911609041;76.9076721699152;77.2649078369141;153532400;77.2649078369141
2020-06-01;77.2187460087019;78.3366270565252;77.0875145919503;78.2151184082031;80791200;78.2151184082031
2020-06-02;77.9477728781557;78.6014897895959;77.5054797603232;78.5771865844727;87642800;78.5771865844727
2020-06-03;78.8979873872977;79.2722360578547;78.324462776391;79.0097732543945;104491200;79.0097732543945
2020-06-04;78.8323779872638;79.1312844913204;77.9550817614704;78.3293304443359;87560400;78.3293304443359
2020-06-05;78.5796296960747;80.620973123864;78.5504688125246;80.5602188110352;137250400;80.5602188110352
2020-06-08;80.2564613624443;81.0705707807964;79.5444224707681;81.0365447998047;95654400;81.0365447998047
2020-06-09;80.7157561673777;83.989191534706;80.6841627370204;83.5955047607422;147712400;83.5955047607422
2020-06-10;84.5457023463401;86.2152297176782;84.1058417038533;85.746208190918;166651600;85.746208190918
2020-06-11;84.8883559626289;85.3136361549305;81.5274306203534;81.6294937133789;201662400;81.6294937133789
2020-06-12;83.7729092002367;84.5213990892559;81.221227999588;82.3342437744141;200146000;82.3342437744141
2020-06-15;80.9855073864482;84.0062103531638;80.8226825480362;83.3524932861328;138808800;83.3524932861328
2020-06-16;85.4108539056506;85.8337090295655;83.7729197588637;85.5615234375;165428800;85.5615234375
2020-06-17;86.3075924703293;86.3683467952298;85.3209428272499;85.4424514770508;114406400;85.4424514770508
2020-06-18;85.3986960149522;85.8944533006873;84.8664876235671;85.4764633178711;96820400;85.4764633178711
2020-06-19;86.1836549166524;86.6502439583284;83.8774158013372;84.9880065917969;264476000;84.9880065917969
2020-06-22;85.3817040287766;87.3550034738647;85.3355301448295;87.2116241455078;135445200;87.2116241455078
2020-06-23;88.4582867176972;90.4947726369816;88.0378641686495;89.0731201171875;212155600;89.0731201171875
2020-06-24;88.7012993067053;89.6223367925083;87.126544802571;87.5007934570312;192623200;87.5007934570312
2020-06-25;87.6563194272996;88.701290568852;86.8956742969098;88.6624069213867;137522400;88.6624069213867
2020-06-26;88.5579436097149;88.7790902637141;85.789972739504;85.9382171630859;205256800;85.9382171630859
2020-06-29;85.8458704873896;88.0135883004485;85.3671260580832;87.9188079833984;130646000;87.9188079833984
2020-06-30;87.5056604531836;88.939468363357;87.4862223336144;88.652702331543;140223200;88.652702331543
2020-07-01;88.7304580379637;89.2748143102979;88.4364092390294;88.4850082397461;110737200;88.4850082397461
2020-07-02;89.3938978070944;90.0306018219777;88.3707972507278;88.4850082397461;114041600;88.4850082397461
2020-07-06;89.9163870616573;91.3210265412658;89.8847936309468;90.8520050048828;118655600;90.8520050048828
2020-07-07;91.2311214592407;92.0112048812715;90.4583282592363;90.5701141357422;112424400;90.5701141357422
2020-07-08;91.5494754586383;92.7110978294165;91.4619853761638;92.6795043945312;117092000;92.6795043945312
2020-07-09;93.5738062764713;93.6272703779109;92.0282198433449;93.0780563354492;125642800;93.0780563354492
2020-07-10;92.6722004902711;93.2991891704893;92.0597996685609;93.2408599853516;90257200;93.2408599853516
2020-07-13;94.5482942710954;97.1631623533042;92.5968659763704;92.8107223510742;191649200;92.8107223510742
2020-07-14;92.191026386989;94.5385740643926;91.2554158467695;94.3465957641602;170989200;94.3465957641602
2020-07-15;96.2251197193346;96.4754272200606;93.7949469292573;94.9954528808594;153198000;94.9954528808594
2020-07-16;93.8654293721476;94.6843964625213;93.2262927052841;93.826545715332;110577600;93.826545715332
2020-07-17;94.2785319005982;94.4340590623422;93.1630763529722;93.636962890625;92186800;93.636962890625
2020-07-20;93.7244814019491;95.7488121624144;93.3793935873292;95.6102905273438;90318000;95.6102905273438
2020-07-21;96.4025235355618;96.4778582976036;94.0403953229081;94.2907028198242;103433200;94.2907028198242
2020-07-22;93.9917783438601;95.238458012771;93.9042956943986;94.5555801391602;89001600;94.5555801391602
2020-07-23;94.2882839897705;94.3660513090937;89.4400930918827;90.2517700195312;197004400;90.2517700195312
2020-07-24;88.4461454719811;90.3732707976286;86.6551018188381;90.0281829833984;185438800;90.0281829833984
2020-07-27;91.0925832104211;92.2542053446725;90.8690114981857;92.1618576049805;121214000;92.1618576049805
2020-07-28;91.731720135908;91.909125395339;90.64300020406;90.6478652954102;103625600;90.6478652954102
2020-07-29;91.131482185677;92.5701477809531;91.0950310760625;92.3854522705078;90329200;92.3854522705078
2020-07-30;91.5567631965362;93.6078296992728;91.1484959328642;93.5033340454102;158130000;93.5033340454102
2020-07-31;100.011335147016;103.442738010937;98.0088676835104;103.292068481445;374336800;103.292068481445
2020-08-03;105.177871477686;108.519358939811;104.878964982051;105.894775390625;308151200;105.894775390625
2020-08-04;106.08434642849;107.695552386334;105.360152172154;106.601974487305;173071600;106.601974487305
2020-08-05;106.322500151723;107.309149785799;105.855903677574;106.98836517334;121776800;106.98836517334
2020-08-06;107.321290465021;111.216857183395;106.730760252013;110.721099853516;202428800;110.721099853516
2020-08-07;110.241509892852;110.699207374269;107.405255097089;108.203788757324;198045600;108.203788757324
2020-08-10;109.652332231303;110.796575808124;107.120397059467;109.776496887207;212403600;109.776496887207
2020-08-11;109.038833408334;109.537914133104;106.251265399147;106.511764526367;187902400;106.511764526367
2020-08-12;107.604858540827;110.309652116245;107.410097176998;110.05158996582;165598000;110.05158996582
2020-08-13;111.434426275975;113.004716863772;110.945078455376;111.999244689941;210082000;111.999244689941
2020-08-14;111.823951102151;111.989499013223;110.085675746878;111.899421691895;165565200;111.899421691895
2020-08-17;113.024181651189;113.048528679751;110.979157556358;111.607269287109;119561600;111.607269287109
2020-08-18;111.358968881807;112.963339558545;111.022999140062;112.537292480469;105633600;112.537292480469
2020-08-19;112.946284535175;114.095394550255;112.583538294097;112.678482055664;145538000;112.678482055664
2020-08-20;112.719877970328;115.293203965428;112.702834305008;115.178779602051;126907200;115.178779602051
2020-08-21;116.140404554621;121.598678312606;116.128234755551;121.114204406738;338054800;121.114204406738
2020-08-24;125.328424986988;125.41364330957;120.693038596799;122.562774658203;345937600;122.562774658203
2020-08-25;121.433139532204;121.903006742612;119.831198595724;121.55729675293;211495600;121.55729675293
2020-08-26;122.876840133176;123.668070378593;121.808067096971;123.210372924805;163022400;123.210372924805
2020-08-27;123.814108551219;124.147641244282;120.590754159505;121.737434387207;155552400;121.737434387207
2020-08-28;122.713694466949;123.132438062608;121.316262813497;121.540245056152;187630000;121.540245056152
2020-08-31;124.240185300104;127.570654026688;122.701545094371;125.661956787109;225702700;125.661956787109
2020-09-01;129.284563881512;131.271168475949;127.112945645435;130.667388916016;151948100;130.667388916016
2020-09-02;133.98814167967;134.367931598021;123.675372092672;127.960182189941;200119000;127.960182189941
2020-09-03;123.587727849965;125.467196786094;117.345526563617;117.715576171875;257599600;117.715576171875
2020-09-04;116.926763995581;120.461733873434;107.987081044879;117.793464660645;332607200;117.793464660645
2020-09-08;110.966993127484;115.875055979033;109.730242688367;109.866577148438;231366600;109.866577148438
2020-09-09;114.190314235828;116.021096030296;112.242671183542;114.248741149902;176940500;114.248741149902
2020-09-10;117.209169587314;117.345504018356;109.55493113747;110.519012451172;182274400;110.519012451172
2020-09-11;111.570752803753;112.213478697364;107.120387894767;109.068031311035;180860300;109.068031311035
2020-09-14;111.716834921253;112.895158374325;109.847098901319;112.34008026123;140150100;112.34008026123
2020-09-15;115.232329167741;115.719240041503;110.635889330676;112.515365600586;184642000;112.515365600586
2020-09-16;112.213486944715;112.963326446035;109.106993089955;109.194633483887;154679000;109.194633483887
2020-09-17;106.847719970666;109.262793668045;105.864157956256;107.451484680176;178011000;107.451484680176
2020-09-18;107.509916357198;107.977346609067;103.312739809596;104.043106079102;287104900;104.043106079102
2020-09-21;101.803329675073;107.305424212727;100.401023935724;107.198303222656;195713800;107.198303222656
2020-09-22;109.730223110176;109.90551130323;106.302374193379;108.882995605469;183055400;108.882995605469
2020-09-23;108.697986132884;109.175156708861;103.974944713675;104.315788269043;150718700;104.315788269043
2020-09-24;102.416841444596;107.363858190129;102.251293514408;105.387001037598;167743300;105.387001037598
2020-09-25;105.591500954532;109.496528559473;104.851394286015;109.340713500977;149981400;109.340713500977
2020-09-28;111.999232690771;112.301115031904;109.827607090951;111.950538635254;137672400;111.950538635254
2020-09-29;111.55127413309;112.291373245382;110.596925637165;111.103309631348;99382200;111.103309631348
2020-09-30;110.81117321087;114.190335731439;110.645625303383;112.778289794922;142675200;112.778289794922
2020-10-01;114.560374759553;114.638282272258;112.797760005199;113.732627868652;116120400;113.732627868652
2020-10-02;109.934738547763;112.349819796023;109.282279747792;110.061332702637;144712000;110.061332702637
2020-10-05;110.928046162232;113.59631584659;110.577469715567;113.450241088867;106243800;113.450241088867
2020-10-06;112.671194028585;113.080204884644;109.311511350915;110.197692871094;161498200;110.197692871094
2020-10-07;111.619456198423;112.525110759937;111.142278172157;112.067413330078;96849000;112.067413330078
2020-10-08;113.206771951912;113.352846691977;111.590224373282;111.96028137207;83477200;111.96028137207
2020-10-09;112.262167372538;113.937141929827;111.911590956842;113.907928466797;100506900;113.907928466797
2020-10-12;116.917020079604;121.9029893958;116.157440412808;121.143409729004;240226800;121.143409729004
2020-10-13;121.990652278016;122.107513567415;116.517778577073;117.929817199707;262330500;117.929817199707
2020-10-14;117.832427551286;119.809284444598;116.488556258853;118.017456054688;150712000;118.017456054688
2020-10-15;115.612115178261;118.027188870526;115.057037097971;117.550018310547;112559200;117.550018310547
2020-10-16;118.105113460825;118.368049522458;115.699772288697;115.904273986816;115393800;115.904273986816
2020-10-19;116.819638203487;117.26759524777;112.632209782757;112.943832397461;120639300;112.943832397461
2020-10-20;113.15808061204;115.865311227862;112.603002530201;114.433792114258;124423700;114.433792114258
2020-10-21;113.615785689906;115.602383019668;113.401543708803;113.810554504395;89946000;113.810554504395
2020-10-22;114.375373323712;114.949932078706;111.590242238019;112.719879150391;101988000;112.719879150391
2020-10-23;113.343115549031;113.498930598931;111.288351013919;112.028457641602;82572600;112.028457641602
2020-10-26;111.025402139751;113.498909882912;109.924978982279;112.038177490234;111850700;112.038177490234
2020-10-27;112.466679866523;114.209821815186;111.541552109761;113.547622680664;92276800;113.547622680664
2020-10-28;112.038182572897;112.408232121149;108.191582639875;108.288963317871;143937800;108.288963317871
2020-10-29;109.42835336524;113.868978193841;109.262798020218;112.301124572754;146129200;112.301124572754
2020-10-30;108.152651356626;109.058305966552;104.900089971743;106.010246276855;190272600;106.010246276855
2020-11-02;106.253672473303;107.782572046429;104.51053096527;105.922569274902;122866900;105.922569274902
2020-11-03;106.789286567586;108.571374554928;105.883632128586;107.548866271973;107624400;107.548866271973
2020-11-04;111.152010313637;112.564048833065;109.408868546613;111.940803527832;138235500;111.940803527832
2020-11-05;114.862272193981;116.488560159539;113.810550352789;115.914001464844;126387100;115.914001464844
2020-11-06;115.421372142221;116.279811042938;113.285020828547;115.78231048584;114457900;115.78231048584
2020-11-09;117.547965194167;119.001460771177;113.206985224158;113.470367431641;154515300;113.470367431641
2020-11-10;112.719243030889;114.70926027821;111.334024731789;113.128952026367;138023400;113.128952026367
2020-11-11;114.319056357728;116.699275647905;113.587430020309;116.562705993652;112295000;116.562705993652
2020-11-12;116.689532996971;117.577235802927;115.665253086072;116.289573669434;103162300;116.289573669434
2020-11-13;116.513954294661;116.738315573451;114.982416543939;116.338363647461;81581900;116.338363647461
2020-11-16;116.006684990445;118.025973640169;115.255551796775;117.352882385254;91183000;117.352882385254
2020-11-17;116.621248051502;117.71380535007;116.045698095302;116.46516418457;74271000;116.46516418457
2020-11-18;115.704273994299;116.884630329197;115.109217275695;115.138481140137;76322100;115.138481140137
2020-11-19;114.709263436609;116.143252402756;113.948373154773;115.733543395996;74113000;115.733543395996
2020-11-20;115.733548554314;115.860361126109;114.416622435326;114.465393066406;73604300;114.465393066406
2020-11-23;114.309321174357;114.738544422874;110.963349118619;111.060897827148;127959300;111.060897827148
2020-11-24;111.119414342262;113.011882785834;109.831744812992;112.348541259766;113874200;112.348541259766
2020-11-25;112.719232799374;113.889831949482;112.348537362598;113.187469482422;76499200;113.187469482422
2020-11-27;113.714257884841;114.611717860057;113.372833703236;113.733764648438;46691300;113.733764648438
2020-11-30;114.104460991228;118.006468678684;113.948377111335;116.133506774902;169410200;116.133506774902
2020-12-01;118.045492721973;120.445226619137;117.069990774712;119.713600158691;127728200;119.713600158691
2020-12-02;119.030713811517;120.347647056659;117.928399573033;120.064750671387;89004200;120.064750671387
2020-12-03;120.493985184527;120.747617749313;119.216080143183;119.928199768066;78967600;119.928199768066
2020-12-04;119.596528232253;119.850160803323;118.542984422415;119.255104064941;78260400;119.255104064941
2020-12-07;119.313613152406;121.518249126474;119.255085430723;120.718338012695;86712000;120.718338012695
2020-12-08;121.323158971169;121.918215651943;120.074510441972;121.332908630371;82225500;121.332908630371
2020-12-09;121.479237920243;122.864448689556;118.035717758259;118.796607971191;115089200;118.796607971191
2020-12-10;117.547960130532;120.835403686507;117.206536008692;120.220832824707;81312200;120.220832824707
2020-12-11;119.43068535012;119.75260272945;117.596744650354;119.411178588867;86939800;119.411178588867
2020-12-14;119.596519149209;120.32814549895;118.562489623171;118.796607971191;79184500;118.796607971191
2020-12-15;121.293899592641;124.766691329322;121.089045091943;124.747177124023;157243700;124.747177124023
2020-12-16;124.288676424834;125.225149730707;123.459494017468;124.678871154785;98208600;124.678871154785
2020-12-17;125.742170738997;126.405519675082;124.903238631139;125.547073364258;94359800;125.547073364258
2020-12-18;125.800717334748;125.937286989892;123.030288382223;123.557060241699;192541500;123.557060241699
2020-12-21;121.957232622289;125.166634460045;120.425695083176;125.088592529297;121251600;125.088592529297
2020-12-22;128.385825975758;131.117234705091;126.473835399731;128.649215698242;168904800;128.649215698242
2020-12-23;128.922346542091;129.185721362148;127.576149032998;127.751747131348;88223700;127.751747131348
2020-12-24;128.10292916876;130.190502843322;127.888317538993;128.736999511719;54930100;128.736999511719
2020-12-28;130.707517228276;133.975439969528;130.239265555068;133.341369628906;124486200;133.341369628906
2020-12-29;134.668005695677;135.389867389952;131.048888026504;131.565902709961;121047300;131.565902709961
2020-12-30;132.258510128893;132.658469361565;130.13190887796;130.444076538086;96452100;130.444076538086
2020-12-31;130.795262488508;131.439097147295;128.493078008433;129.439315795898;99116600;129.439315795898
2021-01-04;130.248997847087;130.336789432206;123.654603932213;126.239685058594;143301900;126.239685058594
2021-01-05;125.732417173282;128.512603053106;125.283679828846;127.800476074219;97664900;127.800476074219
2021-01-06;124.591084535305;127.839507144687;123.283908321948;123.498519897461;155088000;123.498519897461
2021-01-07;125.215402585592;128.405297408635;124.727651720875;127.712684631348;109578200;127.712684631348
2021-01-08;129.185698268262;129.380810539323;127.039597251384;128.815017700195;105158200;128.815017700195
2021-01-11;126.025075237643;126.981062798304;125.351976639075;125.820213317871;100384500;125.820213317871
2021-01-12;125.351984536971;126.512834090544;123.752162139058;125.644638061523;91951100;125.644638061523
2021-01-13;125.60562488862;128.229727498277;125.342250081055;127.683448791504;88636800;127.683448791504
2021-01-14;127.59564337383;127.790740764414;125.605611288935;125.751945495605;90221800;125.751945495605
2021-01-15;125.625113711581;127.029838608004;123.888721793773;124.025291442871;111598500;124.025291442871
2021-01-19;124.649631962039;125.556856471926;123.830213935996;124.69841003418;90757300;124.69841003418
2021-01-20;125.508050530587;129.244223775278;125.400744749696;128.795486450195;104319500;128.795486450195
2021-01-21;130.522154231099;136.248345490788;130.317292287364;133.516937255859;120150900;133.516937255859
2021-01-22;132.941381849882;136.423930361381;131.712254961399;135.663040161133;114459400;135.663040161133
2021-01-25;139.565020083049;141.53552258412;133.194980985317;139.418685913086;157611700;139.418685913086
2021-01-26;140.08205517648;140.764903414358;137.90667558906;139.65283203125;98390600;139.65283203125
2021-01-27;139.91619014601;140.764886676792;136.970185972176;138.57975769043;140843800;138.57975769043
2021-01-28;136.101998426686;138.511488764699;133.351076547021;133.731521606445;142621100;133.731521606445
2021-01-29;132.502437083489;133.390147466754;127.020120663065;128.727249145508;177523800;128.727249145508
2021-02-01;130.473345236417;132.063417683612;127.722423448141;130.853790283203;106239800;130.853790283203
2021-02-02;132.404891176856;132.97068416102;131.312333626737;131.683029174805;83305400;131.683029174805
2021-02-03;132.434112108336;132.443876652212;130.336789301617;130.658706665039;89880900;130.658706665039
2021-02-04;132.9608767051;134.033919579699;131.292762348852;134.024169921875;84183100;134.024169921875
2021-02-05;134.185395716403;134.253775130887;132.729720668459;133.608978271484;75693800;133.608978271484
2021-02-08;132.895794583733;133.804374636243;131.811368983315;133.755523681641;71297200;133.755523681641
2021-02-09;133.472212416757;134.703191022344;132.71996427692;132.876266479492;76774200;132.876266479492
2021-02-10;133.335435926356;133.833694840153;131.303358262572;132.270553588867;73046600;132.270553588867
2021-02-11;132.768788600724;133.247504116964;130.68787502593;132.016540527344;64280000;132.016540527344
2021-02-12;131.254519090609;132.407324182935;130.609722221739;132.251007080078;60145100;132.251007080078
2021-02-16;132.368240787748;132.876248966788;129.730438356127;130.121231079102;80576300;130.121231079102
2021-02-17;128.225927740582;129.173579599128;126.486941113135;127.825370788574;97918500;127.825370788574
2021-02-18;126.223161414325;127.004731977167;124.474410510123;126.721420288086;96856700;126.721420288086
2021-02-19;127.239208840626;127.698380991686;125.832384795439;126.877723693848;87668800;126.877723693848
2021-02-22;125.060576480093;126.731183734198;122.706108031538;123.096893310547;103916400;123.096893310547
2021-02-23;120.908507730738;123.790535224803;115.662232622529;122.960121154785;158273000;122.960121154785
2021-02-24;122.061326383055;122.667036522932;119.413766944254;122.461875915527;111039900;122.461875915527
2021-02-25;121.80731459673;123.546301368954;117.762702735558;118.202331542969;148199500;118.202331542969
2021-02-26;119.765468403747;121.973399087529;118.407495217066;118.466117858887;164560400;118.466117858887
2021-03-01;120.898740012577;124.982431084479;119.960859772367;124.845657348633;116307900;124.845657348633
2021-03-02;125.451364798396;125.754219838507;122.129701224112;122.237167358398;102260900;122.237167358398
2021-03-03;121.934311633755;122.813576665996;119.032740754164;119.247673034668;112966300;119.247673034668
2021-03-04;118.944813843849;120.75218734788;115.886933427918;117.36213684082;178155000;117.36213684082
2021-03-05;118.192564151061;119.130444381083;114.861128662502;118.622421264648;153766600;118.622421264648
2021-03-08;118.143713119107;118.212099986244;113.532463067562;113.679008483887;154376600;113.679008483887
2021-03-09;116.287499192389;119.247685567369;116.053030977019;118.300033569336;129525800;118.300033569336
2021-03-10;118.886206577074;119.355142973454;116.697811881936;117.215606689453;111943300;117.215606689453
2021-03-11;119.716624597065;120.371185709136;118.466117560988;119.14998626709;103026500;119.14998626709
2021-03-12;117.625927488557;118.378183038025;116.414499772932;118.241409301758;88105100;118.241409301758
2021-03-15;118.612674263979;121.142996170781;117.645478847306;121.133224487305;92403800;121.133224487305
2021-03-16;122.803798002728;124.288780518006;121.846381930413;122.676795959473;115227900;122.676795959473
2021-03-17;121.191819602871;122.960113776239;119.521212427632;121.885459899902;111932600;121.885459899902
2021-03-18;120.048790845647;120.341881701918;117.547776698949;117.752937316895;121229700;117.752937316895
2021-03-19;117.137434286844;118.63218098566;116.922502024916;117.225357055664;185549500;117.225357055664
2021-03-22;117.557534015159;121.015971409892;117.489147150868;120.547027587891;111912300;120.547027587891
2021-03-23;120.488420320114;121.377449614296;119.325836097189;119.716621398926;95467100;119.716621398926
2021-03-24;119.990161712616;120.06832025902;117.303523172235;117.323059082031;88530500;117.323059082031
2021-03-25;116.785743289776;118.856900179852;116.258184248333;117.811546325684;98844700;117.811546325684
2021-03-26;117.577081031557;118.68105009975;116.180028568835;118.417266845703;94071200;118.417266845703
2021-03-29;118.847128325086;119.755700986205;117.948327346277;118.593116760254;80819200;118.593116760254
2021-03-30;117.342619425062;117.625938606568;116.121419911816;117.13745880127;85671900;117.13745880127
2021-03-31;118.847129665485;120.674039237031;118.358649894936;119.335609436035;118323800;119.335609436035
2021-04-01;120.810804786973;121.318820402976;119.66775660715;120.166007995605;75089100;120.166007995605
2021-04-05;121.015964873257;123.253202817944;120.23439436334;122.99919128418;88651200;122.99919128418
2021-04-06;123.585359209319;124.200840923663;122.754945242903;123.302040100098;80171300;123.302040100098
2021-04-07;122.930804065325;124.972645649778;122.256699688826;124.953109741211;83466700;124.953109741211
2021-04-08;125.978943887045;127.385768168212;125.558858393008;127.356460571289;88844600;127.356460571289
2021-04-09;126.809355517753;129.974694992676;126.486957069896;129.935623168945;106686700;129.935623168945
2021-04-12;129.466662835366;129.789061223675;127.620210180296;128.216156005859;91420000;128.216156005859
2021-04-13;129.388532052111;131.557383560761;128.890273114554;131.332672119141;91266500;131.332672119141
2021-04-14;131.830916521037;131.889531705529;128.626490572917;128.98796081543;87222800;128.98796081543
2021-04-15;130.736721478714;131.889526480636;130.560861024987;131.40104675293;89347100;131.40104675293
2021-04-16;131.20568244452;131.567152740489;130.209179439133;131.068908691406;84922400;131.068908691406
2021-04-19;130.433857408858;132.348704587013;130.267776082813;131.733215332031;94264200;131.733215332031
2021-04-20;131.909071725715;132.407315688485;128.773025269924;130.043075561523;94812300;130.043075561523
2021-04-21;129.310339211106;130.668312101328;128.274764692878;130.424072265625;68847100;130.424072265625
2021-04-22;129.974686185671;131.059111834175;128.382252326984;128.900039672852;84566500;128.900039672852
2021-04-23;129.114983427317;132.006775475421;129.114983427317;131.225219726562;78657500;131.225219726562
2021-04-26;131.723448194522;131.948144700419;130.482705483564;131.615982055664;66905100;131.615982055664
2021-04-27;131.899289186619;132.290081908605;131.020031649781;131.293579101562;66015800;131.293579101562
2021-04-28;131.215419255116;131.909067012747;130.01376332477;130.502243041992;107760100;130.502243041992
2021-04-29;133.325670689116;133.911852380721;129.398289132695;130.404556274414;151101000;130.404556274414
2021-04-30;128.743725865702;130.482712639157;128.050092946395;128.431106567383;109839500;128.431106567383
2021-05-03;128.997741504088;130.980983244848;128.792588332189;129.486221313477;75135100;129.486221313477
2021-05-04;128.16733051029;128.460421367621;123.780776601258;124.904281616211;137564700;124.904281616211
2021-05-05;126.223175654061;127.444375137763;125.021519536119;125.148529052734;84000900;125.148529052734
2021-05-06;124.943343841634;126.760489020411;124.20085257038;126.75072479248;78128300;126.75072479248
2021-05-07;128.052302809709;128.45352525313;126.711584618392;127.425987243652;78973300;127.425987243652
2021-05-10;126.643079290801;126.770289597549;124.098664100273;124.137809753418;88071200;124.137809753418
2021-05-11;120.859435605391;123.570206705876;120.14504051463;123.217910766602;126142800;123.217910766602
2021-05-12;120.7615694535;121.975054755738;119.636156265317;120.145034790039;112172300;120.145034790039
2021-05-13;121.916358590912;123.452790144681;121.603200804993;122.29801940918;105861300;122.29801940918
2021-05-14;123.550658567316;125.155593257543;123.159209442958;124.724998474121;81918000;124.724998474121
2021-05-17;124.108449072034;124.216097748746;122.493726387631;123.570205688477;74244600;123.570205688477
2021-05-18;123.854025460009;124.274831953153;122.112084733218;122.180587768555;63342900;122.180587768555
2021-05-19;120.526723777591;122.249087901235;120.233135080965;122.02400970459;92612000;122.02400970459
2021-05-20;122.552460337378;124.989219550504;122.425235089295;124.587982177734;76857100;124.587982177734
2021-05-21;125.087067519386;125.263219220065;122.532871592675;122.748168945312;79295400;122.748168945312
2021-05-24;123.315770523362;125.204505311937;123.247267498544;124.382461547852;63092900;124.382461547852
2021-05-25;125.087087690151;125.576404685403;123.619159103207;124.18675994873;72009500;124.18675994873
2021-05-26;124.245458432999;124.666264871469;123.717003314948;124.137809753418;56575900;124.137809753418
2021-05-27;123.736596346833;124.910936232432;122.405673827811;122.60139465332;94625600;122.60139465332
2021-05-28;122.885174846189;123.110260478113;121.886986854389;121.945701599121;71311100;121.945701599121
2021-06-01;122.40565507263;122.66987889321;121.290030112369;121.622756958008;67637100;121.622756958008
2021-06-02;121.622771493115;122.562244863177;121.397693297994;122.386093139648;59278900;122.386093139648
2021-06-03;122.014222831302;122.18058627705;120.497360325018;120.898597717285;76229200;120.898597717285
2021-06-04;121.417262664381;123.462580318041;121.201965283335;123.198348999023;75169300;123.198348999023
2021-06-07;123.472338428184;123.619132748838;122.16099275389;123.208114624023;71057600;123.208114624023
2021-06-08;123.893145325038;125.713384455607;123.511484569581;124.030151367188;74403800;124.030151367188
2021-06-09;124.490118396982;125.018573537241;123.814868917829;124.411827087402;56877900;124.411827087402
2021-06-10;124.304189976702;125.449179953669;123.247287064051;123.413650512695;71186400;123.413650512695
2021-06-11;123.824646156325;124.715192924276;123.403839737696;124.627113342285;53522400;124.627113342285
2021-06-14;125.087078191613;127.748915555477;124.353113953875;127.690200805664;96906500;127.690200805664
2021-06-15;127.161745096173;127.807637168412;126.62350170264;126.868156433105;62746300;126.868156433105
2021-06-16;127.582538253368;128.091424250667;125.713387546481;127.367240905762;91815000;127.367240905762
2021-06-17;127.024741098366;129.715943177007;126.877939298189;128.972183227539;96721700;128.972183227539
2021-06-18;127.915286139717;128.698169332967;127.455334050786;127.670631408691;108953300;127.670631408691
2021-06-21;127.514060194625;129.578946906348;126.447369055819;129.471298217773;79663300;129.471298217773
2021-06-22;129.304935482348;131.213239578809;128.805830226899;131.115371704102;74783600;131.115371704102
2021-06-23;130.909864866196;131.448108290596;130.381402255861;130.841354370117;60214200;130.841354370117
2021-06-24;131.575297900197;131.761237865963;130.087793106608;130.557540893555;68711000;130.557540893555
2021-06-25;130.606484378472;131.027283335965;129.970373136801;130.263961791992;70783700;130.263961791992
2021-06-28;130.557536173743;132.358191160997;130.498821435632;131.898239135742;62111300;131.898239135742
2021-06-29;131.917829646084;133.571697962996;131.477454131132;133.415115356445;64556100;133.415115356445
2021-06-30;133.258544631365;134.472037541521;132.964955951041;134.031661987305;63261400;134.031661987305
2021-07-01;133.679333910471;134.393721452599;132.857282770619;134.335006713867;52485800;134.335006713867
2021-07-02;134.951546469148;137.006652225547;134.804759600494;136.967514038086;78852600;136.967514038086
2021-07-06;137.075170665615;140.089304048673;137.075170665615;138.983474731445;108181800;138.983474731445
2021-07-07;140.470981956829;141.792123742244;139.609807285098;141.478973388672;104911600;141.478973388672
2021-07-08;138.552857304153;140.979827848783;137.662310575011;140.177368164062;105575500;140.177368164062
2021-07-09;139.697844116397;142.535832874993;139.599976256084;142.007385253906;99890800;142.007385253906
2021-07-12;143.083891235203;143.191539923013;140.921136664684;141.410446166992;76299700;141.410446166992
2021-07-13;140.950500009054;144.307171101952;140.559058363647;142.526077270508;100827100;142.526077270508
2021-07-14;144.933490970092;146.372062204842;144.522457817984;145.961029052734;127050800;145.961029052734
2021-07-15;146.049118954938;146.792864090615;143.945078943447;145.305358886719;106820300;145.305358886719
2021-07-16;145.285742434516;146.557934830555;142.760904332968;143.259994506836;93251400;143.259994506836
2021-07-19;140.676473978167;140.989639209599;138.640944771483;139.404266357422;121434600;139.404266357422
2021-07-20;140.392689160556;143.954861744827;139.903379657592;143.025161743164;96350000;143.025161743164
2021-07-21;142.418423980763;143.005601362459;141.537672840759;142.291198730469;74993500;142.291198730469
2021-07-22;142.819626877483;145.031299940467;142.692401657907;143.661239624023;77338200;143.661239624023
2021-07-23;144.395191193649;145.54017327299;143.778656638412;145.383590698242;71447400;145.383590698242
2021-07-26;145.09983651776;146.626479697079;144.542016546257;145.804443359375;72434100;145.804443359375
2021-07-27;145.931642377513;146.019729425304;142.437980746332;143.631896972656;104818600;143.631896972656
2021-07-28;141.713809298092;143.827629836839;139.492340076374;141.880172729492;118931200;141.880172729492
2021-07-29;141.596392163262;143.41662418623;141.488743470894;142.526077270508;56699500;142.526077270508
2021-07-30;141.292996527305;143.20130032782;141.028765252607;142.741348266602;70440600;142.741348266602
2021-08-02;143.230666685577;143.808048268426;142.144399079817;142.408630371094;62880000;142.408630371094
2021-08-03;142.692442284999;144.874758600585;142.075907500792;144.20930480957;64786600;144.20930480957
2021-08-04;144.12124023339;144.630111418179;143.152401940639;143.808074951172;56368300;143.808074951172
2021-08-05;143.837403885358;144.679016749207;143.044724953746;143.91569519043;46397700;143.91569519043
2021-08-06;143.435469239283;144.180328577589;142.729806727241;143.229644775391;54126800;143.229644775391
2021-08-09;143.288458778068;143.778501396977;142.62200799471;143.180648803711;48908700;143.180648803711
2021-08-10;143.523661555049;144.768373794432;142.406365161679;142.700393676758;69023100;142.700393676758
2021-08-11;143.141464576045;143.798119948604;142.631816020136;142.95524597168;48493500;142.95524597168
2021-08-12;143.278654002215;146.081698198489;142.935618209296;145.924880981445;72282600;145.924880981445
2021-08-13;146.003306173214;146.46394745378;145.317249464367;146.130722045898;59375000;146.130722045898
2021-08-16;145.581866969384;148.179102042416;143.553098131913;148.110488891602;103296000;148.110488891602
2021-08-17;147.238186693682;148.659307158584;146.120890230011;147.198989868164;92229700;147.198989868164
2021-08-18;146.816777733788;147.718454395563;143.239457493742;143.445281982422;86326000;143.445281982422
2021-08-19;142.141732672222;145.052586448011;141.622288795524;143.778472900391;86960300;143.778472900391
2021-08-20;144.503766654332;145.542654590611;143.856906822528;145.238830566406;60549600;145.238830566406
2021-08-23;145.356418036725;147.198982800771;144.944784091442;146.728546142578;60131800;146.728546142578
2021-08-24;146.473737643861;147.855661435751;146.179709077833;146.640350341797;48606400;146.640350341797
2021-08-25;146.826546429322;147.326399401435;144.85658076221;145.405426025391;58991300;145.405426025391
2021-08-26;145.395657764676;146.150312665306;144.57237476094;144.601776123047;48597200;144.601776123047
2021-08-27;144.542950008535;145.787662304324;143.905900659422;145.640655517578;55802400;145.640655517578
2021-08-30;146.032672065972;150.433259312667;145.650439495673;150.070617675781;90956700;150.070617675781
2021-08-31;149.619792605243;149.757003918891;148.277065869992;148.80632019043;86453100;148.80632019043
2021-09-01;149.786428032184;151.893605302269;149.306180883994;149.472793579102;80313700;149.472793579102
2021-09-02;150.80570783516;151.638786253127;149.364981367093;150.590087890625;71115500;150.590087890625
2021-09-03;150.697872770403;151.550556938144;150.041217577718;151.227127075195;57808700;151.227127075195
2021-09-07;151.883801851112;154.128190337733;151.315350650962;153.569549560547;82278300;153.569549560547
2021-09-08;153.853734949801;153.912537655424;150.913480029355;152.020980834961;74420200;152.020980834961
2021-09-09;152.393412544335;153.001060420926;150.884073363571;151.001693725586;57305700;151.001693725586
2021-09-10;151.913240310408;152.383677125283;145.738699164872;146.003326416016;140893200;146.003326416016
2021-09-13;147.630225283487;148.404485942211;145.78766048639;146.571731567383;102404300;146.571731567383
2021-09-14;147.35582799517;148.061490593954;143.984332235404;145.170227050781;109296300;145.170227050781
2021-09-15;145.601477219329;146.463957112998;143.455087909805;146.062118530273;83281300;146.062118530273
2021-09-16;145.483868147023;146.003312173277;144.288162853215;145.826889038086;68034100;145.826889038086
2021-09-17;145.856289900762;145.856289900762;142.857216559636;143.151245117188;129868800;143.151245117188
2021-09-20;140.936257676757;141.955539725755;138.456643265674;140.093383789062;123478900;140.093383789062
2021-09-21;141.063681606158;141.720351971276;139.936589400796;140.573638916016;75834000;140.573638916016
2021-09-22;141.573306296551;143.513870834611;140.8382423854;142.945434570312;76404300;142.945434570312
2021-09-23;143.729475950821;144.150920326291;142.739595369692;143.905899047852;64838200;143.905899047852
2021-09-24;142.75920818792;144.533159937134;142.661193689822;143.994110107422;53477900;143.994110107422
2021-09-27;142.572990084358;143.053237198759;140.955855544806;142.474975585938;74150700;142.474975585938
2021-09-28;140.397203386933;141.867331171089;138.868272884196;139.083892822266;108972300;139.083892822266
2021-09-29;139.63274915011;141.573313790897;139.201509239954;139.985580444336;74602000;139.985580444336
2021-09-30;140.799040184824;141.504702708997;138.466432676868;138.682052612305;89056700;138.682052612305
2021-10-01;139.074064012719;140.073754961156;136.33963327586;139.809127807617;94639600;139.809127807617
2021-10-04;138.936898507682;139.377948893957;135.516410092223;136.369079589844;98322000;136.369079589844
2021-10-05;136.712086744873;139.407320982044;136.584670886271;138.299819946289;80861100;138.299819946289
2021-10-06;136.692474437635;139.319095410754;135.614374811407;139.172088623047;83221100;139.172088623047
2021-10-07;140.210970724845;141.347873019577;139.877745383086;140.436386108398;61732700;140.436386108398
2021-10-08;141.161700518507;141.308707348157;139.720973768264;140.05419921875;58773200;140.05419921875
2021-10-11;139.43671824166;141.926127938281;138.985872493262;139.965957641602;64452200;139.965957641602
2021-10-12;140.377596464727;140.397202355748;138.231207522837;138.691848754883;73035900;138.691848754883
2021-10-13;138.427204855151;138.584007082704;136.427823166032;138.103775024414;78762700;138.103775024414
2021-10-14;139.279914283503;141.01466934853;138.691857156571;140.897048950195;69907100;140.897048950195
2021-10-15;140.906837361737;142.014323342407;140.652005667582;141.955520629883;67940300;141.955520629883
2021-10-18;140.593200033371;143.915687816161;140.308981943772;143.631469726562;85589200;143.631469726562
2021-10-19;144.082320979544;146.199308617052;143.631490158819;145.797470092773;76378900;145.797470092773
2021-10-20;145.738676006345;146.767768526226;145.170224757697;146.287521362305;58418800;146.287521362305
2021-10-21;145.846472777842;146.659945269237;144.925190318794;146.503128051758;61421000;146.503128051758
2021-10-22;146.708936387467;147.189168500186;145.679844073922;145.728851318359;58883400;145.728851318359
2021-10-25;145.719021646527;146.39528264766;144.6801340033;145.679824829102;50720600;145.679824829102
2021-10-26;146.356124203549;147.836047466653;146.042489762277;146.346328735352;60893400;146.346328735352
2021-10-27;146.385534508176;146.748161267506;145.532865120598;145.885696411133;56094900;145.885696411133
2021-10-28;146.836381729456;150.119658397585;146.738367220891;149.531616210938;100077900;149.531616210938
2021-10-29;144.288120746253;146.953953250726;143.494254256852;146.816741943359;124953200;146.816741943359
2021-11-01;146.022901115826;146.718753241576;144.85659732079;145.993499755859;74588300;145.993499755859
2021-11-02;145.699462741304;148.551514131726;145.68965231861;147.032379150391;69122000;147.032379150391
2021-11-03;147.395014299494;148.943550727625;146.83637350572;148.473114013672;54511500;148.473114013672
2021-11-04;148.561322379247;149.394385859769;147.640039861447;147.953674316406;60394600;147.953674316406
2021-11-05;149.082398187893;149.386665615987;147.286222911323;148.483673095703;65463900;148.483673095703
2021-11-08;148.611266184135;148.768312259329;147.384371803069;147.659194946289;55020900;147.659194946289
2021-11-09;147.42362905586;148.63088895973;147.286217481247;148.022354125977;56787900;148.022354125977
2021-11-10;147.246964365592;147.354931673226;145.117077457471;145.185775756836;65187100;145.185775756836
2021-11-11;146.206597594356;146.667896233665;144.95024361378;145.136734008789;4.1e+07;145.136734008789
2021-11-12;145.686352390178;147.619939307987;144.753915571471;147.217529296875;63804000;147.217529296875
2021-11-15;147.590511975835;149.072610277583;146.667884815559;147.227355957031;59222800;147.227355957031
2021-11-16;147.168442966225;148.689795053766;146.57952764952;148.208847045898;59256200;148.208847045898
2021-11-17;148.20886785237;152.134930576936;148.199058087185;150.652847290039;88807000;150.652847290039
2021-11-18;150.868779981035;155.737089309373;150.220976045467;154.951873779297;137827700;154.951873779297
2021-11-19;154.735962096527;158.043680574109;153.636669177333;157.582366943359;117305600;157.582366943359
2021-11-22;158.691459668595;162.637157186965;158.02403614576;158.043670654297;117467900;158.043670654297
2021-11-23;158.141789465541;158.809227864763;156.119869715768;158.42643737793;96041900;158.42643737793
2021-11-24;157.778649191079;159.142955418607;156.689166162136;158.946655273438;69463600;158.946655273438
2021-11-26;156.620461317106;157.484184915168;153.469789453468;153.911468505859;76959800;153.911468505859
2021-11-29;156.424132179829;158.210497712704;155.854851349904;157.278060913086;88748200;157.278060913086
2021-11-30;157.032662194142;162.460441433017;156.963948923827;162.244506835938;174048100;162.244506835938
2021-12-01;164.384233689889;167.152114958203;161.488765573725;161.724334716797;152052500;161.724334716797
2021-12-02;155.805774216677;161.164840403125;154.88314726014;160.732971191406;136739200;160.732971191406
2021-12-03;160.988176544266;161.910803510778;156.767656897849;158.84846496582;118023100;158.84846496582
2021-12-06;161.253215674626;164.776868592826;161.243405908771;162.264190673828;107497000;162.264190673828
2021-12-07;165.954664782797;168.408453861718;165.22833782381;168.015838623047;120405400;168.015838623047
2021-12-08;168.948297028345;172.707503840735;167.544721832683;171.843765258789;116998900;171.843765258789
2021-12-09;171.676925790152;173.482911200595;170.705219792649;171.333389282227;108923700;171.333389282227
2021-12-10;171.971348678727;176.309645677439;171.460956391602;176.132965087891;115402700;176.132965087891
2021-12-13;177.772105785125;178.76344615471;172.285437017963;172.491561889648;153237000;172.491561889648
2021-12-14;172.010612814599;174.454592105845;169.02681191246;171.107620239258;139380400;171.107620239258
2021-12-15;171.873195572435;176.182048413677;169.124948924952;175.985748291016;131063300;175.985748291016
2021-12-16;175.966126074834;177.791745798891;167.593798705155;169.075881958008;150185800;169.075881958008
2021-12-17;166.788937303107;170.263510884581;166.55338314622;167.976577758789;195432700;167.976577758789
2021-12-20;165.169445030517;167.426933920362;164.364610021254;166.612274169922;107499100;166.612274169922
2021-12-21;168.388798688446;169.998483527585;165.993898445078;169.792373657227;91185900;169.792373657227
2021-12-22;169.841485574553;172.609367288952;168.967937121229;172.393432617188;92135300;172.393432617188
2021-12-23;172.599500947972;173.581016415457;172.030220179622;173.021545410156;68356600;173.021545410156
2021-12-27;173.816603255563;177.085052174633;173.796983725771;176.996719360352;74919600;176.996719360352
2021-12-28;176.829850369071;177.978221799696;175.229975182184;175.975921630859;79144300;175.975921630859
2021-12-29;176.015130226905;177.291103037445;174.847124692105;176.064208984375;62348900;176.064208984375
2021-12-30;176.152611196071;177.232284379043;174.798114835023;174.90608215332;59773000;174.90608215332
2021-12-31;174.798097018547;175.917024122879;173.983437332019;174.287719726562;64062300;174.287719726562
2022-01-03;174.542902301869;179.499558547785;174.425125235006;178.645629882812;104487900;178.645629882812
2022-01-04;179.254205537257;179.55847298838;175.809076067054;176.378356933594;99310400;176.378356933594
2022-01-05;176.290017092205;176.839663430608;171.411883373767;171.686706542969;94537600;171.686706542969
2022-01-06;169.50773661732;172.059683100158;168.467332505264;168.820678710938;96904000;168.820678710938
2022-01-07;169.694256621736;170.921151303475;167.868636736237;168.987564086914;86709100;168.987564086914
2022-01-10;165.954657550638;169.311439067107;165.061474770417;169.007171630859;106765600;169.007171630859
2022-01-11;169.134787401878;171.941907839721;167.662513897238;171.843765258789;76138300;171.843765258789
2022-01-12;172.864506203804;173.904910244365;171.588548026806;172.285415649414;74805200;172.285415649414
2022-01-13;172.530809000215;173.355278500386;168.614556409298;169.007171630859;84505800;169.007171630859
2022-01-14;168.172862781374;170.567763006279;167.92748390549;169.870895385742;80440800;169.870895385742
2022-01-18;168.339714257336;169.35067400164;166.278540739368;166.661331176758;90956700;166.661331176758
2022-01-19;166.857635760588;167.917674302629;162.872685208702;163.157318115234;94815000;163.157318115234
2022-01-20;163.893429818858;166.543518282568;161.145183828933;161.469085693359;91420500;161.469085693359
2022-01-21;161.380784585199;163.255482876066;159.29997641625;159.407943725586;122848900;159.407943725586
2022-01-24;157.062121953351;159.299976201359;151.840452056839;158.632537841797;162294600;158.632537841797
2022-01-25;156.04132272717;159.751449946191;154.117560823764;156.826538085938;115798400;156.826538085938
2022-01-26;160.477807678298;161.351356001759;154.902806013233;156.738235473633;108275300;156.738235473633
2022-01-27;159.447176591648;160.811482423024;155.354259097519;156.276885986328;121954600;156.276885986328
2022-01-28;162.646951924995;167.20118357718;159.790738017829;167.181549072266;179935700;167.181549072266
2022-01-31;167.014659148946;171.765189950885;166.376665171658;171.549255371094;115541600;171.549255371094
2022-02-01;170.793515708734;171.60817541361;169.124942266689;171.382431030273;86213900;171.382431030273
2022-02-02;171.519857968474;172.628975433445;170.12610755787;172.589706420898;84914300;172.589706420898
2022-02-03;171.254790771272;172.982267339063;168.938413990882;169.703994750977;89418100;169.703994750977
2022-02-04;168.72128157532;171.099588800251;167.738515447796;169.419052124023;82465400;169.419052124023
2022-02-07;169.880945940729;170.952157373674;168.003859120622;168.701629638672;77251200;168.701629638672
2022-02-08;168.770420394012;172.328043920386;168.475587560935;171.817001342773;74829200;171.817001342773
2022-02-09;173.01595715476;173.605607756777;171.885767258212;173.241989135742;71285000;173.241989135742
2022-02-10;171.138893567005;172.455796584429;168.593532885009;169.153701782227;90865900;169.153701782227
2022-02-11;169.360097965882;170.097172602479;165.144022646886;165.733688354492;98670700;165.733688354492
2022-02-14;164.485557051475;166.657476726584;163.689518911291;165.969543457031;86185500;165.969543457031
2022-02-15;168.023507432686;169.969379951066;167.315914699489;169.812133789062;62527400;169.812133789062
2022-02-16;168.888345476002;170.352657239293;167.119363651934;169.576278686523;61177400;169.576278686523
2022-02-17;168.082484569761;168.94732353481;165.566605757786;165.969543457031;69589300;165.969543457031
2022-02-18;166.893337952625;167.60091571308;163.325892389392;164.416763305664;82772700;164.416763305664
2022-02-22;162.136758194943;163.817294940354;159.355528140053;161.488143920898;91162800;161.488143920898
2022-02-23;162.68710319648;163.286591152691;156.996893739845;157.311386108398;90009200;157.311386108398
2022-02-24;149.950470697364;160.043483911669;149.380464493875;159.93537902832;141147500;159.93537902832
2022-02-25;161.016368965359;162.274308176353;158.097552906587;162.008972167969;91974200;162.008972167969
2022-02-28;160.249811813448;162.569140032207;159.630664472446;162.274307250977;95056600;162.274307250977
2022-03-01;161.861600566829;163.728865464599;159.178652866843;160.387451171875;83474400;160.387451171875
2022-03-02;161.556928648525;164.475745347112;160.14174297699;163.689529418945;79724800;163.689529418945
2022-03-03;165.566589845448;165.999009286414;162.6969149141;163.365188598633;76678400;163.365188598633
2022-03-04;161.655199107127;162.69692876039;159.306388758187;160.357940673828;83737200;160.357940673828
2022-03-07;160.544654016992;162.176049172505;156.299097708065;156.554626464844;96418800;156.554626464844
2022-03-08;156.082921868955;160.072949903852;153.114963997374;154.726699829102;131148300;154.726699829102
2022-03-09;158.697041229476;160.593787308677;156.662723513079;160.141708374023;91454900;160.141708374023
2022-03-10;157.439125782914;157.625853740726;153.291851652784;155.7880859375;105342000;155.7880859375
2022-03-11;156.190983701268;156.534957778717;151.837337783526;152.063369750977;96970100;152.063369750977
2022-03-14;148.839928651346;151.463912441196;147.513203362089;148.024230957031;108732100;148.024230957031
2022-03-15;148.299383354935;152.88891376981;147.788355832086;152.417175292969;92964300;152.417175292969
2022-03-16;154.34339594526;157.242552507962;151.798035725534;156.839614868164;102300200;156.839614868164
2022-03-17;155.87651344488;158.225323548658;154.91340697863;157.851867675781;75615400;157.851867675781
2022-03-18;157.743776967693;161.645359476895;157.006702412994;161.15397644043;123511700;161.15397644043
2022-03-21;160.692078656965;163.483145761192;160.200695609887;162.529861450195;95811400;162.529861450195
2022-03-22;162.657630003592;166.500249483335;162.06797927514;165.910598754883;81532000;165.910598754883
2022-03-23;165.094884617758;169.664741042011;164.760732742723;167.276626586914;98062700;167.276626586914
2022-03-24;168.111978371457;171.138899969705;167.276636125789;171.070114135742;90131400;171.070114135742
2022-03-25;170.883388089276;172.25925474224;169.772857507784;171.708908081055;80546200;171.708908081055
2022-03-28;169.202835000459;172.701479862601;169.035766565561;172.57373046875;90371900;172.57373046875
2022-03-29;173.64497090847;175.924980807972;173.300996723043;175.875854492188;100589400;175.875854492188
2022-03-30;175.472870358772;176.514599907921;173.654747280549;174.706314086914;92633200;174.706314086914
2022-03-31;174.775114513083;174.961842465953;171.394396828633;171.600784301758;103049300;171.600784301758
2022-04-01;171.030795909472;171.866153154958;168.976818206635;171.305969238281;78751300;171.305969238281
2022-04-04;171.561461863211;175.413902649997;171.433697488984;175.364761352539;76468400;175.364761352539
2022-04-05;174.440965979158;175.227181782735;171.414044882669;172.043014526367;73401800;172.043014526367
2022-04-06;169.389547639447;170.637664652969;167.197983667597;168.868682861328;89058800;168.868682861328
2022-04-07;168.210248527648;170.372330938878;166.922827341699;169.173355102539;77594700;169.173355102539
2022-04-08;168.819584014963;168.819584014963;166.284045308643;167.158706665039;76575500;167.158706665039
2022-04-11;165.80247259983;166.116949948826;162.647786872599;162.893478393555;72246700;162.893478393555
2022-04-12;165.124395828576;166.942504463001;163.76817355313;164.770599365234;79265200;164.770599365234
2022-04-13;164.50519765429;168.092287501756;163.895887542159;167.463317871094;70618900;167.463317871094
2022-04-14;167.679519995602;168.318326854518;162.195684247259;162.441375732422;75329400;162.441375732422
2022-04-18;161.095014475187;163.728835374625;160.751055343737;162.225204467773;69023900;162.225204467773
2022-04-19;162.176056917674;164.927804842379;161.085186008073;164.515029907227;67723800;164.515029907227
2022-04-20;165.851592274227;165.969534396726;163.237445992634;164.347961425781;67929800;164.347961425781
2022-04-21;165.99903403048;168.57387654536;163.050735579859;163.551940917969;87227800;163.551940917969
2022-04-22;163.591255228157;164.97694406303;158.716728666012;159.001724243164;84882400;159.001724243164
2022-04-25;158.343259188123;160.357932564478;155.729112924787;160.072937011719;96046400;160.072937011719
2022-04-26;159.453820754969;159.542266116637;154.019124704866;154.097747802734;95623200;154.097747802734
2022-04-27;153.223074840201;157.03619732482;152.702209977665;153.871704101562;88063200;153.871704101562
2022-04-28;156.505497019809;161.684678419859;156.191004678667;160.819839477539;130216800;160.819839477539
2022-04-29;159.050883114289;163.335744478272;154.539989716166;154.933090209961;131747600;154.933090209961
2022-05-02;154.009274370481;155.503067970236;150.628556757464;155.237731933594;123055300;155.237731933594
2022-05-03;155.42445612408;157.940349991726;153.626007317975;156.731536865234;88966500;156.731536865234
2022-05-04;156.918272806677;163.610908035378;156.515335077357;163.158843994141;108256500;163.158843994141
2022-05-05;161.02623866113;161.252270675375;152.279610983753;154.068252563477;130525300;154.068252563477
2022-05-06;153.546588468598;156.922436397048;151.745482462934;154.796539306641;116124600;154.796539306641
2022-05-09;152.483628333954;153.369426229892;149.097958987636;149.658950805664;131577900;149.658950805664
2022-05-10;153.064374412803;154.265112057477;150.515258582835;152.0703125;115366700;152.0703125
2022-05-11;151.07625368919;152.995460423039;143.507675450047;144.186782836914;142689800;144.186782836914
2022-05-12;140.515665927615;143.891499019589;136.608351025558;140.308975219727;182602000;140.308975219727
2022-05-13;142.306956376322;145.761543963627;140.850329412007;144.787170410156;113990900;144.787170410156
2022-05-16;143.251749293112;145.19064393453;141.903371561794;143.241897583008;86643800;143.241897583008
2022-05-17;146.509494556755;147.405129220425;144.363909044771;146.883499145508;78336300;146.883499145508
2022-05-18;144.531235535854;145.033177198271;137.690964446159;138.596450805664;109742900;138.596450805664
2022-05-19;137.671293891707;139.423186417567;134.443086427121;135.181243896484;136095600;135.181243896484
2022-05-20;136.893749522276;138.478328040409;130.516073662136;135.417434692383;137426100;135.417434692383
2022-05-23;135.614306217257;140.99793679058;135.476517400774;140.850311279297;117726300;140.850311279297
2022-05-24;138.586614050914;139.728301307542;135.161567298885;138.14372253418;104132700;138.14372253418
2022-05-25;136.244182926231;139.551129122935;136.155607630623;138.301193237305;92482700;138.301193237305
2022-05-26;135.220647388422;142.060905710453;134.974594822753;141.509750366211;90601500;141.509750366211
2022-05-27;143.094253976744;147.31650716762;142.966301904405;147.277145385742;90978500;147.277145385742
2022-05-31;146.716201515372;148.281091913555;144.521402258805;146.489822387695;103718400;146.489822387695
2022-06-01;147.533074740282;149.3440325753;145.348127312975;146.361877441406;74286600;146.361877441406
2022-06-02;145.49575338047;148.881437887293;144.541068562516;148.822387695312;72348100;148.822387695312
2022-06-03;144.580445813795;145.633557742912;142.178985981936;143.084457397461;88570300;143.084457397461
2022-06-06;144.708420206149;146.224112279127;142.612047736706;143.832473754883;71598400;143.832473754883
2022-06-07;142.070721189866;146.647291736932;141.824668686952;146.361877441406;67808200;146.361877441406
2022-06-08;146.233923656232;147.503547948846;145.131613261537;145.623718261719;53950200;145.623718261719
2022-06-09;144.757621007421;145.613878975087;140.279462120086;140.387725830078;69473000;140.387725830078
2022-06-10;138.064992772057;138.537409418977;134.895835022335;134.964736938477;91437900;134.964736938477
2022-06-13;130.771980992321;133.06519214879;129.364567867548;129.797622680664;122207100;129.797622680664
2022-06-14;131.027864151301;131.775858242379;129.403908863116;130.663696289062;84784300;130.663696289062
2022-06-15;132.169581172718;135.171425286802;130.073223658502;133.291580200195;91533000;133.291580200195
2022-06-16;129.994471517564;130.29957424502;127.002464410299;128.006362915039;108123900;128.006362915039
2022-06-17;128.016232889731;130.978700300249;127.760328616373;129.482696533203;134520300;129.482696533203
2022-06-21;131.31329785187;134.895821690825;131.214885861492;133.724609375;81000500;133.724609375
2022-06-22;132.661689765816;135.58479533871;131.795594979006;133.212860107422;73409200;133.212860107422
2022-06-23;134.659629355189;136.401670371011;133.488416965821;136.086730957031;72433800;136.086730957031
2022-06-24;137.690953036703;139.669224461409;137.563015967385;139.42317199707;89116800;139.42317199707
2022-06-27;140.446743640864;141.22427783817;138.74406479264;139.42317199707;70207900;139.42317199707
2022-06-28;139.885784125258;141.155408526494;135.151736021346;135.269836425781;67083400;135.269836425781
2022-06-29;135.289529339704;138.448835406421;134.511994936994;137.03157043457;66242400;137.03157043457
2022-06-30;135.082848460539;136.18515906667;131.657801207304;134.561218261719;98964500;134.561218261719
2022-07-01;133.891946051564;136.844576586541;133.517956395942;136.736312866211;71051600;136.736312866211
2022-07-05;135.594588996913;139.373951042633;134.767841347409;139.324737548828;73353800;139.324737548828
2022-07-06;139.118082488993;141.844333238606;138.8523415974;140.663284301758;74064300;140.663284301758
2022-07-07;141.027443593861;144.2359777894;141.017606900337;144.039138793945;66253700;144.039138793945
2022-07-08;142.966338609754;145.220187910548;142.710449417226;144.718231201172;64547800;144.718231201172
2022-07-11;143.369859968202;144.324544810168;141.509703784774;142.582489013672;63141600;142.582489013672
2022-07-12;143.458472997511;146.106000831944;142.759692167205;143.556900024414;77588800;143.556900024414
2022-07-13;140.732193502432;144.137551697178;139.8759205891;143.192718505859;71185600;143.192718505859
2022-07-14;141.804989747833;146.598088018851;140.988093581483;146.125671386719;78140700;146.125671386719
2022-07-15;147.414986788765;148.477935493227;145.859933036933;147.798828125;76259900;147.798828125
2022-07-18;148.359821122346;149.176717226228;144.383604303882;144.747772216797;81420900;144.747772216797
2022-07-19;145.584323900854;148.842056206468;144.59027732675;148.615692138672;82982400;148.615692138672
2022-07-20;148.733808012289;151.292759978448;147.99565052411;150.623489379883;64823400;150.623489379883
2022-07-21;152.060433986071;153.113545818362;149.540858971423;152.897018432617;65086600;152.897018432617
2022-07-22;152.936397441677;153.812343776144;150.987665768409;151.656921386719;66675400;151.656921386719
2022-07-25;151.578172276115;152.591907345143;149.875493230735;150.534912109375;53623900;150.534912109375
2022-07-26;149.855789635836;150.672685631365;148.418851633369;149.20622253418;55138700;149.20622253418
2022-07-27;150.170769427582;154.845767108935;149.757403013689;154.31428527832;78620700;154.31428527832
2022-07-28;154.501264866548;155.1508470005;151.9718532497;154.865432739258;81378700;154.865432739258
2022-07-29;158.694018637096;161.046279830113;156.981487908036;159.943954467773;101786900;159.943954467773
2022-08-01;158.46764232801;161.006905860199;158.349541936976;158.959747314453;67829400;158.959747314453
2022-08-02;157.572034531666;159.845557337377;157.109454608148;157.483444213867;59907000;157.483444213867
2022-08-03;158.300341095727;163.959548892451;158.211765795367;163.506820678711;82507500;163.506820678711
2022-08-04;163.388687740526;164.550063286171;161.833634223595;163.191848754883;55474100;163.191848754883
2022-08-05;160.856045051647;163.457967993187;160.649067243686;162.965179443359;56697000;162.965179443359
2022-08-08;163.970446238615;165.389679572942;161.831745880727;162.492080688477;60276900;162.492080688477
2022-08-09;161.654383591601;163.428425636567;160.895484903726;162.541397094727;63135500;162.541397094727
2022-08-10;165.261559371415;166.89762095148;164.492810443666;166.799072265625;70170500;166.799072265625
2022-08-11;167.607254372619;168.523848978616;165.764229841386;166.059906005859;57149200;166.059906005859
2022-08-12;167.370728795255;169.686826212405;166.956773133544;169.61784362793;68039400;169.61784362793
2022-08-15;169.046196126739;170.889220575561;168.878649816729;170.692108154297;54091700;170.692108154297
2022-08-16;170.288014288326;171.204608833813;169.184172721791;170.534408569336;56377100;170.534408569336
2022-08-17;170.27815992549;173.609400300054;170.081047513062;172.032485961914;79542000;172.032485961914
2022-08-18;171.244019807425;172.377427448219;170.623101426814;171.638244628906;62290100;171.638244628906
2022-08-19;170.534419754251;171.234186175249;168.839225786624;169.046203613281;70346300;169.046203613281
2022-08-22;167.24260189018;167.410148213958;164.729376956076;165.153182983398;69026800;165.153182983398
2022-08-23;164.670238894828;166.276734528721;164.24643288252;164.818069458008;54147100;164.818069458008
2022-08-24;164.906760993841;165.685360254661;163.852186320445;165.113723754883;53841500;165.113723754883
2022-08-25;166.345680757897;167.686066046416;165.921889876921;167.577651977539;51218200;167.577651977539
2022-08-26;168.109905202356;168.582978033389;161.200999611898;161.260131835938;78961000;161.260131835938
2022-08-29;158.825735649763;160.550495487891;157.514931406854;159.052429199219;73314000;159.052429199219
2022-08-30;159.791647784771;160.215438792785;155.445248409686;156.618087768555;77906200;156.618087768555
2022-08-31;157.99783697472;158.263946959577;154.873559877004;154.952407836914;87991100;154.952407836914
2022-09-01;154.38080885805;156.135135035176;152.439220610549;155.681777954102;74229900;155.681777954102
2022-09-02;157.445966713491;158.047169441458;152.734908630889;153.562789916992;76957800;153.562789916992
2022-09-06;154.213245681031;154.82429865337;151.473342623575;152.301223754883;73714800;152.301223754883
2022-09-07;152.587059729615;154.410368411757;151.394504775555;153.71061706543;87449600;153.71061706543
2022-09-08;152.409620144556;154.104813714978;150.477882690337;152.232223510742;84923800;152.232223510742
2022-09-09;153.227690077765;155.543802537295;152.518073283301;155.100280761719;68028800;155.100280761719
2022-09-12;157.288248204715;161.890891528031;157.002437458342;161.072860717773;104956000;161.072860717773
2022-09-13;157.593796291543;158.224565130122;151.157978050832;151.621200561523;122656600;151.621200561523
2022-09-14;152.557487712131;154.834183669804;151.394513838212;153.06999206543;87965400;153.06999206543
2022-09-15;152.419508621416;153.001010601345;149.1966819914;150.172393798828;90481100;150.172393798828
2022-09-16;149.029127971998;149.167108171916;146.23007742712;148.526473999023;162278800;148.526473999023
2022-09-19;147.156491594548;152.330770567851;146.949528857294;152.251922607422;81474200;152.251922607422
2022-09-20;151.187519374499;155.800027969239;150.87214252628;154.63703918457;107689800;154.63703918457
2022-09-21;155.070714369735;156.450531484807;151.384665234874;151.5029296875;101696800;151.5029296875
2022-09-22;150.182239990139;152.242092474309;148.733440482073;150.537048339844;86652500;150.537048339844
2022-09-23;149.009408962717;149.285369356523;146.4173362937;148.260360717773;96029900;148.260360717773
2022-09-26;147.501482982095;151.552205755381;147.48176722784;148.595474243164;93339400;148.595474243164
2022-09-27;150.537074039177;152.48851277634;147.787305099856;149.571197509766;84442700;149.571197509766
2022-09-28;145.510612029071;148.467343523868;142.750992959518;147.67887878418;146691400;147.67887878418
2022-09-29;143.992833217084;144.603886261403;138.650991622764;140.425033569336;128138200;140.425033569336
2022-09-30;139.242351560902;141.036109360109;136.009659409909;136.206771850586;124925300;136.206771850586
2022-10-03;136.216639348739;141.006545420776;135.704134964102;140.395477294922;114311700;140.395477294922
2022-10-04;142.938253594648;144.111092815359;142.179354974415;143.992828369141;87830100;143.992828369141
2022-10-05;141.992116253267;145.254374421132;140.947391775277;144.288497924805;79471000;144.288497924805
2022-10-06;143.706997873947;145.412042085607;143.125510980768;143.332473754883;68402200;143.332473754883
2022-10-07;140.484164871761;141.03610072607;137.438734989399;138.06950378418;85925600;138.06950378418
2022-10-10;138.394714355469;139.843513683871;136.571406010114;138.394714355469;74899000;138.394714355469
2022-10-11;137.882208107559;139.311306703777;136.226446064333;136.975479125977;77033700;136.975479125977
2022-10-12;137.123340859817;138.335596430033;136.167329910684;136.3447265625;70433700;136.3447265625
2022-10-13;133.043056629534;141.519010569889;132.43198860816;140.927673339844;113224000;140.927673339844
2022-10-14;142.22863580041;142.435613618493;136.19690846794;136.384170532227;88598000;136.384170532227
2022-10-17;139.035378783641;140.838971773178;138.246914038803;140.356048583984;85250900;140.356048583984
2022-10-18;143.391621651411;144.584161553653;138.582000458249;141.676712036133;99136600;141.676712036133
2022-10-19;139.646440205522;142.85941656324;139.459178125519;141.785140991211;61758300;141.785140991211
2022-10-20;140.957286358611;143.785888732378;140.592612488075;141.32194519043;64522000;141.32194519043
2022-10-21;140.809401857278;145.71758686598;140.592573682337;145.145950317383;86548600;145.145950317383
2022-10-24;145.067080768169;148.0632282256;143.894241734142;147.294479370117;75981900;147.294479370117
2022-10-25;147.925288669544;150.290683137968;147.205821474138;150.142837524414;74732300;150.142837524414
2022-10-26;148.782702335642;149.797845386588;145.904804420215;147.195922851562;88194300;147.195922851562
2022-10-27;145.934388744993;146.900249961965;142.051213088215;142.711547851562;109180200;142.711547851562
2022-10-28;146.06252959256;155.228400030686;145.688020504526;153.493789672852;164762400;153.493789672852
2022-10-31;150.95099079346;152.015415855868;149.728869787278;151.128387451172;97943200;151.128387451172
2022-11-01;152.843302601425;153.207961325887;146.979121705757;148.477188110352;80379300;148.477188110352
2022-11-02;146.801708163989;149.975267675062;142.908681570333;142.938247680664;93604600;142.938247680664
2022-11-03;140.011112315987;140.740444950075;136.748853778;136.876983642578;97918500;136.876983642578
2022-11-04;140.272960982744;140.845545797399;132.66156427341;136.610412597656;140814800;136.610412597656
2022-11-07;135.356642284941;137.370548201837;133.935054548939;137.143493652344;83374600;137.143493652344
2022-11-08;138.614477001107;139.621422660173;135.731819010395;137.716110229492;89908500;137.716110229492
2022-11-09;136.728879015798;136.778242634674;132.868876000146;133.145294189453;74917800;133.145294189453
2022-11-10;139.433827985023;144.991821289062;137.716073686022;144.991821289062;118854000;144.991821289062
2022-11-11;143.955271925704;148.091677864141;142.523802366834;147.78564453125;93979700;147.78564453125
2022-11-14;147.064983058783;148.358228458413;145.544668037547;146.383804321289;73374100;146.383804321289
2022-11-15;150.273422256467;151.625897969799;146.660222470855;148.121292114258;89868300;148.121292114258
2022-11-16;147.222931597563;147.95345884286;145.406450054163;146.887268066406;64218300;146.887268066406
2022-11-17;144.557469200424;149.542893615714;144.281051001019;148.792617797852;80389400;148.792617797852
2022-11-18;150.362261388459;150.747273476357;148.052188861076;149.35530090332;74829600;149.35530090332
2022-11-21;148.239794419036;148.447100554967;145.830994129514;146.117279052734;58724100;146.117279052734
2022-11-22;146.235733467718;148.496442552948;145.051066894567;148.259506225586;51804100;148.259506225586
2022-11-23;147.538859081839;149.888428919174;147.430265138173;149.138153076172;58301400;149.138153076172
2022-11-25;146.413427571073;146.976145711814;145.238642734364;146.21598815918;35195900;146.21598815918
2022-11-28;143.283981116108;144.764799447223;141.546493030519;142.375747680664;69246000;142.375747680664
2022-11-29;142.444827777322;142.958182288935;138.555224743244;139.364730834961;83763800;139.364730834961
2022-11-30;139.591787502285;146.818187438806;138.752666239927;146.137008666992;111380900;146.137008666992
2022-12-01;146.314694212247;147.222927426384;144.735149018476;146.41340637207;71250400;146.41340637207
2022-12-02;144.093481754563;146.107387768771;143.787433356438;145.919815063477;65447400;145.919815063477
2022-12-05;145.880334508211;148.990046560941;143.90591033158;144.754913330078;68826400;144.754913330078
2022-12-06;145.189279383881;145.416333931238;140.105128429662;141.082473754883;64727200;141.082473754883
2022-12-07;140.371695216577;141.536598299766;138.209698241049;139.137680053711;69721100;139.137680053711
2022-12-08;140.539535999409;141.684705820507;139.295653991869;140.825820922852;62128300;140.825820922852
2022-12-09;140.519762475305;143.708468308302;139.098174683846;140.342071533203;76097000;140.342071533203
2022-12-12;140.875170033377;142.652154906536;139.256142718645;142.642288208008;70462700;142.642288208008
2022-12-13;147.588204653013;148.052195531597;142.395474581116;143.609741210938;93886200;143.609741210938
2022-12-14;143.491295559828;144.784541097974;139.35487413933;141.378662109375;82291200;141.378662109375
2022-12-15;139.305504082221;139.986682861204;134.290464660828;134.754455566406;98931900;134.754455566406
2022-12-16;134.942016561349;135.889731686933;132.019862286199;132.789886474609;160156900;132.789886474609
2022-12-19;133.382259089002;133.471104583809;129.64073097004;130.677291870117;79592600;130.677291870117
2022-12-20;129.709787736256;131.546002710598;128.228969694486;130.608154296875;77432800;130.608154296875
2022-12-21;131.279435117138;135.06045852692;131.052380596453;133.717849731445;85928000;133.717849731445
2022-12-22;132.63193156054;132.839237634473;128.633720148723;130.539031982422;77852100;130.539031982422
2022-12-23;129.245800605508;130.726618689985;127.982170378514;130.173782348633;63814900;130.173782348633
2022-12-27;129.699929853634;129.729545011389;127.073942065814;128.3671875;69007800;128.3671875
2022-12-28;128.011776570073;129.354385475185;124.260375537885;124.428199768066;85438400;124.428199768066
2022-12-29;126.353266583045;128.811422447748;126.096596876188;127.95255279541;75703700;127.95255279541
2022-12-30;126.767911562721;128.288211594931;125.800440374029;128.268463134766;77034200;128.268463134766
2023-01-03;128.613993428649;129.226060120965;122.58212678978;123.47061920166;112117500;123.47061920166
2023-01-04;125.267346590089;127.01471627825;123.480495044733;124.744125366211;89113600;124.744125366211
2023-01-05;125.504267455038;126.136082575819;123.164579674965;123.421249389648;80962700;123.421249389648
2023-01-06;124.39860396257;128.623863187979;123.29292365349;127.962432861328;87754700;127.962432861328
2023-01-09;128.801556564076;131.703962383133;128.228971771013;128.485641479492;70790800;128.485641479492
2023-01-10;128.594236668814;129.581448722336;126.481603476825;129.058227539062;63896200;129.058227539062
2023-01-11;129.571583281333;131.802677121012;128.791692379498;131.782943725586;69458900;131.782943725586
2023-01-12;132.167955105612;132.543085444249;129.759155274631;131.703964233398;71379600;131.703964233398
2023-01-13;130.341627517846;133.194670216135;129.976363818734;133.036712646484;57809700;133.036712646484
2023-01-17;133.10580835372;135.534341667706;132.414762901109;134.201614379883;63646600;134.201614379883
2023-01-18;135.070369142925;136.837472205186;133.303251017001;133.48095703125;69672800;133.48095703125
2023-01-19;132.365376533459;134.507624600186;132.059343247306;133.540161132812;58280400;133.540161132812
2023-01-20;133.550042781658;136.255009178287;132.50360043559;136.106918334961;80223600;136.106918334961
2023-01-23;136.353756565732;141.487272520571;136.136568657012;139.305526733398;81760300;139.305526733398
2023-01-24;138.515724405137;141.329284855971;138.505857707264;140.707336425781;66435100;140.707336425781
2023-01-25;139.088286413919;140.608586138421;137.034883818473;140.045883178711;65799300;140.045883178711
2023-01-26;141.339143140569;142.405333930146;140.085379656947;142.119049072266;54105100;142.119049072266
2023-01-27;141.329306263594;145.347252200946;141.250327477665;144.063873291016;70555800;144.063873291016
2023-01-30;143.106298900193;143.688750530779;141.023280384468;141.171356201172;64015300;141.171356201172
2023-01-31;140.875190810064;142.494218363575;140.460563455787;142.444854736328;65874500;142.444854736328
2023-02-01;142.128915098849;144.73515421763;139.512809282829;143.570236206055;77663600;143.570236206055
2023-02-02;146.995881598547;149.246724072317;146.27522095428;148.891342163086;118339000;148.891342163086
2023-02-03;146.137012936298;155.367452537538;145.939573519602;152.524276733398;154357300;152.524276733398
2023-02-06;150.618957724922;151.142178934209;148.85183962561;149.789688110352;69858300;149.789688110352
2023-02-07;148.713632852219;153.244932858537;148.713632852219;152.672348022461;83322600;152.672348022461
2023-02-08;151.912206799655;152.603252275261;149.236855309649;149.977264404297;64120100;149.977264404297
2023-02-09;151.81347999768;152.356449681381;148.496446641581;148.940689086914;56007100;148.940689086914
2023-02-10;147.773985273803;149.632767198972;147.53668722336;149.306488037109;57450700;149.306488037109
2023-02-13;149.247191364062;152.519850185058;149.217530988805;152.114486694336;62199000;152.114486694336
2023-02-14;150.40399819813;152.035394345793;149.158217119911;151.471817016602;61707600;151.471817016602
2023-02-15;151.382815946776;153.745854522139;151.155414727053;153.577774047852;65573800;153.577774047852
2023-02-16;151.778333497156;154.566529884595;151.620149834178;151.976089477539;68167900;151.976089477539
2023-02-17;150.631421715178;151.274083354897;149.148342466601;150.829162597656;59144100;150.829162597656
2023-02-21;148.505636866809;149.593234138973;146.735835945734;146.805038452148;58867200;146.805038452148
2023-02-22;147.190652126089;148.258470887588;145.499950402046;147.230209350586;51011300;147.230209350586
2023-02-23;148.396894719711;148.644074575698;145.579053413453;147.71467590332;48394200;147.71467590332
2023-02-24;145.45052020104;145.529619568151;144.076200756647;145.055038452148;55469600;145.055038452148
2023-02-27;146.04376590061;147.487287941031;145.78668917177;146.251388549805;44998500;146.251388549805
2023-02-28;145.391191757814;147.398290946278;145.173672281429;145.747131347656;50547000;145.747131347656
2023-03-01;145.173664526785;145.569146233635;143.374188061298;143.670806884766;55479000;143.670806884766
2023-03-02;142.751328946741;145.055047235859;142.276732715338;144.264068603516;52238100;144.264068603516
2023-03-03;146.370017425554;149.405393309921;145.66803508048;149.326293945312;70732300;149.326293945312
2023-03-06;152.055154078091;154.536849495942;151.728889943361;152.094711303711;87558000;152.094711303711
2023-03-07;151.966148208937;152.292427377207;149.425147539676;149.889846801758;56182000;149.889846801758
2023-03-08;151.086202323815;151.738760719346;150.117261579538;151.145523071289;47204800;151.145523071289
2023-03-09;151.827732871318;152.796673558355;148.535295801087;148.891235351562;53833600;148.891235351562
2023-03-10;148.515545892984;149.237306821878;145.944869449807;146.824829101562;68572400;146.824829101562
2023-03-13;146.142616226336;151.412492587526;146.033856485799;148.772613525391;84457100;148.772613525391
2023-03-14;149.573462919262;151.669543125558;148.406781321165;150.868682861328;73695900;150.868682861328
2023-03-15;149.48449268665;151.52125229383;148.228814789216;151.264190673828;77167900;151.264190673828
2023-03-16;150.443527180035;154.695023042429;149.929388937297;154.091903686523;76161100;154.091903686523
2023-03-17;154.319329407741;154.971887847954;152.539631428368;153.251510620117;98944600;153.251510620117
2023-03-20;153.320747415044;156.039726169652;152.411112155421;155.624450683594;73641400;155.624450683594
2023-03-21;155.545348944401;157.601872095433;154.774133904437;157.48323059082;73938300;157.48323059082
2023-03-22;157.503009848548;160.310969438048;156.029812451383;156.049591064453;75701800;156.049591064453
2023-03-23;157.038313619683;159.72763175743;155.901277188849;157.137176513672;67622100;157.137176513672
2023-03-24;157.06794158009;158.531241854412;156.069340562927;158.442260742188;59196500;158.442260742188
2023-03-27;158.135784675533;158.956423595331;156.089128257484;156.494506835938;52390300;156.494506835938
2023-03-28;156.188010008927;156.702148338256;154.220452906424;155.871612548828;45992200;155.871612548828
2023-03-29;157.572204697447;159.233261121304;157.552441172;158.956420898438;51305700;158.956420898438
2023-03-30;159.70783403649;160.637232631429;159.45077243888;160.528472900391;49501700;160.528472900391
2023-03-31;160.607569096812;163.138688147539;160.083549063028;163.039810180664;68749800;163.039810180664
2023-04-03;162.416940874257;164.414143209846;162.367501886678;164.295501708984;56976200;164.295501708984
2023-04-04;164.720640342589;164.957923317583;163.24744316398;163.761581420898;46278300;163.761581420898
2023-04-05;162.881629767364;163.188130349397;159.974792489177;161.912673950195;51511700;161.912673950195
2023-04-06;160.597711044984;163.099185413941;160.17256887537;162.80256652832;45390100;162.80256652832
2023-04-10;159.599090011481;160.202209472656;158.274209584198;160.202209472656;47716900;160.202209472656
2023-04-11;160.518617491529;160.52849925537;158.699362138504;158.986099243164;47644200;158.986099243164
2023-04-12;159.401336687362;160.231857330324;157.977578392763;158.293975830078;50133100;158.293975830078
2023-04-13;159.806707883175;163.929665620764;159.599070188672;163.692367553711;68445600;163.692367553711
2023-04-14;162.733312485864;164.443807805787;161.972009456758;163.346328735352;49386500;163.346328735352
2023-04-17;163.227668765983;163.524287579038;162.179628701624;163.366088867188;41516200;163.366088867188
2023-04-18;164.22629596467;165.521515945797;163.781360171871;164.59211730957;49923000;164.59211730957
2023-04-19;163.929685807844;166.263064284565;163.672609098547;165.739044189453;47720200;165.739044189453
2023-04-20;164.216384913492;165.97630406053;163.692364891433;164.770065307617;52456400;164.770065307617
2023-04-21;163.188153419501;164.572354658771;162.634472923792;163.158493041992;58337300;163.158493041992
2023-04-24;163.138717093305;163.731954826491;162.041237847574;163.464996337891;41949600;163.464996337891
2023-04-25;163.326572003008;164.43393298398;161.883034935673;161.922592163086;48714100;161.922592163086
2023-04-26;161.220573428403;163.415531573701;160.963511830783;161.912673950195;45498800;161.912673950195
2023-04-27;163.326575922884;166.658555795953;163.326575922884;166.51025390625;64902300;166.51025390625
2023-04-28;166.589321099478;167.933979957493;165.986201720074;167.765884399414;55209200;167.765884399414
2023-05-01;167.37042504765;168.527224978259;166.737645211591;167.67692565918;52472900;167.67692565918
2023-05-02;168.171281537045;168.428358240195;165.650044013555;166.638763427734;48425700;166.638763427734
2023-05-03;167.587928078751;168.991907730723;165.274328444657;165.561050415039;65136000;165.561050415039
2023-05-04;163.02992793452;165.155668436072;162.456468919002;163.919769287109;81235400;163.919769287109
2023-05-05;169.051235369219;172.333790952437;168.833715898684;171.612030029297;113316400;171.612030029297
2023-05-08;170.534302979221;171.888858697731;170.168481660933;171.54280090332;55962800;171.54280090332
2023-05-09;171.097896057283;171.582358910284;169.664255937326;169.832336425781;45326900;169.832336425781
2023-05-10;171.068240478431;172.066841674309;169.960864454823;171.602142333984;53724500;171.602142333984
2023-05-11;171.888871259379;172.620513949423;170.227814846139;171.789993286133;49514700;171.789993286133
2023-05-12;171.89889318698;172.334533866651;169.304870185793;170.859313964844;45497800;170.859313964844
2023-05-15;171.443448892984;171.492956258814;169.770199637586;170.3642578125;37266700;170.3642578125
2023-05-16;170.285049048676;171.423642925146;170.096930123036;170.3642578125;42110300;170.3642578125
2023-05-17;170.007837909442;171.215730097173;168.73061727563;170.978118896484;57951600;170.978118896484
2023-05-18;171.285046465431;173.502846725427;170.869211749343;173.314727783203;65496700;173.314727783203
2023-05-19;174.641447816794;174.641447816794;173.205824667822;173.423645019531;55772400;173.423645019531
2023-05-22;172.255354671595;172.978129154019;171.730609701223;172.473175048828;43570900;172.473175048828
2023-05-23;171.41377311943;171.661294878058;169.582106062572;169.859329223633;50747300;169.859329223633
2023-05-24;169.393955249519;170.710772570658;168.829613601902;170.136520385742;45143500;170.136520385742
2023-05-25;170.7008790343;172.176098785811;169.988015287016;171.275131225586;56058300;171.275131225586
2023-05-26;171.601894575068;174.027604823481;171.393969647476;173.690963745117;54835000;173.690963745117
2023-05-30;175.205793496061;177.215668797986;174.819660189472;175.542419433594;55964400;175.542419433594
2023-05-31;175.572128694405;177.572108655075;175.007771855454;175.492919921875;99625300;175.492919921875
2023-06-01;175.938456473691;178.334465195275;175.176085255337;178.304763793945;68901800;178.304763793945
2023-06-02;179.235428246418;179.977993412917;177.482970223374;179.156219482422;61945900;179.156219482422
2023-06-05;180.819588227327;183.116582142598;176.275077551752;177.799819946289;121946500;177.799819946289
2023-06-06;178.185947573207;178.334454571007;175.671118288598;177.433486938477;64848400;177.433486938477
2023-06-07;176.671130613338;179.413675894238;175.562237983167;176.057281494141;61944600;176.057281494141
2023-06-08;176.136483528079;179.047341928078;175.700857908054;178.780029296875;50214900;178.780029296875
2023-06-09;179.700808599427;180.423567952115;178.839437657079;179.166168212891;48870700;179.166168212891
2023-06-12;179.473085361555;182.067108620953;179.176056222438;181.96809387207;54274900;181.96809387207
2023-06-13;180.987889485658;182.324497744592;180.631457595104;181.492828369141;54929100;181.492828369141
2023-06-14;181.552243105032;182.562136045934;180.215634758205;182.126495361328;57462900;182.126495361328
2023-06-15;182.136425495302;184.671045997487;181.958201965367;184.166091918945;65433200;184.166091918945
2023-06-16;184.878923163322;185.136355426914;182.443317842207;183.086868286133;101235600;183.086868286133
2023-06-20;182.581951723159;184.255201210938;182.581951723159;183.175994873047;49799100;183.175994873047
2023-06-21;183.067082676193;183.572036721685;180.779984093174;182.136413574219;49515700;182.136413574219
2023-06-22;181.918577547341;185.195762861058;181.849264210784;185.146255493164;51245300;185.146255493164
2023-06-23;183.710649198716;185.700718666048;183.175993748817;184.829437255859;53079300;184.829437255859
2023-06-26;184.977943845649;186.185851114733;183.393798706923;183.433410644531;48088700;183.433410644531
2023-06-27;184.04726807161;186.522485521122;183.82944772745;186.195755004883;50730800;186.195755004883
2023-06-28;186.067070631825;188.017543523662;185.740355167331;187.373992919922;51216800;187.373992919922
2023-06-29;187.205647627742;188.185839174749;187.067036055113;187.710586547852;46347300;187.710586547852
2023-06-30;189.730380178434;192.552119116476;189.364037708491;192.047180175781;85069600;192.047180175781
2023-07-03;191.859061551669;191.958076296693;189.859081540903;190.552154541016;31458200;190.552154541016
2023-07-05;189.670975930703;191.066987134357;188.73038118432;189.433349609375;46920300;189.433349609375
2023-07-06;187.958112000829;190.116509511538;187.324456926658;189.908584594727;45094300;189.908584594727
2023-07-07;189.512569359117;190.760073626399;188.354169302171;188.789794921875;46778000;188.789794921875
2023-07-10;187.383861179362;188.106635570632;185.185866819052;186.740310668945;59922200;186.740310668945
2023-07-11;187.284872010234;187.423483594418;184.750251552285;186.215576171875;46638100;186.215576171875
2023-07-12;187.79970514631;189.799685225448;186.601708271218;187.888824462891;60750200;187.888824462891
2023-07-13;188.611556735285;189.294719121767;187.898692950046;188.651153564453;41342300;188.651153564453
2023-07-14;188.344251195568;189.284830851108;187.750208043004;188.799697875977;41573900;188.799697875977
2023-07-17;189.99769273439;192.393716612868;189.908588528566;192.066986083984;50520200;192.066986083984
2023-07-18;191.433332257467;192.403613311508;190.512543468635;191.809555053711;48353800;191.809555053711
2023-07-19;191.185795950062;196.264931726778;190.740244736861;193.165969848633;80507300;193.165969848633
2023-07-20;193.156046450326;194.522371183781;190.591725048211;191.215484619141;59581200;191.215484619141
2023-07-21;192.175883928182;193.037254744263;189.3343240954;190.037292480469;71917800;190.037292480469
2023-07-24;191.492709632521;192.977839972266;190.344205210645;190.839248657227;45377800;190.839248657227
2023-07-25;191.413504002187;192.512501075894;191.007564743537;191.700622558594;37283200;191.700622558594
2023-07-26;191.750125485408;193.700597860312;191.403604139667;192.571899414062;47471900;192.571899414062
2023-07-27;194.076873305403;195.245168806104;190.641269935331;191.304626464844;47460200;191.304626464844
2023-07-28;192.740258737365;194.680836148939;192.215513769917;193.888763427734;48291400;193.888763427734
2023-07-31;194.116430199804;194.542175411758;193.324357678688;194.502563476562;38824100;194.502563476562
2023-08-01;194.294688632599;194.779821619533;193.344198414831;193.670928955078;35175100;193.670928955078
2023-08-02;193.106580527016;193.245192116134;189.948215381584;190.670974731445;50389300;190.670974731445
2023-08-03;189.67097673188;190.463034257927;188.799695324194;189.274932861328;61235200;189.274932861328
2023-08-04;183.680949602572;185.52251207833;180.116630259965;180.185943603516;115799700;180.185943603516
2023-08-07;180.32455640775;181.314643442139;175.591941591971;177.077072143555;97576100;177.077072143555
2023-08-08;177.908744239262;178.482996540544;175.81965996172;178.017654418945;67823000;178.017654418945
2023-08-09;179.077025065761;179.136427866636;175.255288765022;176.423599243164;60378500;176.423599243164
2023-08-10;177.700805921818;178.958220609319;175.839452683206;176.205780029297;54686900;176.205780029297
2023-08-11;175.799303446623;177.088142489332;175.035902763348;176.265258789062;51988100;176.265258789062
2023-08-14;176.443732251853;178.148982759113;175.789388774617;177.920959472656;43675600;177.920959472656
2023-08-15;177.345936376483;177.940781721244;175.531628575498;175.928192138672;43622600;175.928192138672
2023-08-16;175.610950674961;177.008847118941;174.986348668803;175.055755615234;46964900;175.055755615234
2023-08-17;175.620837311115;175.987659330452;171.992222035535;172.507766723633;66062900;172.507766723633
2023-08-18;170.82235510895;173.598345283888;170.485274585803;172.993576049805;61114200;172.993576049805
2023-08-21;173.568584724666;174.619491609682;172.249989158095;174.331970214844;46311900;174.331970214844
2023-08-22;175.541527487766;176.156205514462;174.738476484391;175.710067749023;42084200;175.710067749023
2023-08-23;176.989018082633;179.993031615597;176.800645100709;179.566711425781;52722800;179.566711425781
2023-08-24;179.120588554776;179.546908780072;174.500548663904;174.867385864258;54945800;174.867385864258
2023-08-25;175.858799746018;177.613609391635;174.312180675609;177.078247070312;51449600;177.078247070312
2023-08-28;178.545520141473;179.041232073762;177.018734046308;178.644668579102;43820700;178.644668579102
2023-08-29;178.158877876629;183.314279306755;177.960596115456;182.540969848633;53003900;182.540969848633
2023-08-30;183.353959838973;186.239007354654;183.155678061467;186.040710449219;60813900;186.040710449219
2023-08-31;186.229062814353;187.498084203403;185.872149603187;186.258804321289;60794500;186.258804321289
2023-09-01;187.864900805444;188.291205776899;186.665271354366;187.835159301758;45732600;187.835159301758
2023-09-05;186.665299924828;188.350717612699;186.001047694288;188.073120117188;45280000;188.073120117188
2023-09-06;186.784246338255;187.230399170826;179.913686354125;181.341339111328;81755800;181.341339111328
2023-09-07;173.677637639515;176.6816660797;172.051702991536;176.037231445312;112488800;176.037231445312
2023-09-08;176.82045661879;178.694247163506;176.265246533602;176.651901245117;65551300;176.651901245117
2023-09-11;178.525725552139;178.753748834545;175.819127161092;177.821807861328;58953100;177.821807861328
2023-09-12;177.950700422001;178.58521118122;173.320752125716;174.788055419922;90370200;174.788055419922
2023-09-13;174.99623588192;175.779469273673;172.487934499895;172.715972900391;84267900;172.715972900391
2023-09-14;172.507750907179;174.589747055506;172.091354703099;174.232833862305;60895800;174.232833862305
2023-09-15;174.966503993211;174.986336709111;172.32932763975;173.50910949707;109205100;173.50910949707
2023-09-18;174.966498420943;177.841637017785;174.659159409954;176.443725585938;67257600;176.443725585938
2023-09-19;175.997591542472;178.089496773642;175.610936790167;177.534301757812;51826900;177.534301757812
2023-09-20;177.72265814248;178.15888711644;173.895760954456;173.985000610352;58436200;173.985000610352
2023-09-21;173.053062920437;174.788054927403;172.368977937221;172.438369750977;63047900;172.438369750977
2023-09-22;173.172019074673;175.561354418577;172.55734106823;173.290985107422;56725400;173.290985107422
2023-09-25;172.706034066409;175.452282405241;172.656459847628;174.569915771484;46172700;174.569915771484
2023-09-26;173.320748473294;173.697479300937;170.187845047204;170.485275268555;64588900;170.485275268555
2023-09-27;171.139604753218;171.556001014738;167.600228966334;168.968383789062;66921800;168.968383789062
2023-09-28;167.887737314056;170.554670306991;166.182486815851;169.226165771484;56294400;169.226165771484
2023-09-29;170.544750188712;171.585748350041;168.879150105;169.74169921875;51814200;169.74169921875
2023-10-02;169.751631765751;172.80521973991;169.464110311625;172.25993347168;52164500;172.25993347168
2023-10-03;170.782694773782;172.14095595652;169.355056904692;170.921493530273;49594600;170.921493530273
2023-10-04;169.62271803075;172.715971006289;169.50375199905;172.170684814453;53020300;172.170684814453
2023-10-05;172.299567992434;173.945335441061;171.199086762079;173.409973144531;48527900;173.409973144531
2023-10-06;172.309477840073;176.463546425517;171.694784731535;175.967834472656;57224100;175.967834472656
2023-10-09;175.293659320517;177.514454327681;174.292326616249;177.454971313477;42390800;177.454971313477
2023-10-10;176.572616383576;178.17871838564;176.423893710244;176.860122680664;43698000;176.860122680664
2023-10-11;176.671741779573;178.307600345267;176.076896496717;178.258026123047;47551100;178.258026123047
2023-10-12;178.52572180731;180.776243330479;177.504541198982;179.160232543945;56743100;179.160232543945
2023-10-13;179.864113544332;180.369734263163;176.612244517659;177.316162109375;51427100;177.316162109375
2023-10-16;175.234180020241;177.54419959767;174.996232830454;177.187286376953;52517000;177.187286376953
2023-10-17;175.135025356181;176.889849889714;173.300900223464;175.630737304688;57549400;175.630737304688
2023-10-18;174.074205453892;176.057053200088;173.608235023302;174.331970214844;54764400;174.331970214844
2023-10-19;174.530273836351;176.314840057158;173.687572515365;173.955261230469;59302900;173.955261230469
2023-10-20;173.806568630163;173.91562589386;171.15946791454;171.397415161133;64189300;171.397415161133
2023-10-23;169.444284827077;172.517690247474;168.472678384254;171.516357421875;55980100;171.516357421875
2023-10-24;171.565890491666;172.180568402702;169.979606370887;171.952545166016;43816600;171.952545166016
2023-10-25;170.405969455887;171.575842565936;169.186506990143;169.632659912109;57157000;169.632659912109
2023-10-26;168.908875722215;169.910223488075;164.249186673804;165.458724975586;70625300;165.458724975586
2023-10-27;165.478580751808;167.511002944;165.39926501776;166.77734375;58499100;166.77734375
2023-10-30;167.570492229458;169.702047822981;167.421769549582;168.82958984375;51131000;168.82958984375
2023-10-31;167.897660690377;169.434355790223;166.460083785985;169.305480957031;44846000;169.305480957031
2023-11-01;169.533481977227;172.735776845422;168.661024129624;172.478012084961;56934900;172.478012084961
2023-11-02;174.014742714778;176.255355482958;173.95525969593;176.047164916992;77334800;176.047164916992
2023-11-03;172.745719984982;175.303595672638;171.863353246552;175.135040283203;79763700;175.135040283203
2023-11-06;174.867367585262;177.891198641837;174.698827322903;177.692916870117;63841300;177.692916870117
2023-11-07;177.643352929923;180.87540499501;177.435162352339;180.260726928711;70530000;180.260726928711
2023-11-08;180.786170903996;181.876728217905;180.032678988569;181.321533203125;49340300;181.321533203125
2023-11-09;181.390943579881;182.540983934597;180.250796891284;180.845657348633;53763500;180.845657348633
2023-11-10;182.632564397052;185.213668810719;182.195760713398;185.044891357422;66133400;185.044891357422
2023-11-13;184.469101322497;184.677566145857;182.870805369349;183.456512451172;43627500;183.456512451172
2023-11-14;186.335435914596;186.742458889278;184.945619839899;186.077331542969;60108400;186.077331542969
2023-11-15;186.484363166274;188.122361840836;186.414864785386;186.643188476562;53790500;186.643188476562
2023-11-16;188.191859451107;189.571753736422;187.278534394421;188.330841064453;54412900;188.330841064453
2023-11-17;188.866900550568;188.995960310217;187.199121262145;188.310974121094;50922700;188.310974121094
2023-11-20;188.509510037659;190.514828995474;188.499588190312;190.058166503906;46505100;190.058166503906
2023-11-21;190.018480549164;190.127681470948;188.360623025986;189.25407409668;38134500;189.25407409668
2023-11-22;190.097888744668;191.527407337713;189.442683255443;189.919189453125;39617700;189.919189453125
2023-11-24;189.482394536807;189.512175228795;187.874176578012;188.588943481445;24048300;188.588943481445
2023-11-27;188.53930756907;189.283855178801;187.526718578435;188.410247802734;40552600;188.410247802734
2023-11-28;188.400335489711;189.6908877748;188.023093167706;189.015823364258;38415400;189.015823364258
2023-11-29;189.512161908889;190.693513100917;187.596200168974;187.993286132812;43014200;187.993286132812
2023-11-30;188.459890872819;188.93641225844;186.821892159846;188.569091796875;48794400;188.569091796875
2023-12-01;188.946312943358;190.16736666804;187.854303825116;189.849700927734;45679300;189.849700927734
2023-12-04;188.598876335512;188.668374719447;186.087270178883;188.052871704102;43389500;188.052871704102
2023-12-05;188.82719982806;192.986726241406;188.797403988897;192.013854980469;66628400;192.013854980469
2023-12-06;193.03636454966;193.34410845642;190.713379755548;190.921859741211;41089700;190.921859741211
2023-12-07;192.222334614661;193.582370007915;192.182616927756;192.857681274414;47477700;192.857681274414
2023-12-08;192.788184028159;194.565179405056;192.262038282518;194.287216186523;53377300;194.287216186523
2023-12-11;191.706136267281;192.083378603858;190.028419746644;191.775619506836;60943700;191.775619506836
2023-12-12;191.676324502212;193.304401217628;190.326210995681;193.294479370117;52696900;193.294479370117
2023-12-13;193.671698017737;196.560546042022;193.433452505043;196.520843505859;70404200;196.520843505859
2023-12-14;196.580427209702;198.168786350202;194.733948537325;196.669769287109;66831600;196.669769287109
2023-12-15;196.093964566378;196.957634858167;195.567818854385;196.133682250977;128256700;196.133682250977
2023-12-18;194.664424320386;195.200507009398;192.9767863304;194.465881347656;55751900;194.465881347656
2023-12-19;194.733957188148;195.518207371105;194.46591579616;195.508285522461;40714100;195.508285522461
2023-12-20;195.468548140258;196.242876396563;193.413604736328;193.413604736328;52242800;193.413604736328
2023-12-21;194.674384326953;195.647255611827;192.093279932795;193.264694213867;46482500;193.264694213867
2023-12-22;193.761066247857;193.989405092165;191.567141066981;192.192565917969;37122800;192.192565917969
2023-12-26;192.202487135617;192.480450368953;191.42815882163;191.646560668945;28919300;191.646560668945
2023-12-27;191.09062871652;192.093280697422;189.70079744188;191.745819091797;48087700;191.745819091797
2023-12-28;192.728640722608;193.244864668814;191.765691215277;192.172714233398;34049900;192.172714233398
2023-12-29;192.490360709745;192.986725760722;190.336138206248;191.130325317383;42628800;191.130325317383
2024-01-02;185.78943757371;187.070067922856;182.553142806565;184.290420532227;82488700;184.290420532227
2024-01-03;182.880757025821;184.528692778619;182.096491692009;182.910537719727;58414500;182.910537719727
2024-01-04;180.8257852069;181.758953942883;179.5650288616;180.587539672852;71983600;180.587539672852
2024-01-05;180.666947552363;181.431338785672;178.860171587394;179.862823486328;62303300;179.862823486328
2024-01-08;180.766223808954;184.250716222734;180.180516673985;184.210998535156;59144500;184.210998535156
2024-01-09;182.58293533515;183.803989231516;181.401583981458;183.794067382812;42841800;183.794067382812
2024-01-10;183.009821081057;185.044905902258;182.582939211984;184.836441040039;46792900;184.836441040039
2024-01-11;185.183858961237;185.690160987106;182.285089000118;184.240768432617;49128400;184.240768432617
2024-01-12;184.707356239058;185.382420570264;183.843685916876;184.568374633789;40444700;184.568374633789
2024-01-16;180.835699126469;182.920423022664;179.614630328851;182.295013427734;65603000;182.295013427734
2024-01-17;179.952190772169;181.600111237736;178.989241356364;181.351928710938;47317400;181.351928710938
2024-01-18;184.73713933248;187.764969145072;184.479034961583;187.258682250977;78005800;187.258682250977
2024-01-19;187.953589797456;190.554537786495;187.447302904677;190.167373657227;68741000;190.167373657227
2024-01-22;190.902001010964;193.909971998218;190.862283324214;192.480438232422;60133900;192.480438232422
2024-01-23;193.602222064805;194.326910772902;192.420870860459;193.761047363281;42355600;193.761047363281
2024-01-24;193.999308381436;194.952335913299;192.927158088536;193.085998535156;53631300;193.085998535156
2024-01-25;193.800777259215;194.843146925657;191.706116078257;192.758407592773;54822100;192.758407592773
2024-01-26;192.857690257357;193.344118335661;190.544627192807;191.021133422852;44594000;191.021133422852
2024-01-29;190.614099077556;190.802720218264;188.201772230463;190.336135864258;47145600;190.336135864258
2024-01-30;189.551900201128;190.405648749268;186.107125315434;186.672973632812;55859400;186.672973632812
2024-01-31;185.680239964644;185.739816497646;183.009808594354;183.059432983398;55467800;183.059432983398
2024-02-01;182.65242571389;185.590898474479;182.483663406168;185.501556396484;64885400;185.501556396484
2024-02-02;178.552427647394;185.968122343043;177.946861710137;184.498886108398;102518000;184.498886108398
2024-02-05;186.782181942185;187.874191226424;184.488977593145;186.31559753418;69668800;186.31559753418
2024-02-06;185.501548973978;187.933734714082;185.412206899557;187.923812866211;43490800;187.923812866211
2024-02-07;189.254058496133;189.661081457216;187.238817681225;188.033004760742;53439000;188.033004760742
2024-02-08;188.013171687457;188.162075158088;185.988008747582;186.950958251953;40962000;186.950958251953
2024-02-09;187.517512335377;188.849479731293;186.871420406167;187.716323852539;45155200;187.716323852539
2024-02-12;187.288900125969;187.537399358994;185.668680273148;186.026519775391;41781900;186.026519775391
2024-02-13;184.654797315146;185.092158351737;182.408354748511;183.929168701172;56529500;183.929168701172
2024-02-14;184.207514879816;184.41624573756;181.344798921811;183.044525146484;54630500;183.044525146484
2024-02-15;182.448134748838;183.382494265278;180.261344593641;182.756271362305;65434500;182.756271362305
2024-02-16;182.318882657068;183.740305901121;180.579388338918;181.215545654297;49701400;181.215545654297
2024-02-20;180.698677280235;181.334834645551;178.919429625852;180.470062255859;53665600;180.470062255859
2024-02-21;180.847785993992;181.79207995071;179.575471262737;181.225509643555;41529700;181.225509643555
2024-02-22;182.378542241141;183.849668535412;181.364676349779;183.263198852539;52292200;183.263198852539
2024-02-23;183.899358952575;183.929177645866;181.136048814847;181.42431640625;45119700;181.42431640625
2024-02-26;181.145982353685;181.662849769485;179.565515914086;180.072463989258;40867400;180.072463989258
2024-02-27;180.012831695758;182.815894864996;178.482068086349;181.533645629883;54318900;181.533645629883
2024-02-28;181.414370348769;182.02070906977;179.048668019724;180.330917358398;48953900;180.330917358398
2024-02-29;180.181814864431;181.474013814473;178.452254869711;179.664932250977;136682600;179.664932250977
2024-03-01;178.472141670821;179.446254360041;176.315170275383;178.581481933594;73488000;178.581481933594
2024-03-04;175.092558576446;175.838056297039;172.746725142292;174.048873901367;81510100;174.048873901367
2024-03-05;169.734897002673;171.007211759973;168.601741197979;169.098739624023;95132400;169.098739624023
2024-03-06;170.033092574011;170.212019887467;167.66737530322;168.104736328125;68587700;168.104736328125
2024-03-07;168.134551826415;169.705068582756;167.478525468704;167.985458374023;71765100;167.985458374023
2024-03-08;167.985467819577;172.657249985855;167.925830435267;169.705078125;76114600;169.705078125
2024-03-11;171.901828759384;173.333186742506;171.01717211248;171.712966918945;60139500;171.712966918945
2024-03-12;172.110541911549;172.985263959511;169.983389340796;172.190063476562;59825400;172.190063476562
2024-03-13;171.732861338846;172.150338247606;169.734917715337;170.10270690918;52488700;170.10270690918
2024-03-14;171.872015472655;173.263605129367;171.017177492906;171.961471557617;72913500;171.961471557617
2024-03-15;170.142432630434;171.583724975586;169.267710581651;171.583724975586;121664700;171.583724975586
2024-03-18;174.516039577903;176.643192295343;172.478342939578;172.677139282227;75604200;172.677139282227
2024-03-19;173.293404524939;175.549781586566;171.991271098206;175.022964477539;55215200;175.022964477539
2024-03-20;174.665124489139;177.597412109375;174.038901631634;177.597412109375;53423100;177.597412109375
2024-03-21;175.987142194275;176.424503227242;169.814415192054;170.341232299805;106181300;170.341232299805
2024-03-22;170.728905927768;172.011170451264;169.03911419316;171.245788574219;71106600;171.245788574219
2024-03-25;169.546053427614;170.907824286266;168.432766619319;169.824371337891;54288300;169.824371337891
2024-03-26;168.979475576363;170.39094937582;168.561998692061;168.691223144531;57388400;168.691223144531
2024-03-27;169.387007476349;172.55785986635;169.088805386806;172.269592285156;60273300;172.269592285156
2024-03-28;170.718960180415;171.196074424936;169.486398617614;170.450576782227;65672700;170.450576782227
2024-04-01;170.162332652865;170.221970040436;168.462591271161;169.009292602539;46240500;169.009292602539
2024-04-02;168.064995988212;168.323429719435;167.220092564801;167.826431274414;49329500;167.826431274414
2024-04-03;167.77672337277;169.655376832008;167.567992525737;168.631561279297;47691700;168.631561279297
2024-04-04;169.267725823661;170.887945627954;167.806564331055;167.806564331055;53704400;167.806564331055
2024-04-05;168.571930968793;169.367131523825;167.935773558205;168.561996459961;42055200;168.561996459961
2024-04-08;168.015286473004;168.184264117573;167.230035634455;167.438766479492;37425500;167.438766479492
2024-04-09;167.687280496486;169.059001125157;167.339390668314;168.651458740234;42451200;168.651458740234
2024-04-10;167.78666235173;168.074914749272;166.106805338204;166.77278137207;49709300;166.77278137207
2024-04-11;167.329421113792;174.406688789056;167.150508966361;173.989196777344;91070300;173.989196777344
2024-04-12;173.213881595044;177.289274652201;173.16419388745;175.490142822266;101593300;175.490142822266
2024-04-15;174.307290110684;175.56967037067;171.464458482204;171.6533203125;73531800;171.6533203125
2024-04-16;170.718988300334;172.716916851695;167.259882915211;168.363220214844;73711200;168.363220214844
2024-04-17;168.591821272683;169.625571414712;166.991485595703;166.991485595703;50901200;166.991485595703
2024-04-18;167.021293812455;167.627632513327;165.550182683215;166.037231445312;43122900;166.037231445312
2024-04-19;165.212218536763;165.401065192595;163.095000451395;164.009475708008;67772100;164.009475708008
2024-04-22;164.526380764618;166.255925764848;163.780883045984;164.844451904297;48116400;164.844451904297
2024-04-23;164.35740339369;166.047195192157;163.929976813975;165.898086547852;49537800;165.898086547852
2024-04-24;165.540247702776;168.283689030281;165.212242051799;168.00537109375;48251800;168.00537109375
2024-04-25;168.512292956212;169.585811426444;167.140572383051;168.870132446289;50558300;168.870132446289
2024-04-26;168.86019616248;170.311423125124;168.16438620723;168.283676147461;44838400;168.283676147461
2024-04-29;172.329241123104;174.973276569758;172.060872875149;172.458465576172;68169400;172.458465576172
2024-04-30;172.289485840439;173.93952434743;168.979474317567;169.307495117188;65934800;169.307495117188
2024-05-01;168.561994062686;171.673209175175;168.094814312018;168.283676147461;50383100;168.283676147461
2024-05-02;171.474389369161;172.37893013348;169.864119342228;171.991271972656;94214900;171.991271972656
2024-05-03;185.529503014176;185.877407972979;181.563465353197;182.279144287109;163224100;182.279144287109
2024-05-06;181.255328508815;183.094213548988;179.336906734776;180.619171142578;78569700;180.619171142578
2024-05-07;182.348738287916;183.790030838648;180.231535088308;181.305038452148;77305800;181.305038452148
2024-05-08;181.752315104689;181.970995607034;180.360710529107;181.642974853516;45057100;181.642974853516
2024-05-09;181.464077335286;183.551476957707;181.016781749679;183.462020874023;48983000;183.462020874023
2024-05-10;184.039301056681;184.228419053813;181.282206092707;182.19792175293;50759500;182.19792175293
2024-05-13;184.576786128268;186.229062535081;183.76059590764;185.412872314453;72044800;185.412872314453
2024-05-14;186.637155065652;187.423486203305;185.422832823216;186.557525634766;52393600;186.557525634766
2024-05-15;187.035311248962;189.762547246609;186.497816361472;188.836883544922;70400000;188.836883544922
2024-05-16;189.583386373099;190.210458659285;188.777159255296;188.956314086914;52845200;188.956314086914
2024-05-17;188.627835451872;189.921787057812;188.29936976198;188.98616027832;41282900;188.98616027832
2024-05-20;188.448694656883;191.026634889922;188.13017692622;190.150726318359;44361300;190.150726318359
2024-05-21;190.200491076832;191.832856429571;190.031284232753;191.454635620117;42309400;191.454635620117
2024-05-22;191.3750008715;191.922443697581;189.384310731396;190.011367797852;34648500;190.011367797852
2024-05-23;190.090991613641;190.110902767027;185.761249799404;186.01008605957;51005900;186.01008605957
2024-05-24;187.941068578364;189.692870482168;187.164685429664;189.095657348633;36294600;189.095657348633
2024-05-28;190.618519576408;192.101589125854;188.219749617586;189.105606079102;52280100;189.105606079102
2024-05-29;188.72737796967;191.355088328016;188.627837388283;189.404205322266;53068000;189.404205322266
2024-05-30;189.872034937049;191.28542322447;189.742650395506;190.399566650391;49947900;190.399566650391
2024-05-31;190.548860213842;191.673604988758;189.025983491079;191.355087280273;75158300;191.355087280273
2024-06-03;192.002070930546;194.082353810423;191.623850106009;193.126815795898;50080500;193.126815795898
2024-06-04;193.73397115741;194.41081372829;192.131464926485;193.445327758789;47471400;193.445327758789
2024-06-05;194.490423289952;195.983440915579;193.962891610584;194.958236694336;54156800;194.958236694336
2024-06-06;194.779081261445;195.585308346726;193.266152486292;193.57470703125;41181800;193.57470703125
2024-06-07;193.743901913987;196.023250513122;193.236281421784;195.973480224609;53103900;195.973480224609
2024-06-10;195.983442041535;196.38158918998;191.255552866553;192.221038818359;97262100;192.221038818359
2024-06-11;192.74855695795;206.195677892041;192.728660992746;206.18571472168;172373300;206.18571472168
2024-06-12;206.404706860746;219.174986213191;205.936893452501;212.078186035156;198134300;212.078186035156
2024-06-13;213.740424654097;215.741062953685;210.615041466107;213.242752075195;97862700;213.242752075195
2024-06-14;212.854554948432;214.168402578095;210.316421914962;211.500885009766;70122700;211.500885009766
2024-06-17;212.376780835515;217.930808360729;211.729812590414;215.661422729492;93728300;215.661422729492
2024-06-18;216.577122115661;217.612289455271;212.008492058615;213.29248046875;79943300;213.29248046875
2024-06-20;212.934181130456;213.242750885373;207.877841122262;208.703964233398;86172500;208.703964233398
2024-06-21;209.410649299664;210.903666909155;206.145918675265;206.524154663086;246421400;206.524154663086
2024-06-24;206.753084202263;211.709898519286;205.628339385624;207.171127319336;80727000;207.171127319336
2024-06-25;208.176415998444;210.396046447015;207.638936341496;208.096801757812;56713900;208.096801757812
2024-06-26;210.515485577958;213.859845672664;209.659488196939;212.257339477539;66213200;212.257339477539
2024-06-27;213.69064352295;214.7357589232;211.361539616858;213.103393554688;49772700;213.103393554688
2024-06-28;214.765592694724;215.064199229206;209.321054385675;209.639556884766;82542700;209.639556884766
2024-07-01;211.102731437438;216.49749987351;210.933524598722;215.74104309082;60402900;215.74104309082
2024-07-02;215.143827471302;219.354147987342;214.098727314206;219.244659423828;58046200;219.244659423828
2024-07-03;218.975904199462;220.518692016602;218.010418315926;220.518692016602;37369800;220.518692016602
2024-07-05;220.618236497174;225.395896039788;220.618236497174;225.286407470703;60412400;225.286407470703
2024-07-08;226.032908646976;226.7893806215;222.210787217392;226.759521484375;59085900;226.759521484375
2024-07-09;226.869000211957;228.33215871662;225.316264293808;227.615509033203;48076100;227.615509033203
2024-07-10;228.232629948364;231.995033136844;228.182859656797;231.895492553711;62627700;231.895492553711
2024-07-11;230.312906874626;231.308251995341;224.719072156294;226.510696411133;64710600;226.510696411133
2024-07-12;227.854388519861;231.557073345198;227.615500238698;229.466842651367;53046500;229.466842651367
2024-07-15;235.379203282457;236.125712102024;232.004984025523;233.308883666992;62631300;233.308883666992
2024-07-16;233.906083527344;235.170175976001;231.24851410299;233.726928710938;43234300;233.726928710938
2024-07-17;228.381913964451;230.382567193765;225.584996861803;227.814575195312;57345900;227.814575195312
2024-07-18;229.20807059345;229.367329456028;221.235361734199;223.136459350586;66034600;223.136459350586
2024-07-19;223.773474302542;225.744253186188;222.240634469227;223.265838623047;49151500;223.265838623047
2024-07-22;225.953286138444;226.71970611956;222.051535161118;222.917495727539;48201800;222.917495727539
2024-07-23;223.325580436658;225.883624693457;221.643444748375;223.962600708008;39960300;223.962600708008
2024-07-24;222.957311487025;223.753590637031;216.119295231413;217.522720336914;61777600;217.522720336914
2024-07-25;217.910899569805;219.82197556314;213.620964537798;216.477615356445;51391200;216.477615356445
2024-07-26;217.681980257729;218.468311427728;215.004499386606;216.945434570312;41601300;216.945434570312
2024-07-29;215.950080574893;218.279184474576;214.745706315722;217.22412109375;36311800;217.22412109375
2024-07-30;218.169693378198;219.304386176777;215.113976652374;217.781509399414;41643800;217.781509399414
2024-07-31;220.409213895983;222.778140013693;219.602986822378;221.046234130859;50036300;221.046234130859
2024-08-01;223.325554402556;223.435042960857;216.009777712384;217.343536376953;62501000;217.343536376953
2024-08-02;218.129876652364;224.549864817139;216.69659243939;218.836578369141;105568600;218.836578369141
2024-08-05;198.163261683961;212.50618889822;195.087648824595;208.295883178711;119548600;208.295883178711
2024-08-06;204.344356803192;209.012527860418;200.134051185192;206.265365600586;69660500;206.265365600586
2024-08-07;205.936886558643;212.645517721508;205.429266046328;208.843307495117;63516400;208.843307495117
2024-08-08;212.11799639405;213.20291891579;207.857920550433;212.31706237793;47161100;212.31706237793
2024-08-09;211.112715833172;215.770923921018;210.983316101478;215.233444213867;42201600;215.233444213867
2024-08-12;215.313158483682;218.741096098;214.844803580685;216.768035888672;38028100;216.768035888672
2024-08-13;218.242840736009;221.112757464577;218.242840736009;220.494934082031;44155300;220.494934082031
2024-08-14;219.797393682455;222.248768268087;218.930430782847;220.943359375;41960600;220.943359375
2024-08-15;223.813271274212;224.560644154417;221.979704918717;223.932846069336;46414000;223.932846069336
2024-08-16;223.135650078678;226.035460565396;222.866591578534;225.258193969727;44340200;225.258193969727
2024-08-19;224.929352181208;225.198410686269;222.25873174304;225.098754882812;40687800;225.098754882812
2024-08-20;224.979185029386;226.374275076411;224.660298615586;225.716583251953;30299000;225.716583251953
2024-08-21;225.726538850263;227.181416175399;224.261686822201;225.606948852539;34765500;225.606948852539
2024-08-22;226.992090411493;227.540166912353;223.115716913178;223.743515014648;43695300;223.743515014648
2024-08-23;224.86956599567;227.420596442398;223.544222870308;226.045425415039;38677300;226.045425415039
2024-08-26;225.965689328256;226.483872106201;223.105747359945;226.384216308594;30602200;226.384216308594
2024-08-27;225.208358923016;228.048381920774;224.102246463455;227.231246948242;35934600;227.231246948242
2024-08-28;227.121623609252;229.054830470597;224.889464568412;225.696640014648;38052200;225.696640014648
2024-08-29;229.294019077374;232.104133363759;228.078291238373;228.985092163086;51906300;228.985092163086
2024-08-30;229.383694828594;229.592950727362;226.683180703549;228.197860717773;52990800;228.197860717773
2024-09-03;227.749421991981;228.197842659195;220.395268310443;221.989669799805;50190600;221.989669799805
2024-09-04;220.88356101217;221.003135803971;216.718195035481;220.076400756836;43840200;220.076400756836
2024-09-05;220.853655622514;224.690160307972;220.744040334053;221.601028442383;36615400;221.601028442383
2024-09-06;223.165550015734;224.451039948199;219.000198922793;220.046524047852;48423000;220.046524047852
2024-09-09;220.046503599942;220.494924267486;215.950899786409;220.136184692383;67180000;220.136184692383
2024-09-10;218.153170387545;220.70420084736;215.97083903479;219.339004516602;51591000;219.339004516602
2024-09-11;220.684257165567;222.308537118877;217.126755176331;221.88005065918;44587100;221.88005065918
2024-09-12;221.72061131734;222.7669363444;219.0500063088;221.989669799805;37498200;221.989669799805
2024-09-13;222.796845630876;223.255225827535;221.132697132784;221.720626831055;36766600;221.720626831055
2024-09-16;215.781486502589;216.459112472408;213.170668831281;215.562271118164;59357400;215.562271118164
2024-09-17;214.994258791576;216.1402244249;213.748637361729;216.030609130859;45519300;216.030609130859
2024-09-18;216.787961181555;221.92989019974;216.777986478492;219.916961669922;59894900;219.916961669922
2024-09-19;224.201914729362;229.014998120755;223.843175122384;228.068313598633;66781300;228.068313598633
2024-09-20;229.164454264056;232.273520553318;226.822679844042;227.400650024414;318679900;227.400650024414
2024-09-23;226.543659695761;228.646269302207;225.019020264182;225.676712036133;54146000;225.676712036133
2024-09-24;227.84907781671;228.546638018285;224.939307828604;226.57356262207;43556100;226.57356262207
2024-09-25;224.142113705517;226.49384776667;223.235312786078;225.577072143555;42308700;225.577072143555
2024-09-26;226.503807128468;227.69960067739;224.620428107446;226.723037719727;36636700;226.723037719727
2024-09-27;227.659747164324;228.716031717823;226.503806812995;226.992080688477;34026000;226.992080688477
2024-09-30;229.234214676565;232.183853149414;228.84558136749;232.183853149414;54541900;232.183853149414
2024-10-01;228.716036279029;228.845570572383;222.956283813492;225.417633056641;63285000;225.417633056641
2024-10-02;225.098759549566;226.573571198191;222.238817354082;225.985641479492;32880600;225.985641479492
2024-10-03;224.351374313023;226.015522777617;222.537757353687;224.879516601562;34044200;224.879516601562
2024-10-04;227.10170726187;227.201363064648;223.344923741497;226.005569458008;37245100;226.005569458008
2024-10-07;223.713622115326;224.899456219972;220.554727805866;220.913467407227;39505400;220.913467407227
2024-10-08;223.514319687327;225.188427644964;222.467994611134;224.97917175293;31855700;224.97917175293
2024-10-09;224.441061390199;228.945233017617;224.042468590041;228.735961914062;33591100;228.735961914062
2024-10-10;226.982135650997;228.696112086548;226.374271738327;228.237716674805;28183500;228.237716674805
2024-10-11;228.496815077399;228.606430379568;226.543673840206;226.752944946289;31759200;226.752944946289
2024-10-14;227.898908307348;230.918293629555;227.799267709805;230.489807128906;39882100;230.489807128906
2024-10-15;232.791703736327;236.658117609087;231.556041775615;233.030868530273;64751400;233.030868530273
2024-10-16;230.788746941708;231.306914513928;229.034902219302;230.968109130859;34082200;230.968109130859
2024-10-17;232.612337729253;233.030879940488;229.712542388037;231.336822509766;32993800;231.336822509766
2024-10-18;235.352693464246;235.352693464246;233.190296437777;234.176834106445;46431500;234.176834106445
2024-10-21;233.628768974823;236.020371413609;233.628768974823;235.651657104492;36254500;235.651657104492
2024-10-22;233.070728047159;235.392568333329;231.785253357521;235.033828735352;38846600;235.033828735352
2024-10-23;233.260068709133;234.316353318733;226.962199044242;229.951690673828;52287000;229.951690673828
2024-10-24;229.174429952951;230.011499186794;227.60993720006;229.76237487793;31109500;229.76237487793
2024-10-25;228.935262581316;232.403068434092;228.765859889076;230.599411010742;38802300;230.599411010742
2024-10-28;232.502736841031;233.907786354126;231.735429730168;232.582443237305;36087100;232.582443237305
2024-10-29;232.283505961363;233.509193273372;231.506239353226;232.851501464844;35417200;232.851501464844
2024-10-30;231.795193360999;232.652181483796;228.74591463731;229.293991088867;47070900;229.293991088867
2024-10-31;228.536660909572;229.024950004467;224.580565866082;225.118682861328;64370100;225.118682861328
2024-11-01;220.19597402565;224.560636360266;219.498429069404;222.129180908203;65276700;222.129180908203
2024-11-04;220.215914160917;222.009596895222;218.940399005022;221.232330322266;44944500;221.232330322266
2024-11-05;221.023083057558;223.165545965663;220.365391253133;222.667297363281;28111300;222.667297363281
2024-11-06;221.830234557128;225.278121439128;220.415210407161;221.939849853516;54561100;221.939849853516
2024-11-07;223.843173828763;227.081789771112;223.783386428835;226.683181762695;42137700;226.683181762695
2024-11-08;226.623319734505;228.109739569894;225.865154133821;226.413833618164;38328800;226.413833618164
2024-11-11;224.458550471493;225.156862917435;220.966973019714;223.690399169922;42005600;223.690399169922
2024-11-12;224.009636414964;225.04712701721;222.822497645828;223.690399169922;40398300;223.690399169922
2024-11-13;223.470932844099;226.104579291934;222.223940866486;224.578262329102;48566200;224.578262329102
2024-11-14;224.478510489453;228.319236619632;224.458554355775;227.670806884766;44923900;227.670806884766
2024-11-15;225.855166708481;226.373919600761;223.730302863118;224.458541870117;47923700;224.458541870117
2024-11-18;224.707944594576;229.187145063332;224.628135284831;227.471282958984;44686000;227.471282958984
2024-11-19;226.43377721041;229.606132579771;226.11455519342;227.730651855469;36211800;227.730651855469
2024-11-20;227.511173240173;229.376668231049;225.346397152166;228.448913574219;35169600;228.448913574219
2024-11-21;228.32921179398;229.606130293364;225.166842133623;227.970077514648;42108300;227.970077514648
2024-11-22;227.511176396392;230.164778820595;227.511176396392;229.316818237305;38168300;229.316818237305
2024-11-25;230.90300551931;232.688691243144;229.187143427212;232.309600830078;90152800;232.309600830078
2024-11-26;232.768491251955;235.003106153375;232.768491251955;234.494323730469;45986200;234.494323730469
2024-11-27;233.905770014467;235.122835410728;233.247354592475;234.364654541016;33498400;234.364654541016
2024-11-29;234.244940590415;237.237721260224;233.406965656166;236.758880615234;28481400;236.758880615234
2024-12-02;236.69901868412;240.210536913615;236.589282788069;239.013427734375;48137100;239.013427734375
2024-12-03;239.232908507596;242.175806456811;238.325094717281;242.066070556641;38861000;242.066070556641
2024-12-04;242.285538928872;243.522560402196;240.669442260197;242.425201416016;44383900;242.425201416016
2024-12-05;243.402849928879;243.951514190614;241.54732536133;242.455123901367;40033900;242.455123901367
2024-12-06;242.325438826628;244.041300850857;241.497434401512;242.255599975586;36870600;242.255599975586
2024-12-09;241.248045868801;246.64503053466;241.168236559527;246.156204223633;44649200;246.156204223633
2024-12-10;246.29586465842;247.612695417372;244.749591651009;247.173751831055;36914800;247.173751831055
2024-12-11;247.363283688027;250.196445491468;245.667362610213;245.896820068359;45205800;245.896820068359
2024-12-12;246.295864133242;248.141418238485;245.088769273443;247.363296508789;32777500;247.363296508789
2024-12-13;247.223631137632;248.690079594113;245.647431564018;247.53288269043;33155300;247.53288269043
2024-12-16;247.393219290754;250.775060670736;247.054025929588;250.43586730957;51694800;250.43586730957
2024-12-17;249.478183319437;253.219158929633;249.178902226207;252.869995117188;51356400;252.869995117188
2024-12-18;251.553189258424;253.668082680045;247.143827663536;247.453079223633;56774100;247.453079223633
2024-12-19;246.904405996077;251.393577014187;246.495388983352;249.188888549805;60882300;249.188888549805
2024-12-20;247.443103267557;254.386361236669;245.098767503128;253.877593994141;147495300;253.877593994141
2024-12-23;254.156919155294;255.034791149563;252.840088330787;254.655715942383;40858800;254.655715942383
2024-12-24;254.875189019176;257.588629550183;254.675658125688;257.578674316406;23234700;257.578674316406
2024-12-26;257.56867823862;259.474085551175;257.01002829238;258.396667480469;27237100;258.396667480469
2024-12-27;257.209529602079;258.07746155691;252.451019365451;254.97492980957;42355300;254.97492980957
2024-12-30;251.623020461234;252.889968550074;250.146586248249;251.59309387207;35557500;251.59309387207
2024-12-31;251.832526108986;252.670501064015;248.829759687028;249.8173828125;39480700;249.8173828125
2025-01-02;248.3309608077;248.500565110523;241.238085117217;243.263198852539;55740700;243.263198852539
2025-01-03;242.774368286133;243.592387086203;241.307904541717;242.774368286133;40244100;242.774368286133
2025-01-06;243.722073675932;246.734810408565;242.614744245127;244.410415649414;45045600;244.410415649414
2025-01-07;242.395272290686;244.95909497608;240.769205183544;241.627136230469;40856000;241.627136230469
2025-01-08;241.33781457711;243.123515443411;239.47231962726;242.115936279297;37628900;242.115936279297
2025-01-10;239.432413224566;239.582061384539;232.439288188622;236.280029296875;61710900;236.280029296875
2025-01-13;232.968020722994;234.105276762132;229.167191729611;233.835922241211;49630700;233.835922241211
2025-01-14;234.185076347582;235.551774584491;231.91056436376;232.718612670898;39435300;232.718612670898
2025-01-15;234.075338893568;238.384950132357;233.865837560265;237.297561645508;39832000;237.297561645508
2025-01-16;236.778830103165;237.437230263271;227.481251109975;227.710693359375;71759100;227.710693359375
2025-01-17;231.561409027812;231.730998103985;227.930169129233;229.426559448242;68488300;229.426559448242
2025-01-21;223.46094530611;223.87993275191;218.852068180233;222.104217529297;98070400;222.104217529297
2025-01-22;219.261065119219;223.580646730968;219.261065119219;223.291351318359;64126500;223.291351318359
2025-01-23;224.199183272329;226.48366583841;221.76505253826;223.121780395508;60234800;223.121780395508
2025-01-24;224.239068248149;225.087028821567;220.877182986192;222.243881225586;54697900;222.243881225586
2025-01-27;223.480896692231;231.591321371383;223.440984428486;229.306838989258;94863400;229.306838989258
2025-01-28;230.294473720962;239.611993687696;230.25456145519;237.686630249023;75707600;237.686630249023
2025-01-29;233.556600815909;239.282793365063;233.446864914759;238.783996582031;45486100;238.783996582031
2025-01-30;238.095637051583;240.210530384828;236.639159076749;237.01823425293;55658300;237.01823425293
2025-01-31;246.595157642632;246.595157642632;232.878246019598;235.432083129883;101075100;235.432083129883
2025-02-03;229.436549933307;231.272118443123;225.156865006909;227.461303710938;73063300;227.461303710938
2025-02-04;226.70312948059;232.568984302569;226.104567274321;232.239776611328;45067300;232.239776611328
2025-02-05;227.98004730882;232.110083898117;227.720678471971;231.910568237305;39620300;231.910568237305
2025-02-06;230.733404243552;233.237373782739;229.875473186273;232.658767700195;29925300;232.658767700195
2025-02-07;232.040255291802;233.436880109613;226.713094407707;227.082214355469;39707200;227.082214355469
2025-02-10;229.269351301966;230.288004488528;226.902444806591;227.351852416992;33115600;227.351852416992
2025-02-11;227.901143703196;234.921935918181;227.831243300151;232.315353393555;53718400;232.315353393555
2025-02-12;230.897211345477;236.64967765067;230.377888084301;236.559783935547;45243300;236.559783935547
2025-02-13;236.599739444553;242.022620844311;235.261498004763;241.213684082031;53614100;241.213684082031
2025-02-14;240.934044353793;245.228415860502;240.674390351547;244.279663085938;40896200;244.279663085938
2025-02-18;243.830253068583;244.858902953058;241.523280701676;244.149841308594;48822500;244.149841308594
2025-02-19;244.339584707675;245.687807536999;242.841549182557;244.549301147461;32204200;244.549301147461
2025-02-20;244.619222816696;246.456809448827;243.970064929859;245.508056640625;32316900;245.508056640625
2025-02-21;245.627894125836;248.364311233094;244.898854420607;245.228424072266;53197400;245.228424072266
2025-02-24;244.609226181644;248.534087278731;244.099899576473;246.776397705078;51326400;246.776397705078
2025-02-25;247.67521063757;249.672591368518;244.589261065569;246.716461181641;48013300;246.716461181641
2025-02-26;244.010013678405;244.65915630675;238.816826935233;240.045211791992;44433600;240.045211791992
2025-02-27;239.09646458025;242.142473249392;236.749536120712;236.989227294922;41153600;236.989227294922
2025-02-28;236.639674470245;241.772942239855;229.898514633796;241.52326965332;56833400;241.52326965332
2025-03-03;241.473331931836;243.710403791712;235.800778084059;237.71826171875;47184000;237.71826171875
2025-03-04;237.398700377938;239.755610318474;234.372654462949;235.621017456055;53798100;235.621017456055
2025-03-05;235.111686179537;236.240211179348;228.929790322032;235.431274414062;47227600;235.431274414062
2025-03-06;234.132970996597;237.548490207309;232.854648551844;235.02180480957;45170400;235.02180480957
2025-03-07;234.802091691634;241.053887873708;234.452543969304;238.756912231445;46273600;238.756912231445
2025-03-10;235.23152514577;235.850723543088;223.926357980573;227.182083129883;72071200;227.182083129883
2025-03-11;223.516892916373;225.544233181428;217.165221450044;220.55078125;76137400;220.55078125
2025-03-12;219.851696511988;221.459588610437;214.628550165854;216.695831298828;62547500;216.695831298828
2025-03-13;215.667188575216;216.556022420604;208.147051091282;209.405395507812;61368300;209.405395507812
2025-03-14;210.973346722148;213.669807750835;209.305535585001;213.210418701172;60107600;213.210418701172
2025-03-17;213.030643019264;214.938145306851;209.695020799553;213.719741821289;48073400;213.719741821289
2025-03-18;213.879529282523;214.868222977432;211.213027873323;212.41145324707;42432400;212.41145324707
2025-03-19;213.939446208669;218.473493654713;213.470060528986;214.958114624023;54385400;214.958114624023
2025-03-20;213.709754047361;217.2051702816;211.942067856323;213.819610595703;48862900;213.819610595703
2025-03-21;211.282927190511;218.553391691283;211.003295112697;217.984146118164;94127800;217.984146118164
2025-03-24;220.710568631681;221.1899357356;218.293739799303;220.44091796875;44299500;220.44091796875
2025-03-25;220.480877180077;223.806517939752;219.791778386792;223.456970214844;34493600;223.456970214844
2025-03-26;223.217270755766;224.725302910842;220.181258849704;221.239868164062;34466100;221.239868164062
2025-03-27;221.100054044654;224.695345368756;220.271139232742;223.556838989258;37094800;223.556838989258
2025-03-28;221.379690959181;223.516887726657;217.394910924452;217.614624023438;39818600;217.614624023438
2025-03-31;216.725791028572;225.324515696878;215.946813761517;221.839096069336;65299300;221.839096069336
2025-04-01;219.522126766863;223.387053604305;218.613314877091;222.897705078125;36412700;222.897705078125
2025-04-02;221.030160170359;224.895087028767;220.730550011371;223.596786499023;35905900;223.596786499023
2025-04-03;205.27081771109;207.218276178342;200.98644260851;202.923904418945;103419000;202.923904418945
2025-04-04;193.636079351101;199.618240280696;187.094654240612;188.13330078125;125910900;188.13330078125
2025-04-07;176.967935484531;193.89573468351;174.391312428937;181.222366333008;160466300;181.222366333008
2025-04-08;186.455496439527;190.09072892121;168.988410927057;172.194198608398;120859500;172.194198608398
2025-04-09;171.724804500432;200.347273899712;171.66488551699;198.589584350586;184395900;198.589584350586
2025-04-10;188.822400885133;194.524914524605;182.760342853983;190.170623779297;121880000;190.170623779297
2025-04-11;185.856281088865;199.278666654257;185.816324940949;197.890487670898;87435900;197.890487670898
2025-04-14;211.163092184705;212.661127724905;200.896556501644;202.254776000977;101352900;202.254776000977
2025-04-15;201.595642568339;203.243475614954;199.538342804848;201.875274658203;51343900;201.875274658203
2025-04-16;198.100219111762;200.437150881426;192.118058408872;194.015579223633;59732400;194.015579223633
2025-04-17;196.941743746657;198.569613974368;194.165385654968;196.722030639648;51334300;196.722030639648
2025-04-21;193.016884744321;193.546189401209;189.561409490315;192.907028198242;46742500;192.907028198242
2025-04-22;195.863154496488;201.325992151294;195.713357033445;199.478424072266;52976400;199.478424072266
2025-04-23;205.730222230906;207.727603029265;202.534416001294;204.332061767578;52929200;204.332061767578
2025-04-24;204.621668722661;208.556511207573;202.674225554414;208.097106933594;47311000;208.097106933594
2025-04-25;206.099727762298;209.475306105397;205.929952227246;209.005920410156;38222300;209.005920410156
2025-04-28;209.724975829117;211.223011370753;207.18830901702;209.864791870117;38743100;209.864791870117
2025-04-29;208.416691438581;211.962045226441;208.097103212171;210.933395385742;36827600;210.933395385742
2025-04-30;209.025903969751;213.300297666777;206.399343338795;212.221710205078;52286500;212.221710205078
2025-05-01;208.806181557901;214.279000444452;208.626409369559;213.040634155273;57365700;213.040634155273
2025-05-02;205.820091054177;206.718921514556;201.895245284151;205.081069946289;101010600;205.081069946289
2025-05-05;202.83402512432;203.832715518356;197.950429707034;198.629531860352;69018500;198.629531860352
2025-05-06;197.950420345791;200.387211991405;196.761976394881;198.250015258789;51216500;198.250015258789
2025-05-07;198.909154946945;199.178805607994;192.996909910554;195.992980957031;68536700;195.992980957031
2025-05-08;197.461063539539;199.788013958154;194.42503624466;197.231369018555;50478900;197.231369018555
2025-05-09;198.739389980464;200.277366494334;197.281295288598;198.270004272461;36453900;198.270004272461
2025-05-12;210.970001220703;211.270004272461;206.75;210.789993286133;63775800;210.789993286133
2025-05-13;210.429992675781;213.399993896484;209;212.929992675781;51909300;212.929992675781
2025-05-14;212.429992675781;213.940002441406;210.580001831055;212.330001831055;49325800;212.330001831055
2025-05-15;210.949996948242;212.960006713867;209.539993286133;211.449996948242;45029500;211.449996948242
2025-05-16;212.360000610352;212.570007324219;209.770004272461;211.259994506836;54737900;211.259994506836
2025-05-19;207.910003662109;209.479995727539;204.259994506836;208.779998779297;46140500;208.779998779297
2025-05-20;207.669998168945;208.470001220703;205.029998779297;206.860000610352;42496600;206.860000610352
2025-05-21;205.169998168945;207.039993286133;200.710006713867;202.089996337891;59211800;202.089996337891
2025-05-22;200.710006713867;202.75;199.699996948242;201.360000610352;46742400;201.360000610352
2025-05-23;193.669998168945;197.699996948242;193.460006713867;195.270004272461;78314800;195.270004272461
