ts;price;volume
946620000000000000;73.75;200.0
946879200000000000;75.3923;253.0
946965600000000000;77.0313;306.0
947052000000000000;75.9138;359.0
947138400000000000;77.5366;412.0
947224800000000000;79.1464;465.0
947484000000000000;77.9901;518.0
947570400000000000;79.5648;571.0
947656800000000000;81.1175;224.0
947743200000000000;79.8954;277.0
947829600000000000;81.3957;330.0
948175200000000000;80.116;383.0
948261600000000000;81.5538;436.0
948348000000000000;82.9569;489.0
948434400000000000;81.5732;542.0
948693600000000000;82.901;595.0
948780000000000000;84.1884;248.0
948866400000000000;82.6841;301.0
948952800000000000;83.8867;354.0
949039200000000000;85.0454;407.0
949298400000000000;83.4091;460.0
949384800000000000;84.4775;513.0
949471200000000000;82.75;566.0
949557600000000000;83.7266;219.0
949644000000000000;84.6575;272.0
949903200000000000;82.7929;325.0
949989600000000000;83.6335;378.0
950076000000000000;84.4301;431.0
950162400000000000;82.4337;484.0
950248800000000000;83.1455;537.0
950508000000000000;83.8171;590.0
950594400000000000;81.7001;243.0
950680800000000000;82.2963;296.0
950767200000000000;80.1079;349.0
950853600000000000;80.6371;402.0
951199200000000000;81.1362;455.0
951285600000000000;78.8579;508.0
951372000000000000;79.3048;561.0
951458400000000000;79.7298;214.0
951717600000000000;77.3857;267.0
951804000000000000;77.7757;320.0
951890400000000000;78.1527;373.0
951976800000000000;75.7701;426.0
952063200000000000;76.131;479.0
952322400000000000;73.7386;532.0
952408800000000000;74.0963;585.0
952495200000000000;74.4574;238.0
952581600000000000;72.075;291.0
952668000000000000;72.4525;344.0
952927200000000000;72.843;397.0
953013600000000000;70.4995;450.0
953100000000000000;70.9252;503.0
953186400000000000;71.3729;556.0
953272800000000000;69.0955;209.0
953532000000000000;69.5957;262.0
953618400000000000;67.376;315.0
953704800000000000;67.9388;368.0
953791200000000000;68.5363;421.0
953877600000000000;66.4206;474.0
954136800000000000;67.0936;527.0
954223200000000000;67.8069;580.0
954309600000000000;65.812;233.0
954396000000000000;66.6101;286.0
954482400000000000;67.4522;339.0
954741600000000000;65.5893;392.0
954828000000000000;66.5217;445.0
954914400000000000;64.75;498.0
955000800000000000;65.7742;551.0
955087200000000000;66.8441;204.0
955346400000000000;65.2095;257.0
955432800000000000;66.3697;310.0
955519200000000000;67.5739;363.0
955605600000000000;66.0711;416.0
955692000000000000;67.36;469.0
955951200000000000;68.6891;522.0
956037600000000000;67.3068;575.0
956124000000000000;68.7111;228.0
956210400000000000;67.4001;281.0
956556000000000000;68.8715;334.0
956642400000000000;70.3729;387.0
956728800000000000;69.1517;440.0
956815200000000000;70.7052;493.0
956901600000000000;72.2806;546.0
957160800000000000;71.1249;599.0
957247200000000000;72.7353;252.0
957333600000000000;74.3584;305.0
957420000000000000;73.2412;358.0
957506400000000000;74.8804;411.0
957765600000000000;73.7728;464.0
957852000000000000;75.415;517.0
957938400000000000;77.0539;570.0
958024800000000000;75.9361;223.0
958111200000000000;77.5584;276.0
958370400000000000;79.1677;329.0
958456800000000000;78.0108;382.0
958543200000000000;79.5848;435.0
958629600000000000;81.1366;488.0
958716000000000000;79.9136;541.0
958975200000000000;81.4129;594.0
959061600000000000;80.132;247.0
959148000000000000;81.5687;300.0
959234400000000000;82.9705;353.0
959320800000000000;81.5855;406.0
959666400000000000;82.9118;459.0
959752800000000000;84.1978;512.0
959839200000000000;82.692;565.0
959925600000000000;83.8931;218.0
960184800000000000;85.0502;271.0
960271200000000000;83.4123;324.0
960357600000000000;84.479;377.0
960444000000000000;82.75;430.0
960530400000000000;83.725;483.0
960789600000000000;84.6542;536.0
960876000000000000;82.7881;589.0
960962400000000000;83.6271;242.0
961048800000000000;84.4221;295.0
961135200000000000;82.4242;348.0
961394400000000000;83.1346;401.0
961480800000000000;83.8047;454.0
961567200000000000;81.6864;507.0
961653600000000000;82.2814;560.0
961740000000000000;80.0918;213.0
961999200000000000;80.6199;266.0
962085600000000000;81.118;319.0
962172000000000000;78.8388;372.0
962258400000000000;79.2848;425.0
962344800000000000;79.7091;478.0
962604000000000000;77.3644;531.0
962776800000000000;77.7538;584.0
962863200000000000;78.1305;237.0
962949600000000000;75.7475;290.0
963208800000000000;76.1083;343.0
963295200000000000;73.7159;396.0
963381600000000000;74.0736;449.0
963468000000000000;74.4349;502.0
963554400000000000;72.0528;555.0
963813600000000000;72.4307;208.0
963900000000000000;72.8216;261.0
963986400000000000;70.4788;314.0
964072800000000000;70.9052;367.0
964159200000000000;71.3538;420.0
964418400000000000;69.0774;473.0
964504800000000000;69.5785;526.0
964591200000000000;67.3599;579.0
964677600000000000;67.9239;232.0
964764000000000000;68.5227;285.0
965023200000000000;66.4084;338.0
965109600000000000;67.0827;391.0
965196000000000000;67.7975;444.0
965282400000000000;65.8041;497.0
965368800000000000;66.6037;550.0
965628000000000000;67.4475;203.0
965714400000000000;65.5861;256.0
965800800000000000;66.5202;309.0
965887200000000000;64.7501;362.0
965973600000000000;65.7759;415.0
966232800000000000;66.8474;468.0
966319200000000000;65.2144;521.0
966405600000000000;66.3762;574.0
966492000000000000;67.5819;227.0
966578400000000000;66.0806;280.0
966837600000000000;67.3709;333.0
966924000000000000;68.7015;386.0
967010400000000000;67.3205;439.0
967096800000000000;68.7261;492.0
967183200000000000;67.4163;545.0
967442400000000000;68.8888;598.0
967528800000000000;70.3911;251.0
967615200000000000;69.1708;304.0
967701600000000000;70.7252;357.0
967788000000000000;72.3013;410.0
968133600000000000;71.1463;463.0
968220000000000000;72.7571;516.0
968306400000000000;74.3807;569.0
968392800000000000;73.2637;222.0
968652000000000000;74.9031;275.0
968738400000000000;73.7955;328.0
968824800000000000;75.4377;381.0
968911200000000000;77.0764;434.0
968997600000000000;75.9583;487.0
969256800000000000;77.5802;540.0
969343200000000000;79.189;593.0
969429600000000000;78.0315;246.0
969516000000000000;79.6047;299.0
969602400000000000;81.1557;352.0
969861600000000000;79.9317;405.0
969948000000000000;81.43;458.0
970034400000000000;80.1481;511.0
970120800000000000;81.5835;564.0
970207200000000000;82.9841;217.0
970466400000000000;81.5977;270.0
970552800000000000;82.9227;323.0
970639200000000000;84.2072;376.0
970725600000000000;82.6999;429.0
970812000000000000;83.8994;482.0
971071200000000000;85.0549;535.0
971157600000000000;83.4155;588.0
971244000000000000;84.4806;241.0
971330400000000000;82.7499;294.0
971416800000000000;83.7233;347.0
971676000000000000;84.6509;400.0
971762400000000000;82.7831;453.0
971848800000000000;83.6206;506.0
971935200000000000;84.4141;559.0
972021600000000000;82.4146;212.0
972280800000000000;83.1236;265.0
972367200000000000;83.7923;318.0
972453600000000000;81.6727;371.0
972540000000000000;82.2664;424.0
972626400000000000;80.0756;477.0
972885600000000000;80.6026;530.0
972972000000000000;81.0997;583.0
973058400000000000;78.8195;236.0
973144800000000000;79.2648;289.0
973231200000000000;79.6883;342.0
973490400000000000;77.343;395.0
973576800000000000;77.7319;448.0
973663200000000000;78.1082;501.0
973749600000000000;75.725;554.0
973836000000000000;76.0855;207.0
974095200000000000;73.6931;260.0
974181600000000000;74.0509;313.0
974268000000000000;74.4124;366.0
974354400000000000;72.0306;419.0
974440800000000000;72.4089;472.0
974700000000000000;72.8004;525.0
974786400000000000;70.4582;578.0
974872800000000000;70.8853;231.0
975045600000000000;71.3347;284.0
975304800000000000;69.0592;337.0
975391200000000000;69.5614;390.0
975477600000000000;67.3439;443.0
975564000000000000;67.9091;496.0
975650400000000000;68.5092;549.0
975909600000000000;66.3962;202.0
975996000000000000;67.0719;255.0
976082400000000000;67.7881;308.0
976168800000000000;65.7962;361.0
976255200000000000;66.5974;414.0
976514400000000000;67.4427;467.0
976600800000000000;65.583;520.0
976687200000000000;66.5187;573.0
976773600000000000;64.7502;226.0
976860000000000000;65.7776;279.0
977119200000000000;66.8508;332.0
977205600000000000;65.2194;385.0
977292000000000000;66.3827;438.0
977378400000000000;67.59;491.0
977464800000000000;66.0902;544.0
977810400000000000;67.382;597.0
977896800000000000;68.7139;250.0
977983200000000000;67.3342;303.0
978069600000000000;68.7411;356.0
978415200000000000;67.4325;409.0
978501600000000000;68.9061;462.0
978588000000000000;70.4094;515.0
978674400000000000;69.1901;568.0
978933600000000000;70.7452;221.0
979020000000000000;72.3221;274.0
979106400000000000;71.1677;327.0
979192800000000000;72.779;380.0
979279200000000000;74.4029;433.0
979624800000000000;73.2863;486.0
979711200000000000;74.9258;539.0
979797600000000000;73.8183;592.0
979884000000000000;75.4604;245.0
980143200000000000;77.0989;298.0
980229600000000000;75.9805;351.0
980316000000000000;77.602;404.0
980402400000000000;79.2103;457.0
980488800000000000;78.0521;510.0
980748000000000000;79.6246;563.0
980834400000000000;81.1748;216.0
980920800000000000;79.9499;269.0
981007200000000000;81.4471;322.0
981093600000000000;80.1641;375.0
981352800000000000;81.5983;428.0
981439200000000000;82.9976;481.0
981525600000000000;81.6099;534.0
981612000000000000;82.9334;587.0
981698400000000000;84.2165;240.0
981957600000000000;82.7077;293.0
982044000000000000;83.9057;346.0
982130400000000000;85.0596;399.0
982216800000000000;83.4185;452.0
982303200000000000;84.482;505.0
982648800000000000;82.7497;558.0
982735200000000000;83.7215;211.0
982821600000000000;84.6475;264.0
982908000000000000;82.7781;317.0
983167200000000000;83.614;370.0
983253600000000000;84.406;423.0
983340000000000000;82.405;476.0
983426400000000000;83.1125;529.0
983512800000000000;83.7799;582.0
983772000000000000;81.6589;235.0
983858400000000000;82.2514;288.0
983944800000000000;80.0594;341.0
984031200000000000;80.5853;394.0
984117600000000000;81.0814;447.0
984376800000000000;78.8003;500.0
984463200000000000;79.2448;553.0
984549600000000000;79.6675;206.0
984636000000000000;77.3216;259.0
984722400000000000;77.7101;312.0
984981600000000000;78.0859;365.0
985068000000000000;75.7024;418.0
985154400000000000;76.0628;471.0
985240800000000000;73.6703;524.0
985327200000000000;74.0283;577.0
985586400000000000;74.3899;230.0
985672800000000000;72.0084;283.0
985759200000000000;72.3871;336.0
985845600000000000;72.7791;389.0
985932000000000000;70.4375;442.0
986191200000000000;70.8654;495.0
986277600000000000;71.3157;548.0
986364000000000000;69.0411;201.0
986450400000000000;69.5443;254.0
986536800000000000;67.328;307.0
986796000000000000;67.8943;360.0
986882400000000000;68.4957;413.0
986968800000000000;66.384;466.0
987055200000000000;67.0612;519.0
987400800000000000;67.7789;572.0
987487200000000000;65.7884;225.0
987573600000000000;66.5912;278.0
987660000000000000;67.4381;331.0
987746400000000000;65.5799;384.0
988005600000000000;66.5173;437.0
988092000000000000;64.7504;490.0
988178400000000000;65.7794;543.0
988264800000000000;66.8542;596.0
988351200000000000;65.2244;249.0
988610400000000000;66.3893;302.0
988696800000000000;67.5981;355.0
988783200000000000;66.0998;408.0
988869600000000000;67.393;461.0
988956000000000000;68.7263;514.0
989215200000000000;67.348;567.0
989301600000000000;68.7562;220.0
989388000000000000;67.4487;273.0
989474400000000000;68.9234;326.0
989560800000000000;70.4278;379.0
989820000000000000;69.2093;432.0
989906400000000000;70.7653;485.0
989992800000000000;72.3429;538.0
990079200000000000;71.1891;591.0
990165600000000000;72.8009;244.0
990424800000000000;74.4252;297.0
990511200000000000;73.3088;350.0
990597600000000000;74.9485;403.0
990684000000000000;73.841;456.0
990770400000000000;75.4831;509.0
991116000000000000;77.1214;562.0
991202400000000000;76.0027;215.0
991288800000000000;77.6238;268.0
991375200000000000;79.2315;321.0
991634400000000000;78.0728;374.0
991720800000000000;79.6445;427.0
991807200000000000;81.1938;480.0
991893600000000000;79.968;533.0
991980000000000000;81.4642;586.0
992239200000000000;80.18;239.0
992325600000000000;81.613;292.0
992412000000000000;83.011;345.0
992498400000000000;81.622;398.0
992584800000000000;82.9442;451.0
992844000000000000;84.2258;504.0
992930400000000000;82.7154;557.0
993016800000000000;83.9119;210.0
993103200000000000;85.0642;263.0
993189600000000000;83.4216;316.0
993448800000000000;84.4834;369.0
993535200000000000;82.7495;422.0
993621600000000000;83.7196;475.0
993708000000000000;84.644;528.0
993794400000000000;82.7731;581.0
994053600000000000;83.6074;234.0
994140000000000000;84.3978;287.0
994312800000000000;82.3954;340.0
994399200000000000;83.1014;393.0
994658400000000000;83.7674;446.0
994744800000000000;81.6451;499.0
994831200000000000;82.2363;552.0
994917600000000000;80.0432;205.0
995004000000000000;80.5679;258.0
995263200000000000;81.063;311.0
995349600000000000;78.781;364.0
995436000000000000;79.2247;417.0
995522400000000000;79.6467;470.0
995608800000000000;77.3002;523.0
995868000000000000;77.6882;576.0
995954400000000000;78.0636;229.0
996040800000000000;75.6799;282.0
996127200000000000;76.0401;335.0
996213600000000000;73.6476;388.0
996472800000000000;74.0056;441.0
996559200000000000;74.3674;494.0
996645600000000000;71.9862;547.0
996732000000000000;72.3653;200.0
996818400000000000;72.7579;253.0
997077600000000000;70.4169;306.0
997164000000000000;70.8456;359.0
997250400000000000;71.2967;412.0
997336800000000000;69.023;465.0
997423200000000000;69.5273;518.0
997682400000000000;67.312;571.0
997768800000000000;67.8796;224.0
997855200000000000;68.4822;277.0
997941600000000000;66.3719;330.0
998028000000000000;67.0505;383.0
998287200000000000;67.7696;436.0
998373600000000000;65.7807;489.0
998460000000000000;66.585;542.0
998546400000000000;67.4335;595.0
998632800000000000;65.5769;248.0
998892000000000000;66.5159;301.0
998978400000000000;64.7506;354.0
999064800000000000;65.7813;407.0
999151200000000000;66.8577;460.0
999237600000000000;65.2295;513.0
999583200000000000;66.3959;566.0
999669600000000000;67.6063;219.0
999756000000000000;66.1095;272.0
999842400000000000;67.4042;325.0
1000101600000000000;68.7389;378.0
1000706400000000000;67.3619;431.0
1000792800000000000;68.7713;484.0
1000879200000000000;67.465;537.0
1000965600000000000;68.9408;590.0
1001052000000000000;70.4462;243.0
1001311200000000000;69.2286;296.0
1001397600000000000;70.7854;349.0
1001484000000000000;72.3637;402.0
1001570400000000000;71.2105;455.0
1001656800000000000;72.8228;508.0
1001916000000000000;74.4475;561.0
1002002400000000000;73.3314;214.0
1002088800000000000;74.9713;267.0
1002175200000000000;73.8638;320.0
1002261600000000000;75.5058;373.0
1002520800000000000;77.1439;426.0
1002607200000000000;76.0249;479.0
1002693600000000000;77.6456;532.0
1002780000000000000;79.2528;585.0
1002866400000000000;78.0934;238.0
1003125600000000000;79.6644;291.0
1003212000000000000;81.2128;344.0
1003298400000000000;79.986;397.0
1003384800000000000;81.4812;450.0
1003471200000000000;80.1959;503.0
1003730400000000000;81.6277;556.0
1003816800000000000;83.0245;209.0
1003903200000000000;81.6341;262.0
1003989600000000000;82.9548;315.0
1004076000000000000;84.235;368.0
1004335200000000000;82.7231;421.0
1004421600000000000;83.9181;474.0
1004508000000000000;85.0688;527.0
1004594400000000000;83.4245;580.0
1004680800000000000;84.4848;233.0
1004940000000000000;82.7492;286.0
1005026400000000000;83.7177;339.0
1005112800000000000;84.6405;392.0
1005199200000000000;82.768;445.0
1005285600000000000;83.6007;498.0
1005544800000000000;84.3896;551.0
1005631200000000000;82.3857;204.0
1005717600000000000;83.0903;257.0
1005804000000000000;83.7549;310.0
1005890400000000000;81.6312;363.0
1006149600000000000;82.2212;416.0
1006236000000000000;80.0269;469.0
1006322400000000000;80.5505;522.0
1006495200000000000;81.0446;575.0
1006754400000000000;78.7617;228.0
1006840800000000000;79.2046;281.0
1006927200000000000;79.6259;334.0
1007013600000000000;77.2788;387.0
1007100000000000000;77.6662;440.0
1007359200000000000;78.0413;493.0
1007445600000000000;75.6573;546.0
1007532000000000000;76.0174;599.0
1007618400000000000;73.6248;252.0
1007704800000000000;73.9829;305.0
1007964000000000000;74.3449;358.0
1008050400000000000;71.964;411.0
1008136800000000000;72.3436;464.0
1008223200000000000;72.7366;517.0
1008309600000000000;70.3964;570.0
1008568800000000000;70.8257;223.0
1008655200000000000;71.2777;276.0
1008741600000000000;69.005;329.0
1008828000000000000;69.5103;382.0
1008914400000000000;67.2962;435.0
1009173600000000000;67.8649;488.0
1009346400000000000;68.4688;541.0
1009432800000000000;66.3599;594.0
1009519200000000000;67.0398;247.0
1009778400000000000;67.7604;300.0
1009951200000000000;65.773;353.0
1010037600000000000;66.5789;406.0
1010124000000000000;67.4289;459.0
1010383200000000000;65.574;512.0
1010469600000000000;66.5146;565.0
1010556000000000000;64.751;218.0
1010642400000000000;65.7832;271.0
1010728800000000000;66.8613;324.0
1010988000000000000;65.2346;377.0
1011074400000000000;66.4027;430.0
1011160800000000000;67.6145;483.0
1011247200000000000;66.1192;536.0
1011333600000000000;67.4153;589.0
1011679200000000000;68.7514;242.0
1011765600000000000;67.3757;295.0
1011852000000000000;68.7864;348.0
1011938400000000000;67.4813;401.0
1012197600000000000;68.9582;454.0
1012284000000000000;70.4646;507.0
1012370400000000000;69.2479;560.0
1012456800000000000;70.8055;213.0
1012543200000000000;72.3845;266.0
1012802400000000000;71.2319;319.0
1012888800000000000;72.8447;372.0
1012975200000000000;74.4698;425.0
1013061600000000000;73.354;478.0
1013148000000000000;74.994;531.0
1013407200000000000;73.8866;584.0
1013493600000000000;75.5284;237.0
1013580000000000000;77.1664;290.0
1013666400000000000;76.0471;343.0
1013752800000000000;77.6673;396.0
1014098400000000000;79.274;449.0
1014184800000000000;78.1139;502.0
1014271200000000000;79.6842;555.0
1014357600000000000;81.2318;208.0
1014616800000000000;80.004;261.0
1014703200000000000;81.4982;314.0
1014789600000000000;80.2118;367.0
1014876000000000000;81.6424;420.0
1014962400000000000;83.0379;473.0
1015221600000000000;81.6462;526.0
1015308000000000000;82.9655;579.0
1015394400000000000;84.2441;232.0
1015480800000000000;82.7308;285.0
1015567200000000000;83.9242;338.0
1015826400000000000;85.0733;391.0
1015912800000000000;83.4275;444.0
1015999200000000000;84.4861;497.0
1016085600000000000;82.7489;550.0
1016172000000000000;83.7158;203.0
1016431200000000000;84.637;256.0
1016517600000000000;82.7628;309.0
1016604000000000000;83.594;362.0
1016690400000000000;84.3813;415.0
1016776800000000000;82.3759;468.0
1017036000000000000;83.0791;521.0
1017122400000000000;83.7423;574.0
1017208800000000000;81.6173;227.0
1017295200000000000;82.206;280.0
1017640800000000000;80.0105;333.0
1017727200000000000;80.5331;386.0
1017813600000000000;81.0262;439.0
1017900000000000000;78.7424;492.0
1017986400000000000;79.1844;545.0
1018245600000000000;79.6051;598.0
1018332000000000000;77.2574;251.0
1018418400000000000;77.6443;304.0
1018504800000000000;78.019;357.0
1018591200000000000;75.6347;410.0
1018850400000000000;75.9947;463.0
1018936800000000000;73.6021;516.0
1019023200000000000;73.9602;569.0
1019109600000000000;74.3224;222.0
1019196000000000000;71.9419;275.0
1019455200000000000;72.3218;328.0
1019541600000000000;72.7154;381.0
1019628000000000000;70.3758;434.0
1019714400000000000;70.8059;487.0
1019800800000000000;71.2587;540.0
1020060000000000000;68.987;593.0
1020146400000000000;69.4933;246.0
1020232800000000000;67.2803;299.0
1020319200000000000;67.8503;352.0
1020405600000000000;68.4555;405.0
1020664800000000000;66.3479;458.0
1020751200000000000;67.0293;511.0
1020837600000000000;67.7513;564.0
1020924000000000000;65.7654;217.0
1021010400000000000;66.5728;270.0
1021269600000000000;67.4245;323.0
1021356000000000000;65.5711;376.0
1021442400000000000;66.5133;429.0
1021528800000000000;64.7513;482.0
1021615200000000000;65.7852;535.0
1021874400000000000;66.8649;588.0
1021960800000000000;65.2398;241.0
1022047200000000000;66.4094;294.0
1022133600000000000;67.6228;347.0
1022220000000000000;66.129;400.0
1022565600000000000;67.4266;453.0
1022652000000000000;68.764;506.0
1022738400000000000;67.3897;559.0
1022824800000000000;68.8016;212.0
1023084000000000000;67.4976;265.0
1023170400000000000;68.9756;318.0
1023256800000000000;70.483;371.0
1023343200000000000;69.2673;424.0
1023429600000000000;70.8257;477.0
1023688800000000000;72.4053;530.0
1023775200000000000;71.2534;583.0
1023861600000000000;72.8667;236.0
1023948000000000000;74.4921;289.0
1024034400000000000;73.3765;342.0
1024293600000000000;75.0167;395.0
1024380000000000000;73.9093;448.0
1024466400000000000;75.5511;501.0
1024552800000000000;77.1888;554.0
1024639200000000000;76.0692;207.0
1024898400000000000;77.689;260.0
1024984800000000000;79.2952;313.0
1025071200000000000;78.1345;366.0
1025157600000000000;79.704;419.0
1025244000000000000;81.2508;472.0
1025503200000000000;80.022;525.0
1025589600000000000;81.5152;578.0
1025676000000000000;80.2276;231.0
1025848800000000000;81.657;284.0
1026108000000000000;83.0512;337.0
1026194400000000000;81.6581;390.0
1026280800000000000;82.976;443.0
1026367200000000000;84.2532;496.0
1026453600000000000;82.7384;549.0
1026712800000000000;83.9302;202.0
1026799200000000000;85.0778;255.0
1026885600000000000;83.4303;308.0
1026972000000000000;84.4873;361.0
1027058400000000000;82.7485;414.0
1027317600000000000;83.7138;467.0
1027404000000000000;84.6333;520.0
1027490400000000000;82.7576;573.0
1027576800000000000;83.5872;226.0
1027663200000000000;84.373;279.0
1027922400000000000;82.3661;332.0
1028008800000000000;83.0678;385.0
1028095200000000000;83.7296;438.0
1028181600000000000;81.6033;491.0
1028268000000000000;82.1908;544.0
1028527200000000000;79.9942;597.0
1028613600000000000;80.5157;250.0
1028700000000000000;81.0078;303.0
1028786400000000000;78.7231;356.0
1028872800000000000;79.1643;409.0
1029132000000000000;79.5842;462.0
1029218400000000000;77.2359;515.0
1029304800000000000;77.6224;568.0
1029391200000000000;77.9967;221.0
1029477600000000000;75.6122;274.0
1029736800000000000;75.9719;327.0
1029823200000000000;73.5793;380.0
1029909600000000000;73.9375;433.0
1029996000000000000;74.2999;486.0
1030082400000000000;71.9197;539.0
1030341600000000000;72.3001;592.0
1030428000000000000;72.6943;245.0
1030514400000000000;70.3553;298.0
1030600800000000000;70.7861;351.0
1030687200000000000;71.2398;404.0
1031032800000000000;68.969;457.0
1031119200000000000;69.4764;510.0
1031205600000000000;67.2645;563.0
1031292000000000000;67.8357;216.0
1031551200000000000;68.4422;269.0
1031637600000000000;66.3359;322.0
1031724000000000000;67.0187;375.0
1031810400000000000;67.7422;428.0
1031896800000000000;65.7579;481.0
1032156000000000000;66.5668;534.0
1032242400000000000;67.42;587.0
1032328800000000000;65.5683;240.0
1032415200000000000;66.5121;293.0
1032501600000000000;64.7517;346.0
1032760800000000000;65.7873;399.0
1032847200000000000;66.8685;452.0
1032933600000000000;65.245;505.0
1033020000000000000;66.4162;558.0
1033106400000000000;67.6312;211.0
1033365600000000000;66.1388;264.0
1033452000000000000;67.4378;317.0
1033538400000000000;68.7767;370.0
1033624800000000000;67.4036;423.0
1033711200000000000;68.8168;476.0
1033970400000000000;67.514;529.0
1034056800000000000;68.9931;582.0
1034143200000000000;70.5015;235.0
1034229600000000000;69.2866;288.0
1034316000000000000;70.8458;341.0
1034575200000000000;72.4262;394.0
1034661600000000000;71.2748;447.0
1034748000000000000;72.8886;500.0
1034834400000000000;74.5145;553.0
1034920800000000000;73.3991;206.0
1035180000000000000;75.0394;259.0
1035266400000000000;73.9321;312.0
1035352800000000000;75.5738;365.0
1035439200000000000;77.2113;418.0
1035525600000000000;76.0914;471.0
1035784800000000000;77.7108;524.0
1035871200000000000;79.3163;577.0
1035957600000000000;78.155;230.0
1036044000000000000;79.7237;283.0
1036130400000000000;81.2697;336.0
1036389600000000000;80.04;389.0
1036476000000000000;81.5321;442.0
1036562400000000000;80.2434;495.0
1036648800000000000;81.6716;548.0
1036735200000000000;83.0645;201.0
1036994400000000000;81.6701;254.0
1037080800000000000;82.9865;307.0
1037167200000000000;84.2623;360.0
1037253600000000000;82.7459;413.0
1037340000000000000;83.9362;466.0
1037599200000000000;85.0822;519.0
1037685600000000000;83.4331;572.0
1037772000000000000;84.4885;225.0
1037858400000000000;82.748;278.0
1037944800000000000;83.7117;331.0
1038204000000000000;84.6296;384.0
1038290400000000000;82.7523;437.0
1038376800000000000;83.5803;490.0
1038549600000000000;84.3646;543.0
1038808800000000000;82.3562;596.0
1038895200000000000;83.0565;249.0
1038981600000000000;83.717;302.0
1039068000000000000;81.5893;355.0
1039154400000000000;82.1756;408.0
1039413600000000000;79.9778;461.0
1039500000000000000;80.4982;514.0
1039586400000000000;80.9893;567.0
1039672800000000000;78.7037;220.0
1039759200000000000;79.1441;273.0
1040018400000000000;79.5633;326.0
1040104800000000000;77.2144;379.0
1040191200000000000;77.6004;432.0
1040277600000000000;77.9744;485.0
1040364000000000000;75.5896;538.0
1040623200000000000;75.9492;591.0
1040709600000000000;73.5565;244.0
1040882400000000000;73.9149;297.0
1040968800000000000;74.2775;350.0
1041228000000000000;71.8976;403.0
1041314400000000000;72.2784;456.0
1041487200000000000;72.6731;509.0
1041573600000000000;70.3348;562.0
1041832800000000000;70.7664;215.0
1041919200000000000;71.2209;268.0
1042005600000000000;68.951;321.0
1042092000000000000;69.4595;374.0
1042178400000000000;67.2488;427.0
1042437600000000000;67.8212;480.0
1042524000000000000;68.4289;533.0
1042610400000000000;66.324;586.0
1042696800000000000;67.0082;239.0
1042783200000000000;67.7332;292.0
1043128800000000000;65.7503;345.0
1043215200000000000;66.5608;398.0
1043301600000000000;67.4156;451.0
1043388000000000000;65.5655;504.0
1043647200000000000;66.5109;557.0
1043733600000000000;64.7522;210.0
1043820000000000000;65.7894;263.0
1043906400000000000;66.8722;316.0
1043992800000000000;65.2503;369.0
1044252000000000000;66.4231;422.0
1044338400000000000;67.6396;475.0
1044424800000000000;66.1487;528.0
1044511200000000000;67.4492;581.0
1044597600000000000;68.7894;234.0
1044856800000000000;67.4177;287.0
1044943200000000000;68.8321;340.0
1045029600000000000;67.5305;393.0
1045116000000000000;69.0106;446.0
1045202400000000000;70.52;499.0
1045548000000000000;69.306;552.0
1045634400000000000;70.866;205.0
1045720800000000000;72.4471;258.0
1045807200000000000;71.2963;311.0
1046066400000000000;72.9106;364.0
1046152800000000000;74.5368;417.0
1046239200000000000;73.4217;470.0
1046325600000000000;75.0622;523.0
1046412000000000000;73.9548;576.0
1046671200000000000;75.5965;229.0
1046757600000000000;77.2338;282.0
1046844000000000000;76.1135;335.0
1046930400000000000;77.7325;388.0
1047016800000000000;79.3375;441.0
1047276000000000000;78.1755;494.0
1047362400000000000;79.7435;547.0
1047448800000000000;81.2885;200.0
1047535200000000000;80.0579;253.0
1047621600000000000;81.5489;306.0
1047880800000000000;80.2591;359.0
1047967200000000000;81.6861;412.0
1048053600000000000;83.0777;465.0
1048140000000000000;81.6819;518.0
1048226400000000000;82.997;571.0
1048485600000000000;84.2713;224.0
1048572000000000000;82.7534;277.0
1048658400000000000;83.9421;330.0
1048744800000000000;85.0865;383.0
1048831200000000000;83.4359;436.0
1049090400000000000;84.4896;489.0
1049176800000000000;82.7475;542.0
1049263200000000000;83.7096;595.0
1049349600000000000;84.6259;248.0
1049436000000000000;82.747;301.0
1049695200000000000;83.5734;354.0
1049781600000000000;84.3562;407.0
1049868000000000000;82.3463;460.0
1049954400000000000;83.0452;513.0
1050040800000000000;83.7042;566.0
1050300000000000000;81.5753;219.0
1050386400000000000;82.1603;272.0
1050472800000000000;79.9613;325.0
1050559200000000000;80.4806;378.0
1050904800000000000;80.9708;431.0
1050991200000000000;78.6842;484.0
1051077600000000000;79.1238;537.0
1051164000000000000;79.5424;590.0
1051250400000000000;77.1929;243.0
1051509600000000000;77.5784;296.0
1051596000000000000;77.952;349.0
1051682400000000000;75.567;402.0
1051768800000000000;75.9265;455.0
1051855200000000000;73.5338;508.0
1052114400000000000;73.8922;561.0
1052200800000000000;74.255;214.0
1052287200000000000;71.8754;267.0
1052373600000000000;72.2567;320.0
1052460000000000000;72.652;373.0
1052719200000000000;70.3143;426.0
1052805600000000000;70.7467;479.0
1052892000000000000;71.202;532.0
1052978400000000000;68.9331;585.0
1053064800000000000;69.4426;238.0
1053324000000000000;67.233;291.0
1053410400000000000;67.8067;344.0
1053496800000000000;68.4157;397.0
1053583200000000000;66.3121;450.0
1053669600000000000;66.9978;503.0
1054015200000000000;67.7242;556.0
1054101600000000000;65.7429;209.0
1054188000000000000;66.5549;262.0
1054274400000000000;67.4113;315.0
1054533600000000000;65.5628;368.0
1054620000000000000;66.5098;421.0
1054706400000000000;64.7527;474.0
1054792800000000000;65.7915;527.0
1054879200000000000;66.876;580.0
1055138400000000000;65.2557;233.0
1055224800000000000;66.43;286.0
1055311200000000000;67.648;339.0
1055397600000000000;66.1587;392.0
1055484000000000000;67.4605;445.0
1055743200000000000;68.8021;498.0
1055829600000000000;67.4317;551.0
1055916000000000000;68.8474;204.0
1056002400000000000;67.5469;257.0
1056088800000000000;69.0281;310.0
1056348000000000000;70.5385;363.0
1056434400000000000;69.3255;416.0
1056520800000000000;70.8863;469.0
1056607200000000000;72.4681;522.0
1056693600000000000;71.3178;575.0
1056952800000000000;72.9326;228.0
1057039200000000000;74.5591;281.0
1057125600000000000;73.4443;334.0
1057212000000000000;75.0849;387.0
1057557600000000000;73.9776;440.0
1057644000000000000;75.6191;493.0
1057730400000000000;77.2562;546.0
1057816800000000000;76.1356;599.0
1057903200000000000;77.7541;252.0
1058162400000000000;79.3586;305.0
1058248800000000000;78.196;358.0
1058335200000000000;79.7632;411.0
1058421600000000000;81.3074;464.0
1058508000000000000;80.0758;517.0
1058767200000000000;81.5658;570.0
1058853600000000000;80.2748;223.0
1058940000000000000;81.7006;276.0
1059026400000000000;83.0909;329.0
1059112800000000000;81.6938;382.0
1059372000000000000;83.0074;435.0
1059458400000000000;84.2802;488.0
1059544800000000000;82.7608;541.0
1059631200000000000;83.948;594.0
1059717600000000000;85.0908;247.0
1059976800000000000;83.4385;300.0
1060063200000000000;84.4907;353.0
1060149600000000000;82.747;406.0
1060236000000000000;83.7074;459.0
1060322400000000000;84.6221;512.0
1060581600000000000;82.7416;565.0
1060668000000000000;83.5665;218.0
1060754400000000000;84.3477;271.0
1060840800000000000;82.3364;324.0
1060927200000000000;83.0338;377.0
1061186400000000000;83.6915;430.0
1061272800000000000;81.5612;483.0
1061359200000000000;82.145;536.0
1061445600000000000;79.9448;589.0
1061532000000000000;80.4631;242.0
1061791200000000000;80.9522;295.0
1061877600000000000;78.6648;348.0
1061964000000000000;79.1036;401.0
1062050400000000000;79.5215;454.0
1062136800000000000;77.1714;507.0
1062482400000000000;77.5564;560.0
1062568800000000000;77.9297;213.0
1062655200000000000;75.5444;266.0
1062741600000000000;75.9037;319.0
1063000800000000000;73.511;372.0
1063087200000000000;73.8696;425.0
1063173600000000000;74.2326;478.0
1063260000000000000;71.8533;531.0
1063346400000000000;72.235;584.0
1063605600000000000;72.6308;237.0
1063692000000000000;70.2938;290.0
1063778400000000000;70.727;343.0
1063864800000000000;71.1832;396.0
1063951200000000000;68.9153;449.0
1064210400000000000;69.4258;502.0
1064296800000000000;67.2174;555.0
1064383200000000000;67.7922;208.0
1064469600000000000;68.4025;261.0
1064556000000000000;66.3003;314.0
1064815200000000000;66.9874;367.0
1064901600000000000;67.7153;420.0
1064988000000000000;65.7355;473.0
1065074400000000000;66.5491;526.0
1065160800000000000;67.4071;579.0
1065420000000000000;65.5601;232.0
1065506400000000000;66.5088;285.0
1065592800000000000;64.7533;338.0
1065679200000000000;65.7937;391.0
1065765600000000000;66.8798;444.0
1066024800000000000;65.2611;497.0
1066111200000000000;66.437;550.0
1066197600000000000;67.6565;203.0
1066284000000000000;66.1687;256.0
1066370400000000000;67.472;309.0
1066629600000000000;68.8149;362.0
1066716000000000000;67.4458;415.0
1066802400000000000;68.8627;468.0
1066888800000000000;67.5634;521.0
1066975200000000000;69.0457;574.0
1067234400000000000;70.5571;227.0
1067320800000000000;69.3449;280.0
1067407200000000000;70.9065;333.0
1067493600000000000;72.489;386.0
1067580000000000000;71.3394;439.0
1067839200000000000;72.9546;492.0
1067925600000000000;74.5815;545.0
1068012000000000000;73.4669;598.0
1068098400000000000;75.1076;251.0
1068184800000000000;74.0003;304.0
1068444000000000000;75.6418;357.0
1068530400000000000;77.2786;410.0
1068616800000000000;76.1577;463.0
1068703200000000000;77.7758;516.0
1068789600000000000;79.3797;569.0
1069048800000000000;78.2164;222.0
1069135200000000000;79.7829;275.0
1069221600000000000;81.3262;328.0
1069308000000000000;80.0936;381.0
1069394400000000000;81.5826;434.0
1069653600000000000;80.2905;487.0
1069740000000000000;81.715;540.0
1069826400000000000;83.104;593.0
1069999200000000000;81.7056;246.0
1070258400000000000;83.0178;299.0
1070344800000000000;84.2891;352.0
1070431200000000000;82.7682;405.0
1070517600000000000;83.9538;458.0
1070604000000000000;85.095;511.0
1070863200000000000;83.4412;564.0
1070949600000000000;84.4917;217.0
1071036000000000000;82.7464;270.0
1071122400000000000;83.7051;323.0
1071208800000000000;84.6183;376.0
1071468000000000000;82.7362;429.0
1071554400000000000;83.5595;482.0
1071640800000000000;84.3392;535.0
1071727200000000000;82.3263;588.0
1071813600000000000;83.0223;241.0
1072072800000000000;83.6786;294.0
1072159200000000000;81.5471;347.0
1072245600000000000;82.1296;400.0
1072418400000000000;79.9283;453.0
1072677600000000000;80.4455;506.0
1072764000000000000;80.9336;559.0
1072850400000000000;78.6453;212.0
1073023200000000000;79.0833;265.0
1073282400000000000;79.5005;318.0
1073368800000000000;77.1499;371.0
1073455200000000000;77.5344;424.0
1073541600000000000;77.9073;477.0
1073628000000000000;75.5218;530.0
1073887200000000000;75.881;583.0
1073973600000000000;73.4883;236.0
1074060000000000000;73.8469;289.0
1074146400000000000;74.2101;342.0
1074232800000000000;71.8312;395.0
1074578400000000000;72.2134;448.0
1074664800000000000;72.6097;501.0
1074751200000000000;70.2734;554.0
1074837600000000000;70.7073;207.0
1075096800000000000;71.1644;260.0
1075183200000000000;68.8974;313.0
1075269600000000000;69.4091;366.0
1075356000000000000;67.2017;419.0
1075442400000000000;67.7778;472.0
1075701600000000000;68.3894;525.0
1075788000000000000;66.2886;578.0
1075874400000000000;66.977;231.0
1075960800000000000;67.7064;284.0
1076047200000000000;65.7281;337.0
1076306400000000000;66.5433;390.0
1076392800000000000;67.4029;443.0
1076479200000000000;65.5575;496.0
1076565600000000000;66.5078;549.0
1076652000000000000;64.754;202.0
1076997600000000000;65.796;255.0
1077084000000000000;66.8837;308.0
1077170400000000000;65.2666;361.0
1077256800000000000;66.444;414.0
1077516000000000000;67.6651;467.0
1077602400000000000;66.1787;520.0
1077688800000000000;67.4834;573.0
1077775200000000000;68.8278;226.0
1077861600000000000;67.46;279.0
1078120800000000000;68.8781;332.0
1078207200000000000;67.58;385.0
1078293600000000000;69.0633;438.0
1078380000000000000;70.5757;491.0
1078466400000000000;69.3644;544.0
1078725600000000000;70.9268;597.0
1078812000000000000;72.51;250.0
1078898400000000000;71.3609;303.0
1078984800000000000;72.9766;356.0
1079071200000000000;74.6039;409.0
1079330400000000000;73.4896;462.0
1079416800000000000;75.1304;515.0
1079503200000000000;74.0231;568.0
1079589600000000000;75.6644;221.0
1079676000000000000;77.3011;274.0
1079935200000000000;76.1798;327.0
1080021600000000000;77.7974;380.0
1080108000000000000;79.4008;433.0
1080194400000000000;78.2368;486.0
1080280800000000000;79.8025;539.0
1080540000000000000;81.345;592.0
1080626400000000000;80.1115;245.0
1080712800000000000;81.5993;298.0
1080799200000000000;80.3061;351.0
1080885600000000000;81.7294;404.0
1081144800000000000;83.1171;457.0
1081231200000000000;81.7173;510.0
1081317600000000000;83.0281;563.0
1081404000000000000;84.298;216.0
1081749600000000000;82.7755;269.0
1081836000000000000;83.9596;322.0
1081922400000000000;85.0992;375.0
1082008800000000000;83.4437;428.0
1082095200000000000;84.4926;481.0
1082354400000000000;82.7457;534.0
1082440800000000000;83.7028;587.0
1082527200000000000;84.6144;240.0
1082613600000000000;82.7307;293.0
1082700000000000000;83.5524;346.0
1082959200000000000;84.3306;399.0
1083045600000000000;82.3163;452.0
1083132000000000000;83.0108;505.0
1083218400000000000;83.6658;558.0
1083304800000000000;81.5329;211.0
1083564000000000000;82.1142;264.0
1083650400000000000;79.9117;317.0
1083736800000000000;80.4278;370.0
1083823200000000000;80.915;423.0
1083909600000000000;78.6258;476.0
1084168800000000000;79.063;529.0
1084255200000000000;79.4795;582.0
1084341600000000000;77.1283;235.0
1084428000000000000;77.5124;288.0
1084514400000000000;77.8849;341.0
1084773600000000000;75.4991;394.0
1084860000000000000;75.8583;447.0
1084946400000000000;73.4655;500.0
1085032800000000000;73.8243;553.0
1085119200000000000;74.1877;206.0
1085378400000000000;71.8092;259.0
1085464800000000000;72.1918;312.0
1085551200000000000;72.5887;365.0
1085637600000000000;70.253;418.0
1085724000000000000;70.6877;471.0
1086069600000000000;71.1457;524.0
1086156000000000000;68.8797;577.0
1086242400000000000;69.3923;230.0
1086328800000000000;67.1861;283.0
1086588000000000000;67.7634;336.0
1086674400000000000;68.3763;389.0
1086760800000000000;66.2768;442.0
1086847200000000000;66.9668;495.0
1087192800000000000;67.6976;548.0
1087279200000000000;65.7209;201.0
1087365600000000000;66.5376;254.0
1087452000000000000;67.3987;307.0
1087538400000000000;65.555;360.0
1087797600000000000;66.5069;413.0
1087884000000000000;64.7547;466.0
1087970400000000000;65.7983;519.0
1088056800000000000;66.8876;572.0
1088143200000000000;65.2721;225.0
1088402400000000000;66.4511;278.0
1088488800000000000;67.6737;331.0
1088575200000000000;66.1888;384.0
1088661600000000000;67.495;437.0
1088748000000000000;68.8407;490.0
1089093600000000000;67.4742;543.0
1089180000000000000;68.8936;596.0
1089266400000000000;67.5966;249.0
1089352800000000000;69.081;302.0
1089612000000000000;70.5943;355.0
1089698400000000000;69.384;408.0
1089784800000000000;70.9471;461.0
1089871200000000000;72.531;514.0
1089957600000000000;71.3825;567.0
1090216800000000000;72.9986;220.0
1090303200000000000;74.6263;273.0
1090389600000000000;73.5122;326.0
1090476000000000000;75.1531;379.0
1090562400000000000;74.0458;432.0
1090821600000000000;75.687;485.0
1090908000000000000;77.3235;538.0
1090994400000000000;76.2019;591.0
1091080800000000000;77.8191;244.0
1091167200000000000;79.4219;297.0
1091426400000000000;78.2572;350.0
1091512800000000000;79.8221;403.0
1091599200000000000;81.3637;456.0
1091685600000000000;80.1292;509.0
1091772000000000000;81.616;562.0
1092031200000000000;80.3217;215.0
1092117600000000000;81.7438;268.0
1092204000000000000;83.1302;321.0
1092290400000000000;81.729;374.0
1092376800000000000;83.0384;427.0
1092636000000000000;84.3068;480.0
1092722400000000000;82.7828;533.0
1092808800000000000;83.9653;586.0
1092895200000000000;85.1033;239.0
1092981600000000000;83.4462;292.0
1093240800000000000;84.4935;345.0
1093327200000000000;82.7449;398.0
1093413600000000000;83.7005;451.0
1093500000000000000;84.6104;504.0
1093586400000000000;82.7251;557.0
1093845600000000000;83.5453;210.0
1093932000000000000;84.3219;263.0
1094018400000000000;82.3061;316.0
1094104800000000000;82.9993;369.0
1094191200000000000;83.6528;422.0
1094536800000000000;81.5187;475.0
1094623200000000000;82.0987;528.0
1094709600000000000;79.8951;581.0
1094796000000000000;80.4101;234.0
1095055200000000000;80.8963;287.0
1095141600000000000;78.6063;340.0
1095228000000000000;79.0427;393.0
1095314400000000000;79.4585;446.0
1095400800000000000;77.1067;499.0
1095660000000000000;77.4904;552.0
1095746400000000000;77.8625;205.0
1095832800000000000;75.4765;258.0
1095919200000000000;75.8355;311.0
1096005600000000000;73.4428;364.0
1096264800000000000;73.8016;417.0
1096351200000000000;74.1653;470.0
1096437600000000000;71.7871;523.0
1096524000000000000;72.1701;576.0
1096610400000000000;72.5676;229.0
1096869600000000000;70.2326;282.0
1096956000000000000;70.6681;335.0
1097042400000000000;71.1269;388.0
1097128800000000000;68.8619;441.0
1097215200000000000;69.3756;494.0
1097474400000000000;67.1706;547.0
1097560800000000000;67.7491;200.0
1097647200000000000;68.3633;253.0
1097733600000000000;66.2652;306.0
1097820000000000000;66.9565;359.0
1098079200000000000;67.6889;412.0
1098165600000000000;65.7136;465.0
1098252000000000000;66.5319;518.0
1098338400000000000;67.3946;571.0
1098424800000000000;65.5525;224.0
1098684000000000000;66.506;277.0
1098770400000000000;64.7554;330.0
1098856800000000000;65.8007;383.0
1098943200000000000;66.8916;436.0
1099029600000000000;65.2777;489.0
1099288800000000000;66.4583;542.0
1099375200000000000;67.6824;595.0
1099461600000000000;66.1989;248.0
1099548000000000000;67.5065;301.0
1099634400000000000;68.8536;354.0
1099893600000000000;67.4885;407.0
1099980000000000000;68.909;460.0
1100066400000000000;67.6132;513.0
1100152800000000000;69.0987;566.0
1100239200000000000;70.613;219.0
1100498400000000000;69.4035;272.0
1100584800000000000;70.9675;325.0
1100671200000000000;72.552;378.0
1100757600000000000;71.4041;431.0
1100844000000000000;73.0207;484.0
1101103200000000000;74.6487;537.0
1101189600000000000;73.5348;590.0
1101276000000000000;75.1759;243.0
1101448800000000000;74.0686;296.0
1101708000000000000;75.7097;349.0
1101794400000000000;77.3459;402.0
1101880800000000000;76.2239;455.0
1101967200000000000;77.8407;508.0
1102053600000000000;79.4429;561.0
1102312800000000000;78.2776;214.0
1102399200000000000;79.8417;267.0
1102485600000000000;81.3824;320.0
1102572000000000000;80.147;373.0
1102658400000000000;81.6327;426.0
1102917600000000000;80.3372;479.0
1103004000000000000;81.7581;532.0
1103090400000000000;83.1432;585.0
1103176800000000000;81.7406;238.0
1103263200000000000;83.0486;291.0
1103522400000000000;84.3155;344.0
1103608800000000000;82.79;397.0
1103695200000000000;83.9709;450.0
1103781600000000000;85.1074;503.0
1104127200000000000;83.4487;556.0
1104213600000000000;84.4944;209.0
1104300000000000000;82.7442;262.0
1104386400000000000;83.6981;315.0
1104472800000000000;84.6064;368.0
1104732000000000000;82.7195;421.0
1104818400000000000;83.5381;474.0
1104904800000000000;84.3133;527.0
1104991200000000000;82.296;580.0
1105077600000000000;82.9877;233.0
1105336800000000000;83.6399;286.0
1105423200000000000;81.5044;339.0
1105509600000000000;82.0832;392.0
1105596000000000000;79.8785;445.0
1105682400000000000;80.3924;498.0
1106028000000000000;80.8776;551.0
1106114400000000000;78.5867;204.0
1106200800000000000;79.0224;257.0
1106287200000000000;79.4375;310.0
1106546400000000000;77.0851;363.0
1106632800000000000;77.4683;416.0
1106719200000000000;77.8401;469.0
1106805600000000000;75.4539;522.0
1106892000000000000;75.8128;575.0
1107151200000000000;73.42;228.0
1107237600000000000;73.779;281.0
1107324000000000000;74.1429;334.0
1107410400000000000;71.765;387.0
1107496800000000000;72.1485;440.0
1107756000000000000;72.5466;493.0
1107842400000000000;70.2123;546.0
1107928800000000000;70.6485;599.0
1108015200000000000;71.1082;252.0
1108101600000000000;68.8442;305.0
1108360800000000000;69.359;358.0
1108447200000000000;67.1551;411.0
1108533600000000000;67.7348;464.0
1108620000000000000;68.3503;517.0
1108706400000000000;66.2536;570.0
1109052000000000000;66.9463;223.0
1109138400000000000;67.6802;276.0
1109224800000000000;65.7064;329.0
1109311200000000000;66.5263;382.0
1109570400000000000;67.3906;435.0
1109656800000000000;65.5501;488.0
1109743200000000000;66.5052;541.0
1109829600000000000;64.7563;594.0
1109916000000000000;65.8031;247.0
1110175200000000000;66.8957;300.0
1110261600000000000;65.2833;353.0
1110348000000000000;66.4655;406.0
1110434400000000000;67.6911;459.0
1110520800000000000;66.2091;512.0
1110780000000000000;67.5182;565.0
1110866400000000000;68.8666;218.0
1110952800000000000;67.5027;271.0
1111039200000000000;68.9246;324.0
1111125600000000000;67.6299;377.0
1111384800000000000;69.1164;430.0
1111471200000000000;70.6317;483.0
1111557600000000000;69.4231;536.0
1111644000000000000;70.9878;589.0
1111989600000000000;72.573;242.0
1112076000000000000;71.4257;295.0
1112162400000000000;73.0427;348.0
1112248800000000000;74.6711;401.0
1112335200000000000;73.5574;454.0
1112594400000000000;75.1986;507.0
1112680800000000000;74.0913;560.0
1112767200000000000;75.7323;213.0
1112853600000000000;77.3683;266.0
1112940000000000000;76.246;319.0
1113199200000000000;77.8623;372.0
1113285600000000000;79.4639;425.0
1113372000000000000;78.2979;478.0
1113458400000000000;79.8613;531.0
1113544800000000000;81.4011;584.0
1113804000000000000;80.1647;237.0
1113890400000000000;81.6494;290.0
1113976800000000000;80.3527;343.0
1114063200000000000;81.7723;396.0
1114149600000000000;83.1562;449.0
1114408800000000000;81.7522;502.0
1114495200000000000;83.0587;555.0
1114581600000000000;84.3242;208.0
1114668000000000000;82.7971;261.0
1114754400000000000;83.9765;314.0
1115013600000000000;85.1114;367.0
1115100000000000000;83.4511;420.0
1115186400000000000;84.4951;473.0
1115272800000000000;82.7433;526.0
1115359200000000000;83.6956;579.0
1115618400000000000;84.6023;232.0
1115704800000000000;82.7138;285.0
1115791200000000000;83.5309;338.0
1115877600000000000;84.3045;391.0
1115964000000000000;82.2857;444.0
1116223200000000000;82.976;497.0
1116309600000000000;83.6269;550.0
1116396000000000000;81.4901;203.0
1116482400000000000;82.0677;256.0
1116568800000000000;79.8618;309.0
1116828000000000000;80.3747;362.0
1116914400000000000;80.8589;415.0
1117000800000000000;78.5671;468.0
1117087200000000000;79.002;521.0
1117173600000000000;79.4165;574.0
1117519200000000000;77.0635;227.0
1117605600000000000;77.4462;280.0
1117692000000000000;77.8177;333.0
1117778400000000000;75.4313;386.0
1118037600000000000;75.79;439.0
1118124000000000000;73.3973;492.0
1118210400000000000;73.7564;545.0
1118296800000000000;74.1205;598.0
1118383200000000000;71.743;251.0
1118642400000000000;72.127;304.0
1118728800000000000;72.5256;357.0
1118815200000000000;70.1919;410.0
1118901600000000000;70.629;463.0
1118988000000000000;71.0896;516.0
1119247200000000000;68.8265;569.0
1119333600000000000;69.3423;222.0
1119420000000000000;67.1396;275.0
1119506400000000000;67.7206;328.0
1119592800000000000;68.3374;381.0
1119852000000000000;66.242;434.0
1119938400000000000;66.9362;487.0
1120024800000000000;67.6715;540.0
1120111200000000000;65.6993;593.0
1120197600000000000;66.5207;246.0
1120543200000000000;67.3866;299.0
1120629600000000000;65.5477;352.0
1120716000000000000;66.5045;405.0
1120802400000000000;64.7571;458.0
1121061600000000000;65.8056;511.0
1121148000000000000;66.8998;564.0
1121234400000000000;65.289;217.0
1121320800000000000;66.4727;270.0
1121407200000000000;67.6999;323.0
1121666400000000000;66.2194;376.0
1121752800000000000;67.5298;429.0
1121839200000000000;68.8797;482.0
1121925600000000000;67.5171;535.0
1122012000000000000;68.9401;588.0
1122271200000000000;67.6466;241.0
1122357600000000000;69.1342;294.0
1122444000000000000;70.6505;347.0
1122530400000000000;69.4427;400.0
1122616800000000000;71.0082;453.0
1122876000000000000;72.5941;506.0
1122962400000000000;71.4473;559.0
1123048800000000000;73.0648;212.0
1123135200000000000;74.6935;265.0
1123221600000000000;73.5801;318.0
1123480800000000000;75.2214;371.0
1123567200000000000;74.1141;424.0
1123653600000000000;75.7549;477.0
1123740000000000000;77.3907;530.0
1123826400000000000;76.268;583.0
1124085600000000000;77.8838;236.0
1124172000000000000;79.4849;289.0
1124258400000000000;78.3182;342.0
1124344800000000000;79.8808;395.0
1124431200000000000;81.4198;448.0
1124690400000000000;80.1823;501.0
1124776800000000000;81.666;554.0
1124863200000000000;80.3681;207.0
1124949600000000000;81.7865;260.0
1125036000000000000;83.1691;313.0
1125295200000000000;81.7637;366.0
1125381600000000000;83.0688;419.0
1125468000000000000;84.3328;472.0
1125554400000000000;82.8042;525.0
1125640800000000000;83.9821;578.0
1125986400000000000;85.1154;231.0
1126072800000000000;83.4534;284.0
1126159200000000000;84.4959;337.0
1126245600000000000;82.7424;390.0
1126504800000000000;83.6931;443.0
1126591200000000000;84.5982;496.0
1126677600000000000;82.7081;549.0
1126764000000000000;83.5236;202.0
1126850400000000000;84.2957;255.0
1127109600000000000;82.2755;308.0
1127196000000000000;82.9643;361.0
1127282400000000000;83.6138;414.0
1127368800000000000;81.4757;467.0
1127455200000000000;82.0521;520.0
1127714400000000000;79.845;573.0
1127800800000000000;80.3569;226.0
1127887200000000000;80.8402;279.0
1127973600000000000;78.5475;332.0
1128060000000000000;78.9816;385.0
1128319200000000000;79.3954;438.0
1128405600000000000;77.0419;491.0
1128492000000000000;77.4242;544.0
1128578400000000000;77.7953;597.0
1128664800000000000;75.4086;250.0
1128924000000000000;75.7673;303.0
1129010400000000000;73.3746;356.0
1129096800000000000;73.7338;409.0
1129183200000000000;74.0982;462.0
1129269600000000000;71.721;515.0
1129528800000000000;72.1054;568.0
1129615200000000000;72.5046;221.0
1129701600000000000;70.1716;274.0
1129788000000000000;70.6094;327.0
1129874400000000000;71.0709;380.0
1130133600000000000;68.8088;433.0
1130220000000000000;69.3258;486.0
1130306400000000000;67.1242;539.0
1130392800000000000;67.7064;592.0
1130479200000000000;68.3245;245.0
1130738400000000000;66.2305;298.0
1130824800000000000;66.9261;351.0
1130911200000000000;67.6629;404.0
1130997600000000000;65.6922;457.0
1131084000000000000;66.5152;510.0
1131343200000000000;67.3827;563.0
1131429600000000000;65.5454;216.0
1131516000000000000;66.5038;269.0
1131602400000000000;64.7581;322.0
1131688800000000000;65.8082;375.0
1131948000000000000;66.9039;428.0
1132034400000000000;65.2948;481.0
1132120800000000000;66.48;534.0
1132207200000000000;67.7087;587.0
1132293600000000000;66.2297;240.0
1132552800000000000;67.5416;293.0
1132639200000000000;68.8928;346.0
1132725600000000000;67.5315;399.0
1132898400000000000;68.9557;452.0
1133157600000000000;67.6633;505.0
1133244000000000000;69.152;558.0
1133330400000000000;70.6692;211.0
1133416800000000000;69.4624;264.0
1133503200000000000;71.0286;317.0
1133762400000000000;72.6151;370.0
1133848800000000000;71.4689;423.0
1133935200000000000;73.0869;476.0
1134021600000000000;74.7159;529.0
1134108000000000000;73.6027;582.0
1134367200000000000;75.2441;235.0
1134453600000000000;74.1368;288.0
1134540000000000000;75.7775;341.0
1134626400000000000;77.413;394.0
1134712800000000000;76.29;447.0
1134972000000000000;77.9054;500.0
1135058400000000000;79.5059;553.0
1135144800000000000;78.3385;206.0
1135231200000000000;79.9003;259.0
1135317600000000000;81.4384;312.0
1135663200000000000;80.2;365.0
1135749600000000000;81.6825;418.0
1135836000000000000;80.3835;471.0
1135922400000000000;81.8007;524.0
1136268000000000000;83.1819;577.0
1136354400000000000;81.7752;230.0
1136440800000000000;83.0789;283.0
1136527200000000000;84.3414;336.0
1136786400000000000;82.8113;389.0
1136872800000000000;83.9876;442.0
1136959200000000000;85.1193;495.0
1137045600000000000;83.4557;548.0
1137132000000000000;84.4965;201.0
1137477600000000000;82.7414;254.0
1137564000000000000;83.6905;307.0
1137650400000000000;84.594;360.0
1137736800000000000;82.7023;413.0
1137996000000000000;83.5163;466.0
1138082400000000000;84.2869;519.0
1138168800000000000;82.2651;572.0
1138255200000000000;82.9526;225.0
1138341600000000000;83.6007;278.0
1138600800000000000;81.4613;331.0
1138687200000000000;82.0365;384.0
1138773600000000000;79.8283;437.0
1138860000000000000;80.3391;490.0
1138946400000000000;80.8214;543.0
1139205600000000000;78.5278;596.0
1139292000000000000;78.9612;249.0
1139378400000000000;79.3743;302.0
1139464800000000000;77.0202;355.0
1139551200000000000;77.4021;408.0
1139810400000000000;77.7729;461.0
1139896800000000000;75.386;514.0
1139983200000000000;75.7445;567.0
1140069600000000000;73.3518;220.0
1140156000000000000;73.7111;273.0
1140501600000000000;74.0758;326.0
1140588000000000000;71.699;379.0
1140674400000000000;72.0839;432.0
1140760800000000000;72.4836;485.0
1141020000000000000;70.1513;538.0
1141106400000000000;70.59;591.0
1141192800000000000;71.0523;244.0
1141279200000000000;68.7912;297.0
1141365600000000000;69.3092;350.0
1141624800000000000;67.1088;403.0
1141711200000000000;67.6922;456.0
1141797600000000000;68.3117;509.0
1141884000000000000;66.219;562.0
1141970400000000000;66.9161;215.0
1142229600000000000;67.6544;268.0
1142316000000000000;65.6852;321.0
1142402400000000000;66.5097;374.0
1142488800000000000;67.3788;427.0
1142575200000000000;65.5432;480.0
1142834400000000000;66.5032;533.0
1142920800000000000;64.7591;586.0
1143007200000000000;65.8108;239.0
1143093600000000000;66.9082;292.0
1143180000000000000;65.3006;345.0
1143439200000000000;66.4874;398.0
1143525600000000000;67.7176;451.0
1143612000000000000;66.24;504.0
1143698400000000000;67.5533;557.0
1143784800000000000;68.9059;210.0
1144044000000000000;67.5459;263.0
1144130400000000000;68.9714;316.0
1144216800000000000;67.6801;369.0
1144303200000000000;69.1698;422.0
1144389600000000000;70.688;475.0
1144648800000000000;69.482;528.0
1144735200000000000;71.0491;581.0
1144821600000000000;72.6362;234.0
1144908000000000000;71.4906;287.0
1145253600000000000;73.109;340.0
1145340000000000000;74.7383;393.0
1145426400000000000;73.6254;446.0
1145512800000000000;75.2669;499.0
1145599200000000000;74.1596;552.0
1145858400000000000;75.8002;205.0
1145944800000000000;77.4354;258.0
1146031200000000000;76.312;311.0
1146117600000000000;77.9269;364.0
1146204000000000000;79.5268;417.0
1146463200000000000;78.3588;470.0
1146549600000000000;79.9198;523.0
1146636000000000000;81.457;576.0
1146722400000000000;80.2176;229.0
1146808800000000000;81.699;282.0
1147068000000000000;80.3989;335.0
1147154400000000000;81.8148;388.0
1147240800000000000;83.1947;441.0
1147327200000000000;81.7867;494.0
1147413600000000000;83.0889;547.0
1147672800000000000;84.3499;200.0
1147759200000000000;82.8183;253.0
1147845600000000000;83.993;306.0
1147932000000000000;85.1231;359.0
1148018400000000000;83.458;412.0
1148277600000000000;84.4971;465.0
1148364000000000000;82.7404;518.0
1148450400000000000;83.6879;571.0
1148536800000000000;84.5897;224.0
1148623200000000000;82.6965;277.0
1148968800000000000;83.5089;330.0
1149055200000000000;84.2779;383.0
1149141600000000000;82.2548;436.0
1149228000000000000;82.9408;489.0
1149487200000000000;83.5875;542.0
1149573600000000000;81.4469;595.0
1149660000000000000;82.0208;248.0
1149746400000000000;79.8115;301.0
1149832800000000000;80.3212;354.0
1150092000000000000;80.8026;407.0
1150178400000000000;78.5081;460.0
1150264800000000000;78.9407;513.0
1150351200000000000;79.3532;566.0
1150437600000000000;76.9986;219.0
1150696800000000000;77.38;272.0
1150783200000000000;77.7505;325.0
1150869600000000000;75.3633;378.0
1150956000000000000;75.7218;431.0
1151042400000000000;73.3291;484.0
1151301600000000000;73.6885;537.0
1151388000000000000;74.0534;590.0
1151474400000000000;71.677;243.0
1151560800000000000;72.0623;296.0
1151647200000000000;72.4627;349.0
1151906400000000000;70.1311;402.0
1152079200000000000;70.5705;455.0
1152165600000000000;71.0338;508.0
1152252000000000000;68.7736;561.0
1152511200000000000;69.2927;214.0
1152597600000000000;67.0935;267.0
1152684000000000000;67.6781;320.0
1152770400000000000;68.2989;373.0
1152856800000000000;66.2076;426.0
1153116000000000000;66.9061;479.0
1153202400000000000;67.6459;532.0
1153288800000000000;65.6782;585.0
1153375200000000000;66.5043;238.0
1153461600000000000;67.375;291.0
1153720800000000000;65.541;344.0
1153807200000000000;66.5026;397.0
1153893600000000000;64.7601;450.0
1153980000000000000;65.8135;503.0
1154066400000000000;66.9124;556.0
1154325600000000000;65.3064;209.0
1154412000000000000;66.4948;262.0
1154498400000000000;67.7265;315.0
1154584800000000000;66.2504;368.0
1154671200000000000;67.5652;421.0
1154930400000000000;68.9191;474.0
1155016800000000000;67.5604;527.0
1155103200000000000;68.9871;580.0
1155189600000000000;67.697;233.0
1155276000000000000;69.1877;286.0
1155535200000000000;70.7069;339.0
1155621600000000000;69.5017;392.0
1155708000000000000;71.0695;445.0
1155794400000000000;72.6574;498.0
1155880800000000000;71.5123;551.0
1156140000000000000;73.1311;204.0
1156226400000000000;74.7608;257.0
1156312800000000000;73.648;310.0
1156399200000000000;75.2896;363.0
1156485600000000000;74.1823;416.0
1156744800000000000;75.8228;469.0
1156831200000000000;77.4578;522.0
1156917600000000000;76.334;575.0
1157004000000000000;77.9484;228.0
1157090400000000000;79.5478;281.0
1157436000000000000;78.379;334.0
1157522400000000000;79.9392;387.0
1157608800000000000;81.4755;440.0
1157695200000000000;80.2351;493.0
1157954400000000000;81.7155;546.0
1158040800000000000;80.4142;599.0
1158127200000000000;81.8289;252.0
1158213600000000000;83.2075;305.0
1158300000000000000;81.7981;358.0
1158559200000000000;83.0989;411.0
1158645600000000000;84.3584;464.0
1158732000000000000;82.8252;517.0
1158818400000000000;83.9984;570.0
1158904800000000000;85.1269;223.0
1159164000000000000;83.4601;276.0
1159250400000000000;84.4977;329.0
1159336800000000000;82.7393;382.0
1159423200000000000;83.6852;435.0
1159509600000000000;84.5854;488.0
1159768800000000000;82.6906;541.0
1159855200000000000;83.5015;594.0
1159941600000000000;84.269;247.0
1160028000000000000;82.2443;300.0
1160114400000000000;82.9289;353.0
1160373600000000000;83.5743;406.0
1160460000000000000;81.4324;459.0
1160546400000000000;82.0051;512.0
1160632800000000000;79.7946;565.0
1160719200000000000;80.3033;218.0
1160978400000000000;80.7837;271.0
1161064800000000000;78.4884;324.0
1161151200000000000;78.9202;377.0
1161237600000000000;79.3321;430.0
1161324000000000000;76.9769;483.0
1161583200000000000;77.3578;536.0
1161669600000000000;77.728;589.0
1161756000000000000;75.3407;242.0
1161842400000000000;75.699;295.0
1161928800000000000;73.3063;348.0
1162188000000000000;73.6659;401.0
1162274400000000000;74.0311;454.0
1162360800000000000;71.655;507.0
1162447200000000000;72.0408;560.0
1162533600000000000;72.4418;213.0
1162792800000000000;70.1109;266.0
1162879200000000000;70.5511;319.0
1162965600000000000;71.0152;372.0
1163052000000000000;68.7561;425.0
1163138400000000000;69.2763;478.0
1163397600000000000;67.0782;531.0
1163484000000000000;67.6641;584.0
1163570400000000000;68.2861;237.0
1163656800000000000;66.1963;290.0
1163743200000000000;66.8962;343.0
1164002400000000000;67.6374;396.0
1164088800000000000;65.6713;449.0
1164175200000000000;66.499;502.0
1164348000000000000;67.3713;555.0
1164607200000000000;65.5388;208.0
1164693600000000000;66.5021;261.0
1164780000000000000;64.7612;314.0
1164866400000000000;65.8162;367.0
1164952800000000000;66.9168;420.0
1165212000000000000;65.3124;473.0
1165298400000000000;66.5023;526.0
1165384800000000000;67.7355;579.0
1165471200000000000;66.2609;232.0
1165557600000000000;67.577;285.0
1165816800000000000;68.9323;338.0
1165903200000000000;67.5749;391.0
1165989600000000000;69.0028;444.0
1166076000000000000;67.7138;497.0
1166162400000000000;69.2056;550.0
1166421600000000000;70.7257;203.0
1166508000000000000;69.5214;256.0
1166594400000000000;71.09;309.0
1166680800000000000;72.6785;362.0
1166767200000000000;71.5339;415.0
1167112800000000000;73.1532;468.0
1167199200000000000;74.7832;521.0
1167285600000000000;73.6707;574.0
1167372000000000000;75.3124;227.0
1167804000000000000;74.205;280.0
1167890400000000000;75.8454;333.0
1167976800000000000;77.4801;386.0
1168236000000000000;76.356;439.0
1168322400000000000;77.9699;492.0
1168408800000000000;79.5687;545.0
1168495200000000000;78.3992;598.0
1168581600000000000;79.9586;251.0
1168927200000000000;81.494;304.0
1169013600000000000;80.2527;357.0
1169100000000000000;81.732;410.0
1169186400000000000;80.4295;463.0
1169445600000000000;81.8429;516.0
1169532000000000000;83.2202;569.0
1169618400000000000;81.8094;222.0
1169704800000000000;83.1088;275.0
1169791200000000000;84.3668;328.0
1170050400000000000;82.8321;381.0
1170136800000000000;84.0037;434.0
1170223200000000000;85.1306;487.0
1170309600000000000;83.4622;540.0
1170396000000000000;84.4982;593.0
1170655200000000000;82.7382;246.0
1170741600000000000;83.6824;299.0
1170828000000000000;84.581;352.0
1170914400000000000;82.6847;405.0
1171000800000000000;83.494;458.0
1171260000000000000;84.26;511.0
1171346400000000000;82.2339;564.0
1171432800000000000;82.917;217.0
1171519200000000000;83.5611;270.0
1171605600000000000;81.4178;323.0
1171951200000000000;81.9893;376.0
1172037600000000000;79.7777;429.0
1172124000000000000;80.2854;482.0
1172210400000000000;80.7648;535.0
1172469600000000000;78.4687;588.0
1172556000000000000;78.8997;241.0
1172642400000000000;79.3109;294.0
1172728800000000000;76.9552;347.0
1172815200000000000;77.3357;400.0
1173074400000000000;77.7056;453.0
1173160800000000000;75.318;506.0
1173247200000000000;75.6762;559.0
1173333600000000000;73.2836;212.0
1173420000000000000;73.6434;265.0
1173679200000000000;74.0087;318.0
1173765600000000000;71.633;371.0
1173852000000000000;72.0193;424.0
1173938400000000000;72.4209;477.0
1174024800000000000;70.0907;530.0
1174284000000000000;70.5317;583.0
1174370400000000000;70.9967;236.0
1174456800000000000;68.7386;289.0
1174543200000000000;69.2598;342.0
1174629600000000000;67.0629;395.0
1174888800000000000;67.6501;448.0
1174975200000000000;68.2734;501.0
1175061600000000000;66.1849;554.0
1175148000000000000;66.8863;207.0
1175234400000000000;67.629;260.0
1175493600000000000;65.6645;313.0
1175580000000000000;66.4937;366.0
1175666400000000000;67.3676;419.0
1175752800000000000;65.5367;472.0
1176098400000000000;66.5016;525.0
1176184800000000000;64.7624;578.0
1176271200000000000;65.819;231.0
1176357600000000000;66.9212;284.0
1176444000000000000;65.3183;337.0
1176703200000000000;66.5098;390.0
1176789600000000000;67.7445;443.0
1176876000000000000;66.2714;496.0
1176962400000000000;67.589;549.0
1177048800000000000;68.9456;202.0
1177308000000000000;67.5894;255.0
1177394400000000000;69.0186;308.0
1177480800000000000;67.7307;361.0
1177567200000000000;69.2236;414.0
1177653600000000000;70.7446;467.0
1177912800000000000;69.5412;520.0
1177999200000000000;71.1105;573.0
1178085600000000000;72.6997;226.0
1178172000000000000;71.5557;279.0
1178258400000000000;73.1754;332.0
1178517600000000000;74.8057;385.0
1178604000000000000;73.6933;438.0
1178690400000000000;75.3351;491.0
1178776800000000000;74.2278;544.0
1178863200000000000;75.8679;597.0
1179122400000000000;77.5024;250.0
1179208800000000000;76.378;303.0
1179295200000000000;77.9914;356.0
1179381600000000000;79.5896;409.0
1179468000000000000;78.4194;462.0
1179727200000000000;79.978;515.0
1179813600000000000;81.5125;568.0
1179900000000000000;80.2701;221.0
1179986400000000000;81.7484;274.0
1180072800000000000;80.4447;327.0
1180418400000000000;81.8569;380.0
1180504800000000000;83.2329;433.0
1180591200000000000;81.8207;486.0
1180677600000000000;83.1186;539.0
1180936800000000000;84.3751;592.0
1181023200000000000;82.8389;245.0
1181109600000000000;84.0089;298.0
1181196000000000000;85.1343;351.0
1181282400000000000;83.4643;404.0
1181541600000000000;84.4986;457.0
1181628000000000000;82.737;510.0
1181714400000000000;83.6796;563.0
1181800800000000000;84.5766;216.0
1181887200000000000;82.6787;269.0
1182146400000000000;83.4864;322.0
1182232800000000000;84.2509;375.0
1182319200000000000;82.2233;428.0
1182405600000000000;82.9051;481.0
1182492000000000000;83.5478;534.0
1182751200000000000;81.4033;587.0
1182837600000000000;81.9735;240.0
1182924000000000000;79.7608;293.0
1183010400000000000;80.2674;346.0
1183096800000000000;80.7459;399.0
1183356000000000000;78.4489;452.0
1183442400000000000;78.8792;505.0
1183615200000000000;79.2897;558.0
1183701600000000000;76.9335;211.0
1183960800000000000;77.3135;264.0
1184047200000000000;77.6831;317.0
1184133600000000000;75.2953;370.0
1184220000000000000;75.6535;423.0
1184306400000000000;73.2609;476.0
1184565600000000000;73.6208;529.0
1184652000000000000;73.9864;582.0
1184738400000000000;71.6111;235.0
1184824800000000000;71.9979;288.0
1184911200000000000;72.4;341.0
1185170400000000000;70.0705;394.0
1185256800000000000;70.5123;447.0
1185343200000000000;70.9783;500.0
1185429600000000000;68.7211;553.0
1185516000000000000;69.2435;206.0
1185775200000000000;67.0477;259.0
1185861600000000000;67.6361;312.0
1185948000000000000;68.2608;365.0
1186034400000000000;66.1737;418.0
1186120800000000000;66.8765;471.0
1186380000000000000;67.6207;524.0
1186466400000000000;65.6577;577.0
1186552800000000000;66.4885;230.0
1186639200000000000;67.3639;283.0
1186725600000000000;65.5347;336.0
1186984800000000000;66.5012;389.0
1187071200000000000;64.7636;442.0
1187157600000000000;65.8218;495.0
1187244000000000000;66.9256;548.0
1187330400000000000;65.3244;201.0
1187589600000000000;66.5174;254.0
1187676000000000000;67.7536;307.0
1187762400000000000;66.282;360.0
1187848800000000000;67.6009;413.0
1187935200000000000;68.9589;466.0
1188194400000000000;67.604;519.0
1188280800000000000;69.0344;572.0
1188367200000000000;67.7477;225.0
1188453600000000000;69.2416;278.0
1188540000000000000;70.7636;331.0
1188885600000000000;69.561;384.0
1188972000000000000;71.1311;437.0
1189058400000000000;72.7209;490.0
1189144800000000000;71.5774;543.0
1189404000000000000;73.1975;596.0
1189490400000000000;74.8281;249.0
1189576800000000000;73.716;302.0
1189663200000000000;75.3579;355.0
1189749600000000000;74.2505;408.0
1190008800000000000;75.8905;461.0
1190095200000000000;77.5247;514.0
1190181600000000000;76.3999;567.0
1190268000000000000;78.0129;220.0
1190354400000000000;79.6104;273.0
1190613600000000000;78.4396;326.0
1190700000000000000;79.9974;379.0
1190786400000000000;81.5309;432.0
1190872800000000000;80.2876;485.0
1190959200000000000;81.7647;538.0
1191218400000000000;80.4599;591.0
1191304800000000000;81.8709;244.0
1191391200000000000;83.2455;297.0
1191477600000000000;81.8319;350.0
1191564000000000000;83.1284;403.0
1191823200000000000;84.3834;456.0
1191909600000000000;82.8457;509.0
1191996000000000000;84.0141;562.0
1192082400000000000;85.1379;215.0
1192168800000000000;83.4663;268.0
1192428000000000000;84.499;321.0
1192514400000000000;82.7358;374.0
1192600800000000000;83.6767;427.0
1192687200000000000;84.5722;480.0
1192773600000000000;82.6726;533.0
1193032800000000000;83.4788;586.0
1193119200000000000;84.2418;239.0
1193205600000000000;82.2127;292.0
1193292000000000000;82.8931;345.0
1193378400000000000;83.5344;398.0
1193637600000000000;81.3886;451.0
1193724000000000000;81.9577;504.0
1193810400000000000;79.7439;557.0
1193896800000000000;80.2494;210.0
1193983200000000000;80.727;263.0
1194242400000000000;78.4291;316.0
1194328800000000000;78.8587;369.0
1194415200000000000;79.2685;422.0
1194501600000000000;76.9118;475.0
1194588000000000000;77.2914;528.0
1194847200000000000;77.6606;581.0
1194933600000000000;75.2726;234.0
1195020000000000000;75.6307;287.0
1195106400000000000;73.2382;340.0
1195192800000000000;73.5982;393.0
1195452000000000000;73.9641;446.0
1195538400000000000;71.5891;499.0
1195624800000000000;71.9764;552.0
1195797600000000000;72.3792;205.0
1196056800000000000;70.0504;258.0
1196143200000000000;70.493;311.0
1196229600000000000;70.9598;364.0
1196316000000000000;68.7037;417.0
1196402400000000000;69.2271;470.0
1196661600000000000;67.0325;523.0
1196748000000000000;67.6222;576.0
1196834400000000000;68.2482;229.0
1196920800000000000;66.1625;282.0
1197007200000000000;66.8667;335.0
1197266400000000000;67.6124;388.0
1197352800000000000;65.6509;441.0
1197439200000000000;66.4833;494.0
1197525600000000000;67.3603;547.0
1197612000000000000;65.5327;200.0
1197871200000000000;66.5009;253.0
1197957600000000000;64.7649;306.0
1198044000000000000;65.8247;359.0
1198130400000000000;66.9301;412.0
1198216800000000000;65.3304;465.0
1198476000000000000;66.525;518.0
1198648800000000000;67.7628;571.0
1198735200000000000;66.2926;224.0
1198821600000000000;67.6129;277.0
1199080800000000000;68.9723;330.0
1199253600000000000;67.6187;383.0
1199340000000000000;69.0502;436.0
1199426400000000000;67.7646;489.0
1199685600000000000;69.2596;542.0
1199772000000000000;70.7825;595.0
1199858400000000000;69.5808;248.0
1199944800000000000;71.1516;301.0
1200031200000000000;72.7421;354.0
1200290400000000000;71.5991;407.0
1200376800000000000;73.2197;460.0
1200463200000000000;74.8506;513.0
1200549600000000000;73.7387;566.0
1200636000000000000;75.3806;219.0
1200981600000000000;74.2732;272.0
1201068000000000000;75.9131;325.0
1201154400000000000;77.5471;378.0
1201240800000000000;76.4218;431.0
1201500000000000000;78.0343;484.0
1201586400000000000;79.6313;537.0
1201672800000000000;78.4597;590.0
1201759200000000000;80.0167;243.0
1201845600000000000;81.5494;296.0
1202104800000000000;80.305;349.0
1202191200000000000;81.781;402.0
1202277600000000000;80.4751;455.0
1202364000000000000;81.8848;508.0
1202450400000000000;83.2581;561.0
1202709600000000000;81.8431;214.0
1202796000000000000;83.1382;267.0
1202882400000000000;84.3917;320.0
1202968800000000000;82.8524;373.0
1203055200000000000;84.0193;426.0
1203400800000000000;85.1414;479.0
1203487200000000000;83.4682;532.0
1203573600000000000;84.4993;585.0
1203660000000000000;82.7344;238.0
1203919200000000000;83.6738;291.0
1204005600000000000;84.5676;344.0
1204092000000000000;82.6665;397.0
1204178400000000000;83.4712;450.0
1204264800000000000;84.2326;503.0
1204524000000000000;82.2021;556.0
1204610400000000000;82.881;209.0
1204696800000000000;83.521;262.0
1204783200000000000;81.374;315.0
1204869600000000000;81.9418;368.0
1205128800000000000;79.7269;421.0
1205215200000000000;80.2314;474.0
1205301600000000000;80.708;527.0
1205388000000000000;78.4093;580.0
1205474400000000000;78.8381;233.0
1205733600000000000;79.2473;286.0
1205820000000000000;76.89;339.0
1205906400000000000;77.2692;392.0
1205992800000000000;77.6381;445.0
1206338400000000000;75.25;498.0
1206424800000000000;75.608;551.0
1206511200000000000;73.2154;204.0
1206597600000000000;73.5756;257.0
1206684000000000000;73.9418;310.0
1206943200000000000;71.5672;363.0
1207029600000000000;71.955;416.0
1207116000000000000;72.3583;469.0
1207202400000000000;70.0302;522.0
1207288800000000000;70.4737;575.0
1207548000000000000;70.9414;228.0
1207634400000000000;68.6863;281.0
1207720800000000000;69.2108;334.0
1207807200000000000;67.0174;387.0
1207893600000000000;67.6083;440.0
1208152800000000000;68.2356;493.0
1208239200000000000;66.1513;546.0
1208325600000000000;66.857;599.0
1208412000000000000;67.6042;252.0
1208498400000000000;65.6442;305.0
1208757600000000000;66.4782;358.0
1208844000000000000;67.3568;411.0
1208930400000000000;65.5308;464.0
1209016800000000000;66.5006;517.0
1209103200000000000;64.7662;570.0
1209362400000000000;65.8277;223.0
1209448800000000000;66.9347;276.0
1209535200000000000;65.3366;329.0
1209621600000000000;66.5327;382.0
1209708000000000000;67.772;435.0
1209967200000000000;66.3032;488.0
1210053600000000000;67.625;541.0
1210140000000000000;68.9857;594.0
1210226400000000000;67.6334;247.0
1210312800000000000;69.0661;300.0
1210572000000000000;67.7817;353.0
1210658400000000000;69.2776;406.0
1210744800000000000;70.8015;459.0
1210831200000000000;69.6006;512.0
1210917600000000000;71.1722;565.0
1211176800000000000;72.7633;218.0
1211263200000000000;71.6209;271.0
1211349600000000000;73.2419;324.0
1211436000000000000;74.8731;377.0
1211522400000000000;73.7614;430.0
1211868000000000000;75.4034;483.0
1211954400000000000;74.2959;536.0
1212040800000000000;75.9357;589.0
1212127200000000000;77.5693;242.0
1212386400000000000;76.4438;295.0
1212472800000000000;78.0557;348.0
1212559200000000000;79.6521;401.0
1212645600000000000;78.4798;454.0
1212732000000000000;80.036;507.0
1212991200000000000;81.5677;560.0
1213077600000000000;80.3224;213.0
1213164000000000000;81.7973;266.0
1213250400000000000;80.4902;319.0
1213336800000000000;81.8986;372.0
1213596000000000000;83.2706;425.0
1213682400000000000;81.8543;478.0
1213768800000000000;83.1478;531.0
1213855200000000000;84.3999;584.0
1213941600000000000;82.8591;237.0
1214200800000000000;84.0244;290.0
1214287200000000000;85.1449;343.0
1214373600000000000;83.4701;396.0
1214460000000000000;84.4995;449.0
1214546400000000000;82.7331;502.0
1214805600000000000;83.6708;555.0
1214892000000000000;84.563;208.0
1214978400000000000;82.6603;261.0
1215064800000000000;83.4634;314.0
1215410400000000000;84.2234;367.0
1215496800000000000;82.1914;420.0
1215583200000000000;82.8689;473.0
1215669600000000000;83.5076;526.0
1215756000000000000;81.3593;579.0
1216015200000000000;81.9259;232.0
1216101600000000000;79.7098;285.0
1216188000000000000;80.2133;338.0
1216274400000000000;80.689;391.0
1216360800000000000;78.3894;444.0
1216620000000000000;78.8175;497.0
1216706400000000000;79.2261;550.0
1216792800000000000;76.8682;203.0
1216879200000000000;77.247;256.0
1216965600000000000;77.6156;309.0
1217224800000000000;75.2273;362.0
1217311200000000000;75.5852;415.0
1217397600000000000;73.1927;468.0
1217484000000000000;73.5531;521.0
1217570400000000000;73.9195;574.0
1217829600000000000;71.5453;227.0
1217916000000000000;71.9336;280.0
1218002400000000000;72.3375;333.0
1218088800000000000;70.0101;386.0
1218175200000000000;70.4544;439.0
1218434400000000000;70.9231;492.0
1218520800000000000;68.6689;545.0
1218607200000000000;69.1946;598.0
1218693600000000000;67.0023;251.0
1218780000000000000;67.5945;304.0
1219039200000000000;68.2231;357.0
1219125600000000000;66.1402;410.0
1219212000000000000;66.8473;463.0
1219298400000000000;67.596;516.0
1219384800000000000;65.6376;569.0
1219644000000000000;66.4731;222.0
1219730400000000000;67.3534;275.0
1219816800000000000;65.529;328.0
1219903200000000000;66.5004;381.0
1219989600000000000;64.7676;434.0
1220335200000000000;65.8307;487.0
1220421600000000000;66.9393;540.0
1220508000000000000;65.3428;593.0
1220594400000000000;66.5404;246.0
1220853600000000000;67.7812;299.0
1220940000000000000;66.3139;352.0
1221026400000000000;67.6371;405.0
1221112800000000000;68.9991;458.0
1221199200000000000;67.6481;511.0
1221458400000000000;69.082;564.0
1221544800000000000;67.7987;217.0
1221631200000000000;69.2957;270.0
1221717600000000000;70.8206;323.0
1221804000000000000;69.6205;376.0
1222063200000000000;71.1928;429.0
1222149600000000000;72.7845;482.0
1222236000000000000;71.6427;535.0
1222322400000000000;73.2641;588.0
1222408800000000000;74.8956;241.0
1222668000000000000;73.7841;294.0
1222754400000000000;75.4262;347.0
1222840800000000000;74.3186;400.0
1222927200000000000;75.9582;453.0
1223013600000000000;77.5916;506.0
1223272800000000000;76.4657;559.0
1223359200000000000;78.0771;212.0
1223445600000000000;79.6729;265.0
1223532000000000000;78.4999;318.0
1223618400000000000;80.0552;371.0
1223877600000000000;81.5861;424.0
1223964000000000000;80.3397;477.0
1224050400000000000;81.8136;530.0
1224136800000000000;80.5052;583.0
1224223200000000000;81.9124;236.0
1224482400000000000;83.2831;289.0
1224568800000000000;81.8653;342.0
1224655200000000000;83.1575;395.0
1224741600000000000;84.408;448.0
1224828000000000000;82.8657;501.0
1225087200000000000;84.0294;554.0
1225173600000000000;85.1484;207.0
1225260000000000000;83.4719;260.0
1225346400000000000;84.4997;313.0
1225432800000000000;82.7317;366.0
1225692000000000000;83.6678;419.0
1225778400000000000;84.5584;472.0
1225864800000000000;82.6541;525.0
1225951200000000000;83.4557;578.0
1226037600000000000;84.2141;231.0
1226296800000000000;82.1807;284.0
1226383200000000000;82.8568;337.0
1226469600000000000;83.4941;390.0
1226556000000000000;81.3445;443.0
1226642400000000000;81.91;496.0
1226901600000000000;79.6927;549.0
1226988000000000000;80.1952;202.0
1227074400000000000;80.6699;255.0
1227160800000000000;78.3695;308.0
1227247200000000000;78.7969;361.0
1227506400000000000;79.2048;414.0
1227592800000000000;76.8464;467.0
1227679200000000000;77.2248;520.0
1227852000000000000;77.5931;573.0
1228111200000000000;75.2046;226.0
1228197600000000000;75.5625;279.0
1228284000000000000;73.17;332.0
1228370400000000000;73.5305;385.0
1228456800000000000;73.8972;438.0
1228716000000000000;71.5234;491.0
1228802400000000000;71.9122;544.0
1228888800000000000;72.3168;597.0
1228975200000000000;69.9901;250.0
1229061600000000000;70.4351;303.0
1229320800000000000;70.9048;356.0
1229407200000000000;68.6516;409.0
1229493600000000000;69.1783;462.0
1229580000000000000;66.9873;515.0
1229666400000000000;67.5807;568.0
1229925600000000000;68.2107;221.0
1230012000000000000;66.1291;274.0
1230098400000000000;66.8377;327.0
1230271200000000000;67.5879;380.0
1230530400000000000;65.631;433.0
1230616800000000000;66.4681;486.0
1230703200000000000;67.3499;539.0
1230876000000000000;65.5272;592.0
1231135200000000000;66.5002;245.0
1231221600000000000;64.7691;298.0
1231308000000000000;65.8338;351.0
1231394400000000000;66.9439;404.0
1231480800000000000;65.349;457.0
1231740000000000000;66.5482;510.0
1231826400000000000;67.7905;563.0
1231912800000000000;66.3247;216.0
1231999200000000000;67.6493;269.0
1232085600000000000;69.0126;322.0
1232431200000000000;67.6629;375.0
1232517600000000000;69.098;428.0
1232604000000000000;67.8158;481.0
1232690400000000000;69.3138;534.0
1232949600000000000;70.8396;587.0
1233036000000000000;69.6404;240.0
1233122400000000000;71.2135;293.0
1233208800000000000;72.8058;346.0
1233295200000000000;71.6644;399.0
1233554400000000000;73.2863;452.0
1233640800000000000;74.9181;505.0
1233727200000000000;73.8068;558.0
1233813600000000000;75.4489;211.0
1233900000000000000;74.3414;264.0
1234159200000000000;75.9808;317.0
1234245600000000000;77.6139;370.0
1234332000000000000;76.4875;423.0
1234418400000000000;78.0985;476.0
1234504800000000000;79.6936;529.0
1234850400000000000;78.5199;582.0
1234936800000000000;80.0745;235.0
1235023200000000000;81.6044;288.0
1235109600000000000;80.357;341.0
1235368800000000000;81.8298;394.0
1235455200000000000;80.5202;447.0
1235541600000000000;81.9262;500.0
1235628000000000000;83.2955;553.0
1235714400000000000;81.8764;206.0
1235973600000000000;83.1671;259.0
1236060000000000000;84.4161;312.0
1236146400000000000;82.8722;365.0
1236232800000000000;84.0344;418.0
1236319200000000000;85.1517;471.0
1236578400000000000;83.4737;524.0
1236664800000000000;84.4999;577.0
1236751200000000000;82.7302;230.0
1236837600000000000;83.6647;283.0
1236924000000000000;84.5537;336.0
1237183200000000000;82.6478;389.0
1237269600000000000;83.4479;442.0
1237356000000000000;84.2048;495.0
1237442400000000000;82.1699;548.0
1237528800000000000;82.8446;201.0
1237788000000000000;83.4806;254.0
1237874400000000000;81.3297;307.0
1237960800000000000;81.894;360.0
1238047200000000000;79.6756;413.0
1238133600000000000;80.1771;466.0
1238392800000000000;80.6508;519.0
1238479200000000000;78.3496;572.0
1238565600000000000;78.7762;225.0
1238652000000000000;79.1835;278.0
1238738400000000000;76.8246;331.0
1238997600000000000;77.2026;384.0
1239084000000000000;77.5706;437.0
1239170400000000000;75.1819;490.0
1239256800000000000;75.5397;543.0
1239602400000000000;73.1473;596.0
1239688800000000000;73.508;249.0
1239775200000000000;73.875;302.0
1239861600000000000;71.5015;355.0
1239948000000000000;71.8908;408.0
1240207200000000000;72.296;461.0
1240293600000000000;69.97;514.0
1240380000000000000;70.4159;567.0
1240466400000000000;70.8865;220.0
1240552800000000000;68.6343;273.0
1240812000000000000;69.1621;326.0
1240898400000000000;66.9723;379.0
1240984800000000000;67.567;432.0
1241071200000000000;68.1983;485.0
1241157600000000000;66.1181;538.0
1241416800000000000;66.8281;591.0
1241503200000000000;67.5799;244.0
1241589600000000000;65.6245;297.0
1241676000000000000;66.4631;350.0
1241762400000000000;67.3466;403.0
1242021600000000000;65.5254;456.0
1242108000000000000;66.5001;509.0
1242194400000000000;64.7706;562.0
1242280800000000000;65.8369;215.0
1242367200000000000;66.9487;268.0
1242626400000000000;65.3553;321.0
1242712800000000000;66.5561;374.0
1242799200000000000;67.7999;427.0
1242885600000000000;66.3355;480.0
1242972000000000000;67.6615;533.0
1243317600000000000;69.0262;586.0
1243404000000000000;67.6777;239.0
1243490400000000000;69.114;292.0
1243576800000000000;67.8329;345.0
1243836000000000000;69.332;398.0
1243922400000000000;70.8587;451.0
1244008800000000000;69.6603;504.0
1244095200000000000;71.2341;557.0
1244181600000000000;72.8271;210.0
1244440800000000000;71.6863;263.0
1244527200000000000;73.3085;316.0
1244613600000000000;74.9406;369.0
1244700000000000000;73.8294;422.0
1244786400000000000;75.4717;475.0
1245045600000000000;74.3641;528.0
1245132000000000000;76.0033;581.0
1245218400000000000;77.6362;234.0
1245304800000000000;76.5094;287.0
1245391200000000000;78.1198;340.0
1245650400000000000;79.7144;393.0
1245736800000000000;78.54;446.0
1245823200000000000;80.0937;499.0
1245909600000000000;81.6227;552.0
1245996000000000000;80.3743;205.0
1246255200000000000;81.8459;258.0
1246341600000000000;80.5352;311.0
1246428000000000000;81.9399;364.0
1246514400000000000;83.3079;417.0
1246860000000000000;81.8874;470.0
1246946400000000000;83.1766;523.0
1247032800000000000;84.4242;576.0
1247119200000000000;82.8787;229.0
1247205600000000000;84.0393;282.0
1247464800000000000;85.1551;335.0
1247551200000000000;83.4754;388.0
1247637600000000000;84.5;441.0
1247724000000000000;82.7286;494.0
1247810400000000000;83.6615;547.0
1248069600000000000;84.5489;200.0
1248156000000000000;82.6415;253.0
1248242400000000000;83.44;306.0
1248328800000000000;84.1954;359.0
1248415200000000000;82.1591;412.0
1248674400000000000;82.8324;465.0
1248760800000000000;83.467;518.0
1248847200000000000;81.3149;571.0
1248933600000000000;81.8779;224.0
1249020000000000000;79.6585;277.0
1249279200000000000;80.1589;330.0
1249365600000000000;80.6317;383.0
1249452000000000000;78.3297;436.0
1249538400000000000;78.7555;489.0
1249624800000000000;79.1623;542.0
1249884000000000000;76.8028;595.0
1249970400000000000;77.1804;248.0
1250056800000000000;77.5481;301.0
1250143200000000000;75.1592;354.0
1250229600000000000;75.5169;407.0
1250488800000000000;73.1246;460.0
1250575200000000000;73.4854;513.0
1250661600000000000;73.8527;566.0
1250748000000000000;71.4797;219.0
1250834400000000000;71.8695;272.0
1251093600000000000;72.2753;325.0
1251180000000000000;69.95;378.0
1251266400000000000;70.3967;431.0
1251352800000000000;70.8682;484.0
1251439200000000000;68.6171;537.0
1251698400000000000;69.146;590.0
1251784800000000000;66.9573;243.0
1251871200000000000;67.5533;296.0
1251957600000000000;68.1859;349.0
1252044000000000000;66.1072;402.0
1252389600000000000;66.8186;455.0
1252476000000000000;67.5718;508.0
1252562400000000000;65.618;561.0
1252648800000000000;66.4582;214.0
1252908000000000000;67.3433;267.0
1252994400000000000;65.5238;320.0
1253080800000000000;66.5;373.0
1253167200000000000;64.7722;426.0
1253253600000000000;65.8401;479.0
1253512800000000000;66.9535;532.0
1253599200000000000;65.3617;585.0
1253685600000000000;66.564;238.0
1253772000000000000;67.8093;291.0
1253858400000000000;66.3464;344.0
1254117600000000000;67.6738;397.0
1254204000000000000;69.0398;450.0
1254290400000000000;67.6926;503.0
1254376800000000000;69.1301;556.0
1254463200000000000;67.8501;209.0
1254722400000000000;69.3502;262.0
1254808800000000000;70.8778;315.0
1254895200000000000;69.6803;368.0
1254981600000000000;71.2548;421.0
1255068000000000000;72.8484;474.0
1255327200000000000;71.7081;527.0
1255413600000000000;73.3307;580.0
1255500000000000000;74.9632;233.0
1255586400000000000;73.8521;286.0
1255672800000000000;75.4944;339.0
1255932000000000000;74.3868;392.0
1256018400000000000;76.0258;445.0
1256104800000000000;77.6584;498.0
1256191200000000000;76.5313;551.0
1256277600000000000;78.1412;204.0
1256536800000000000;79.7351;257.0
1256623200000000000;78.56;310.0
1256709600000000000;80.1128;363.0
1256796000000000000;81.6409;416.0
1256882400000000000;80.3915;469.0
1257141600000000000;81.862;522.0
1257228000000000000;80.5501;575.0
1257314400000000000;81.9536;228.0
1257400800000000000;83.3202;281.0
1257487200000000000;81.8983;334.0
1257746400000000000;83.1861;387.0
1257832800000000000;84.4321;440.0
1257919200000000000;82.8852;493.0
1258005600000000000;84.0442;546.0
1258092000000000000;85.1583;599.0
1258351200000000000;83.4771;252.0
1258437600000000000;84.5;305.0
1258524000000000000;82.727;358.0
1258610400000000000;83.6583;411.0
1258696800000000000;84.5441;464.0
1258956000000000000;82.6351;517.0
1259042400000000000;83.432;570.0
1259128800000000000;84.186;223.0
1259301600000000000;82.1482;276.0
1259560800000000000;82.8201;329.0
1259647200000000000;83.4534;382.0
1259733600000000000;81.3;435.0
1259820000000000000;81.8619;488.0
1259906400000000000;79.6413;541.0
1260165600000000000;80.1407;594.0
1260252000000000000;80.6126;247.0
1260338400000000000;78.3097;300.0
1260424800000000000;78.7348;353.0
1260511200000000000;79.1409;406.0
1260770400000000000;76.781;459.0
1260856800000000000;77.1582;512.0
1260943200000000000;77.5256;565.0
1261029600000000000;75.1365;218.0
1261116000000000000;75.4942;271.0
1261375200000000000;73.1019;324.0
1261461600000000000;73.4629;377.0
1261548000000000000;73.8305;430.0
1261634400000000000;71.4578;483.0
1261980000000000000;71.8482;536.0
1262066400000000000;72.2546;589.0
1262152800000000000;69.9301;242.0
1262239200000000000;70.3776;295.0
1262584800000000000;70.85;348.0
1262671200000000000;68.5999;401.0
1262757600000000000;69.1299;454.0
1262844000000000000;66.9424;507.0
1262930400000000000;67.5396;560.0
1263189600000000000;68.1736;213.0
1263276000000000000;66.0962;266.0
1263362400000000000;66.8092;319.0
1263448800000000000;67.5639;372.0
1263535200000000000;65.6116;425.0
1263880800000000000;66.4534;478.0
1263967200000000000;67.34;531.0
1264053600000000000;65.5221;584.0
1264140000000000000;66.5;237.0
1264399200000000000;64.7738;290.0
1264485600000000000;65.8433;343.0
1264572000000000000;66.9583;396.0
1264658400000000000;65.3681;449.0
1264744800000000000;66.5719;502.0
1265004000000000000;67.8187;555.0
1265090400000000000;66.3573;208.0
1265176800000000000;67.6861;261.0
1265263200000000000;69.0534;314.0
1265349600000000000;67.7075;367.0
1265608800000000000;69.1462;420.0
1265695200000000000;67.8673;473.0
1265781600000000000;69.3684;526.0
1265868000000000000;70.897;579.0
1265954400000000000;69.7003;232.0
1266300000000000000;71.2755;285.0
1266386400000000000;72.8697;338.0
1266472800000000000;71.7299;391.0
1266559200000000000;73.353;444.0
1266818400000000000;74.9857;497.0
1266904800000000000;73.8749;550.0
1266991200000000000;75.5172;203.0
1267077600000000000;74.4095;256.0
1267164000000000000;76.0484;309.0
1267423200000000000;77.6807;362.0
1267509600000000000;76.5531;415.0
1267596000000000000;78.1625;468.0
1267682400000000000;79.7558;521.0
1267768800000000000;78.5799;574.0
1268028000000000000;80.132;227.0
1268114400000000000;81.6591;280.0
1268200800000000000;80.4087;333.0
1268287200000000000;81.8781;386.0
1268373600000000000;80.565;439.0
1268632800000000000;81.9672;492.0
1268719200000000000;83.3325;545.0
1268805600000000000;81.9092;598.0
1268892000000000000;83.1955;251.0
1268978400000000000;84.4401;304.0
1269237600000000000;82.8916;357.0
1269324000000000000;84.049;410.0
1269410400000000000;85.1616;463.0
1269496800000000000;83.4787;516.0
1269583200000000000;84.5;569.0
1269842400000000000;82.7254;222.0
1269928800000000000;83.655;275.0
1270015200000000000;84.5393;328.0
1270101600000000000;82.6287;381.0
1270447200000000000;83.4241;434.0
1270533600000000000;84.1765;487.0
1270620000000000000;82.1372;540.0
1270706400000000000;82.8078;593.0
1270792800000000000;83.4397;246.0
1271052000000000000;81.285;299.0
1271138400000000000;81.8457;352.0
1271224800000000000;79.6241;405.0
1271311200000000000;80.1225;458.0
1271397600000000000;80.5934;511.0
1271656800000000000;78.2897;564.0
1271743200000000000;78.7141;217.0
1271829600000000000;79.1196;270.0
1271916000000000000;76.7591;323.0
1272002400000000000;77.1359;376.0
1272261600000000000;77.503;429.0
1272348000000000000;75.1138;482.0
1272434400000000000;75.4714;535.0
1272520800000000000;73.0792;588.0
1272607200000000000;73.4404;241.0
1272866400000000000;73.8082;294.0
1272952800000000000;71.436;347.0
1273039200000000000;71.8268;400.0
1273125600000000000;72.2339;453.0
1273212000000000000;69.9101;506.0
1273471200000000000;70.3585;559.0
1273557600000000000;70.8318;212.0
1273644000000000000;68.5827;265.0
1273730400000000000;69.1139;318.0
1273816800000000000;66.9275;371.0
1274076000000000000;67.526;424.0
1274162400000000000;68.1614;477.0
1274248800000000000;66.0854;530.0
1274335200000000000;66.7998;583.0
1274421600000000000;67.556;236.0
1274680800000000000;65.6053;289.0
1274767200000000000;66.4486;342.0
1274853600000000000;67.3369;395.0
1274940000000000000;65.5206;448.0
1275026400000000000;66.5001;501.0
1275372000000000000;64.7755;554.0
1275458400000000000;65.8466;207.0
1275544800000000000;66.9632;260.0
1275631200000000000;65.3746;313.0
1275890400000000000;66.5799;366.0
1275976800000000000;67.8283;419.0
1276063200000000000;66.3682;472.0
1276149600000000000;67.6984;525.0
1276236000000000000;69.0671;578.0
1276495200000000000;67.7225;231.0
1276581600000000000;69.1623;284.0
1276668000000000000;67.8846;337.0
1276754400000000000;69.3867;390.0
1276840800000000000;70.9162;443.0
1277100000000000000;69.7203;496.0
1277186400000000000;71.2962;549.0
1277272800000000000;72.8911;202.0
1277359200000000000;71.7518;255.0
1277445600000000000;73.3752;308.0
1277704800000000000;75.0082;361.0
1277791200000000000;73.8976;414.0
1277877600000000000;75.54;467.0
1277964000000000000;74.4322;520.0
1278050400000000000;76.0709;573.0
1278396000000000000;77.7029;226.0
1278482400000000000;76.5749;279.0
1278568800000000000;78.1838;332.0
1278655200000000000;79.7765;385.0
1278914400000000000;78.5999;438.0
1279000800000000000;80.1511;491.0
1279087200000000000;81.6773;544.0
1279173600000000000;80.4258;597.0
1279260000000000000;81.8942;250.0
1279519200000000000;80.5799;303.0
1279605600000000000;81.9808;356.0
1279692000000000000;83.3448;409.0
1279778400000000000;81.92;462.0
1279864800000000000;83.2049;515.0
1280124000000000000;84.4479;568.0
1280210400000000000;82.8979;221.0
1280296800000000000;84.0538;274.0
1280383200000000000;85.1647;327.0
1280469600000000000;83.4802;380.0
1280728800000000000;84.4999;433.0
1280815200000000000;82.7237;486.0
1280901600000000000;83.6517;539.0
1280988000000000000;84.5343;592.0
1281074400000000000;82.6222;245.0
1281333600000000000;83.416;298.0
1281420000000000000;84.167;351.0
1281506400000000000;82.1263;404.0
1281592800000000000;82.7954;457.0
1281679200000000000;83.426;510.0
1281938400000000000;81.2701;563.0
1282024800000000000;81.8296;216.0
1282111200000000000;79.6068;269.0
1282197600000000000;80.1042;322.0
1282284000000000000;80.5742;375.0
1282543200000000000;78.2697;428.0
1282629600000000000;78.6934;481.0
1282716000000000000;79.0982;534.0
1282802400000000000;76.7373;587.0
1282888800000000000;77.1136;240.0
1283148000000000000;77.4805;293.0
1283234400000000000;75.0911;346.0
1283320800000000000;75.4487;399.0
1283407200000000000;73.0565;452.0
1283493600000000000;73.4179;505.0
1283839200000000000;73.786;558.0
1283925600000000000;71.4142;211.0
1284012000000000000;71.8056;264.0
1284098400000000000;72.2132;317.0
1284357600000000000;69.8902;370.0
1284444000000000000;70.3394;423.0
1284530400000000000;70.8136;476.0
1284616800000000000;68.5656;529.0
1284703200000000000;69.0978;582.0
1284962400000000000;66.9127;235.0
1285048800000000000;67.5125;288.0
1285135200000000000;68.1491;341.0
1285221600000000000;66.0746;394.0
1285308000000000000;66.7904;447.0
1285567200000000000;67.5481;500.0
1285653600000000000;65.599;553.0
1285740000000000000;66.4439;206.0
1285826400000000000;67.3337;259.0
1285912800000000000;65.5191;312.0
1286172000000000000;66.5002;365.0
1286258400000000000;64.7772;418.0
1286344800000000000;65.85;471.0
1286431200000000000;66.9681;524.0
1286517600000000000;65.3811;577.0
1286776800000000000;66.588;230.0
1286863200000000000;67.8378;283.0
1286949600000000000;66.3793;336.0
1287036000000000000;67.7108;389.0
1287122400000000000;69.0809;442.0
1287381600000000000;67.7374;495.0
1287468000000000000;69.1785;548.0
1287554400000000000;67.9018;201.0
1287640800000000000;69.405;254.0
1287727200000000000;70.9354;307.0
1287986400000000000;69.7403;360.0
1288072800000000000;71.317;413.0
1288159200000000000;72.9125;466.0
1288245600000000000;71.7737;519.0
1288332000000000000;73.3975;572.0
1288591200000000000;75.0308;225.0
1288677600000000000;73.9203;278.0
1288764000000000000;75.5627;331.0
1288850400000000000;74.4549;384.0
1288936800000000000;76.0934;437.0
1289196000000000000;77.7251;490.0
1289282400000000000;76.5967;543.0
1289368800000000000;78.2051;596.0
1289455200000000000;79.7971;249.0
1289541600000000000;78.6198;302.0
1289800800000000000;80.1702;355.0
1289887200000000000;81.6954;408.0
1289973600000000000;80.443;461.0
1290060000000000000;81.9102;514.0
1290146400000000000;80.5947;567.0
1290405600000000000;81.9943;220.0
1290492000000000000;83.3569;273.0
1290578400000000000;81.9308;326.0
1290751200000000000;83.2142;379.0
1291010400000000000;84.4558;432.0
1291096800000000000;82.9042;485.0
1291183200000000000;84.0585;538.0
1291269600000000000;85.1678;591.0
1291356000000000000;83.4817;244.0
1291615200000000000;84.4997;297.0
1291701600000000000;82.7219;350.0
1291788000000000000;83.6483;403.0
1291874400000000000;84.5294;456.0
1291960800000000000;82.6156;509.0
1292220000000000000;83.4079;562.0
1292306400000000000;84.1574;215.0
1292392800000000000;82.1152;268.0
1292479200000000000;82.7829;321.0
1292565600000000000;83.4123;374.0
1292824800000000000;81.255;427.0
1292911200000000000;81.8134;480.0
1292997600000000000;79.5895;533.0
1293084000000000000;80.0859;586.0
1293429600000000000;80.555;239.0
1293516000000000000;78.2496;292.0
1293602400000000000;78.6726;345.0
1293688800000000000;79.0769;398.0
1293775200000000000;76.7154;451.0
1294034400000000000;77.0914;504.0
1294120800000000000;77.4579;557.0
1294207200000000000;75.0684;210.0
1294293600000000000;75.4259;263.0
1294380000000000000;73.0338;316.0
1294639200000000000;73.3953;369.0
1294725600000000000;73.7638;422.0
1294812000000000000;71.3924;475.0
1294898400000000000;71.7843;528.0
1294984800000000000;72.1926;581.0
1295330400000000000;69.8703;234.0
1295416800000000000;70.3203;287.0
1295503200000000000;70.7955;340.0
1295589600000000000;68.5485;393.0
1295848800000000000;69.0819;446.0
1295935200000000000;66.8979;499.0
1296021600000000000;67.499;552.0
1296108000000000000;68.137;205.0
1296194400000000000;66.0638;258.0
1296453600000000000;66.7811;311.0
1296540000000000000;67.5403;364.0
1296626400000000000;65.5927;417.0
1296712800000000000;66.4392;470.0
1296799200000000000;67.3307;523.0
1297058400000000000;65.5176;576.0
1297144800000000000;66.5004;229.0
1297231200000000000;64.779;282.0
1297317600000000000;65.8534;335.0
1297404000000000000;66.9732;388.0
1297663200000000000;65.3877;441.0
1297749600000000000;66.5961;494.0
1297836000000000000;67.8474;547.0
1297922400000000000;66.3903;200.0
1298008800000000000;67.7233;253.0
1298354400000000000;69.0946;306.0
1298440800000000000;67.7525;359.0
1298527200000000000;69.1947;412.0
1298613600000000000;67.9192;465.0
1298872800000000000;69.4233;518.0
1298959200000000000;70.9546;571.0
1299045600000000000;69.7604;224.0
1299132000000000000;71.3378;277.0
1299218400000000000;72.9338;330.0
1299477600000000000;71.7956;383.0
1299564000000000000;73.4198;436.0
1299650400000000000;75.0533;489.0
1299736800000000000;73.943;542.0
1299823200000000000;75.5855;595.0
1300082400000000000;74.4776;248.0
1300168800000000000;76.1159;301.0
1300255200000000000;77.7473;354.0
1300341600000000000;76.6185;407.0
1300428000000000000;78.2263;460.0
1300687200000000000;79.8177;513.0
1300773600000000000;78.6397;566.0
1300860000000000000;80.1892;219.0
1300946400000000000;81.7135;272.0
1301032800000000000;80.46;325.0
1301292000000000000;81.9261;378.0
1301378400000000000;80.6094;431.0
1301464800000000000;82.0078;484.0
1301551200000000000;83.3691;537.0
1301637600000000000;81.9416;590.0
1301896800000000000;83.2235;243.0
1301983200000000000;84.4635;296.0
1302069600000000000;82.9104;349.0
1302156000000000000;84.0631;402.0
1302242400000000000;85.1708;455.0
1302501600000000000;83.4831;508.0
1302588000000000000;84.4995;561.0
1302674400000000000;82.7201;214.0
1302760800000000000;83.6449;267.0
1302847200000000000;84.5243;320.0
1303106400000000000;82.609;373.0
1303192800000000000;83.3998;426.0
1303279200000000000;84.1477;479.0
1303365600000000000;82.1041;532.0
1303711200000000000;82.7705;585.0
1303797600000000000;83.3984;238.0
1303884000000000000;81.24;291.0
1303970400000000000;81.7971;344.0
1304056800000000000;79.5722;397.0
1304316000000000000;80.0675;450.0
1304402400000000000;80.5357;503.0
1304488800000000000;78.2296;556.0
1304575200000000000;78.6518;209.0
1304661600000000000;79.0555;262.0
1304920800000000000;76.6935;315.0
1305007200000000000;77.0691;368.0
1305093600000000000;77.4354;421.0
1305180000000000000;75.0457;474.0
1305266400000000000;75.4031;527.0
1305525600000000000;73.0111;580.0
1305612000000000000;73.3728;233.0
1305698400000000000;73.7416;286.0
1305784800000000000;71.3706;339.0
1305871200000000000;71.763;392.0
1306130400000000000;72.172;445.0
1306216800000000000;69.8504;498.0
1306303200000000000;70.3013;551.0
1306389600000000000;70.7774;204.0
1306476000000000000;68.5315;257.0
1306821600000000000;69.0659;310.0
1306908000000000000;66.8832;363.0
1306994400000000000;67.4855;416.0
1307080800000000000;68.1249;469.0
1307340000000000000;66.0531;522.0
1307426400000000000;66.7719;575.0
1307512800000000000;67.5326;228.0
1307599200000000000;65.5865;281.0
1307685600000000000;66.4346;334.0
1307944800000000000;67.3277;387.0
1308031200000000000;65.5162;440.0
1308117600000000000;66.5006;493.0
1308204000000000000;64.7809;546.0
1308290400000000000;65.8569;599.0
1308549600000000000;66.9782;252.0
1308636000000000000;65.3943;305.0
1308722400000000000;66.6043;358.0
1308808800000000000;67.8571;411.0
1308895200000000000;66.4014;464.0
1309154400000000000;67.7358;517.0
1309240800000000000;69.1085;570.0
1309327200000000000;67.7676;223.0
1309413600000000000;69.211;276.0
1309500000000000000;67.9365;329.0
1309845600000000000;69.4417;382.0
1309932000000000000;70.9739;435.0
1310018400000000000;69.7805;488.0
1310104800000000000;71.3586;541.0
1310364000000000000;72.9553;594.0
1310450400000000000;71.8175;247.0
1310536800000000000;73.4421;300.0
1310623200000000000;75.0759;353.0
1310709600000000000;73.9657;406.0
1310968800000000000;75.6082;459.0
1311055200000000000;74.5002;512.0
1311141600000000000;76.1384;565.0
1311228000000000000;77.7695;218.0
1311314400000000000;76.6403;271.0
1311573600000000000;78.2476;324.0
1311660000000000000;79.8383;377.0
1311746400000000000;78.6595;430.0
1311832800000000000;80.2082;483.0
1311919200000000000;81.7316;536.0
1312178400000000000;80.4771;589.0
1312264800000000000;81.942;242.0
1312351200000000000;80.6241;295.0
1312437600000000000;82.0212;348.0
1312524000000000000;83.3812;401.0
1312783200000000000;81.9522;454.0
1312869600000000000;83.2327;507.0
1312956000000000000;84.4713;560.0
1313042400000000000;82.9166;213.0
1313128800000000000;84.0677;266.0
1313388000000000000;85.1738;319.0
1313474400000000000;83.4845;372.0
1313560800000000000;84.4993;425.0
1313647200000000000;82.7182;478.0
1313733600000000000;83.6414;531.0
1313992800000000000;84.5192;584.0
1314079200000000000;82.6023;237.0
1314165600000000000;83.3916;290.0
1314252000000000000;84.138;343.0
1314338400000000000;82.093;396.0
1314597600000000000;82.7579;449.0
1314684000000000000;83.3846;502.0
1314770400000000000;81.2249;555.0
1314856800000000000;81.7808;208.0
1314943200000000000;79.5548;261.0
1315288800000000000;80.0491;314.0
1315375200000000000;80.5165;367.0
1315461600000000000;78.2095;420.0
1315548000000000000;78.631;473.0
1315807200000000000;79.034;526.0
1315893600000000000;76.6716;579.0
1315980000000000000;77.0468;232.0
1316066400000000000;77.4128;285.0
1316152800000000000;75.0229;338.0
1316412000000000000;75.3804;391.0
1316498400000000000;72.9884;444.0
1316584800000000000;73.3504;497.0
1316671200000000000;73.7194;550.0
1316757600000000000;71.3489;203.0
1317016800000000000;71.7418;256.0
1317103200000000000;72.1514;309.0
1317189600000000000;69.8306;362.0
1317276000000000000;70.2823;415.0
1317362400000000000;70.7594;468.0
1317621600000000000;68.5144;521.0
1317708000000000000;69.05;574.0
1317794400000000000;66.8685;227.0
1317880800000000000;67.4721;280.0
1317967200000000000;68.1128;333.0
1318226400000000000;66.0424;386.0
1318312800000000000;66.7627;439.0
1318399200000000000;67.5249;492.0
1318485600000000000;65.5804;545.0
1318572000000000000;66.43;598.0
1318831200000000000;67.3247;251.0
1318917600000000000;65.5149;304.0
1319004000000000000;66.5009;357.0
1319090400000000000;64.7828;410.0
1319176800000000000;65.8604;463.0
1319436000000000000;66.9833;516.0
1319522400000000000;65.401;569.0
1319608800000000000;66.6125;222.0
1319695200000000000;67.8668;275.0
1319781600000000000;66.4126;328.0
1320040800000000000;67.7483;381.0
1320127200000000000;69.1223;434.0
1320213600000000000;67.7827;487.0
1320300000000000000;69.2273;540.0
1320386400000000000;67.9539;593.0
1320645600000000000;69.4601;246.0
1320732000000000000;70.9932;299.0
1320818400000000000;69.8006;352.0
1320904800000000000;71.3794;405.0
1320991200000000000;72.9767;458.0
1321250400000000000;71.8394;511.0
1321336800000000000;73.4644;564.0
1321423200000000000;75.0985;217.0
1321509600000000000;73.9884;270.0
1321596000000000000;75.631;323.0
1321855200000000000;74.5229;376.0
1321941600000000000;76.1609;429.0
1322028000000000000;77.7917;482.0
1322200800000000000;76.662;535.0
1322460000000000000;78.2688;588.0
1322546400000000000;79.8589;241.0
1322632800000000000;78.6793;294.0
1322719200000000000;80.2272;347.0
1322805600000000000;81.7496;400.0
1323064800000000000;80.4941;453.0
1323151200000000000;81.9579;506.0
1323237600000000000;80.6388;559.0
1323324000000000000;82.0346;212.0
1323410400000000000;83.3932;265.0
1323669600000000000;81.9629;318.0
1323756000000000000;83.2419;371.0
1323842400000000000;84.4789;424.0
1323928800000000000;82.9227;477.0
1324015200000000000;84.0722;530.0
1324274400000000000;85.1768;583.0
1324360800000000000;83.4858;236.0
1324447200000000000;84.499;289.0
1324533600000000000;82.7163;342.0
1324620000000000000;83.6378;395.0
1324965600000000000;84.5141;448.0
1325052000000000000;82.5956;501.0
1325138400000000000;83.3833;554.0
1325224800000000000;84.1283;207.0
1325570400000000000;82.0818;260.0
1325656800000000000;82.7454;313.0
1325743200000000000;83.3707;366.0
1325829600000000000;81.2097;419.0
1326088800000000000;81.7645;472.0
1326175200000000000;79.5374;525.0
1326261600000000000;80.0307;578.0
1326348000000000000;80.4971;231.0
1326434400000000000;78.1893;284.0
1326780000000000000;78.6102;337.0
1326866400000000000;79.0126;390.0
1326952800000000000;76.6497;443.0
1327039200000000000;77.0245;496.0
1327298400000000000;77.3903;549.0
1327384800000000000;75.0002;202.0
1327471200000000000;75.3576;255.0
1327557600000000000;72.9657;308.0
1327644000000000000;73.3279;361.0
1327903200000000000;73.6973;414.0
1327989600000000000;71.3271;467.0
1328076000000000000;71.7206;520.0
1328162400000000000;72.1308;573.0
1328248800000000000;69.8108;226.0
1328508000000000000;70.2633;279.0
1328594400000000000;70.7414;332.0
1328680800000000000;68.4975;385.0
1328767200000000000;69.0342;438.0
1328853600000000000;66.8539;491.0
1329112800000000000;67.4587;544.0
1329199200000000000;68.1008;597.0
1329285600000000000;66.0318;250.0
1329372000000000000;66.7535;303.0
1329458400000000000;67.5173;356.0
1329804000000000000;65.5743;409.0
1329890400000000000;66.4255;462.0
1329976800000000000;67.3218;515.0
1330063200000000000;65.5136;568.0
1330322400000000000;66.5012;221.0
1330408800000000000;64.7847;274.0
1330495200000000000;65.864;327.0
1330581600000000000;66.9885;380.0
1330668000000000000;65.4078;433.0
1330927200000000000;66.6208;486.0
1331013600000000000;67.8766;539.0
1331100000000000000;66.4238;592.0
1331186400000000000;67.7609;245.0
1331272800000000000;69.1363;298.0
1331532000000000000;67.7979;351.0
1331618400000000000;69.2436;404.0
1331704800000000000;67.9713;457.0
1331791200000000000;69.4785;510.0
1331877600000000000;71.0125;563.0
1332136800000000000;69.8207;216.0
1332223200000000000;71.4003;269.0
1332309600000000000;72.9981;322.0
1332396000000000000;71.8613;375.0
1332482400000000000;73.4867;428.0
1332741600000000000;75.121;481.0
1332828000000000000;74.0112;534.0
1332914400000000000;75.6538;587.0
1333000800000000000;74.5456;240.0
1333087200000000000;76.1834;293.0
1333346400000000000;77.8138;346.0
1333432800000000000;76.6837;399.0
1333519200000000000;78.29;452.0
1333605600000000000;79.8795;505.0
1333951200000000000;78.6991;558.0
1334037600000000000;80.2461;211.0
1334124000000000000;81.7676;264.0
1334210400000000000;80.511;317.0
1334296800000000000;81.9737;370.0
1334556000000000000;80.6534;423.0
1334642400000000000;82.0479;476.0
1334728800000000000;83.4052;529.0
1334815200000000000;81.9734;582.0
1334901600000000000;83.251;235.0
1335160800000000000;84.4865;288.0
1335247200000000000;82.9287;341.0
1335333600000000000;84.0767;394.0
1335420000000000000;85.1796;447.0
1335506400000000000;83.487;500.0
1335765600000000000;84.4986;553.0
1335852000000000000;82.7143;206.0
1335938400000000000;83.6342;259.0
1336024800000000000;84.5089;312.0
1336111200000000000;82.5888;365.0
1336370400000000000;83.375;418.0
1336456800000000000;84.1185;471.0
1336543200000000000;82.0706;524.0
1336629600000000000;82.7327;577.0
1336716000000000000;83.3568;230.0
1336975200000000000;81.1945;283.0
1337061600000000000;81.7482;336.0
1337148000000000000;79.5199;389.0
1337234400000000000;80.0123;442.0
1337320800000000000;80.4778;495.0
1337580000000000000;78.1692;548.0
1337666400000000000;78.5893;201.0
1337752800000000000;78.9911;254.0
1337839200000000000;76.6277;307.0
1337925600000000000;77.0022;360.0
1338271200000000000;77.3677;413.0
1338357600000000000;74.9775;466.0
1338444000000000000;75.3349;519.0
1338530400000000000;72.9431;572.0
1338789600000000000;73.3054;225.0
1338876000000000000;73.6751;278.0
1338962400000000000;71.3054;331.0
1339048800000000000;71.6994;384.0
1339135200000000000;72.1103;437.0
1339394400000000000;69.791;490.0
1339480800000000000;70.2444;543.0
1339567200000000000;70.7234;596.0
1339653600000000000;68.4805;249.0
1339740000000000000;69.0184;302.0
1339999200000000000;66.8393;355.0
1340085600000000000;67.4454;408.0
1340172000000000000;68.0888;461.0
1340258400000000000;66.0213;514.0
1340344800000000000;66.7444;567.0
1340604000000000000;67.5097;220.0
1340690400000000000;65.5683;273.0
1340776800000000000;66.4211;326.0
1340863200000000000;67.319;379.0
1340949600000000000;65.5124;432.0
1341208800000000000;66.5016;485.0
1341295200000000000;64.7868;538.0
1341468000000000000;65.8676;591.0
1341554400000000000;66.9938;244.0
1341813600000000000;65.4146;297.0
1341900000000000000;66.6291;350.0
1341986400000000000;67.8864;403.0
1342072800000000000;66.4351;456.0
1342159200000000000;67.7736;509.0
1342418400000000000;69.1502;562.0
1342504800000000000;67.8131;215.0
1342591200000000000;69.26;268.0
1342677600000000000;67.9888;321.0
1342764000000000000;69.497;374.0
1343023200000000000;71.0319;427.0
1343109600000000000;69.8409;480.0
1343196000000000000;71.4211;533.0
1343282400000000000;73.0196;586.0
1343368800000000000;71.8833;239.0
1343628000000000000;73.509;292.0
1343714400000000000;75.1436;345.0
1343800800000000000;74.0339;398.0
1343887200000000000;75.6765;451.0
1343973600000000000;74.5683;504.0
1344232800000000000;76.2058;557.0
1344319200000000000;77.836;210.0
1344405600000000000;76.7055;263.0
1344492000000000000;78.3112;316.0
1344578400000000000;79.9;369.0
1344837600000000000;78.7189;422.0
1344924000000000000;80.265;475.0
1345010400000000000;81.7856;528.0
1345096800000000000;80.5279;581.0
1345183200000000000;81.9895;234.0
1345442400000000000;80.668;287.0
1345528800000000000;82.0612;340.0
1345615200000000000;83.4172;393.0
1345701600000000000;81.984;446.0
1345788000000000000;83.2601;499.0
1346047200000000000;84.4941;552.0
1346133600000000000;82.9347;205.0
1346220000000000000;84.0811;258.0
1346306400000000000;85.1824;311.0
1346392800000000000;83.4882;364.0
1346738400000000000;84.4982;417.0
1346824800000000000;82.7122;470.0
1346911200000000000;83.6306;523.0
1346997600000000000;84.5036;576.0
1347256800000000000;82.582;229.0
1347343200000000000;83.3667;282.0
1347429600000000000;84.1086;335.0
1347516000000000000;82.0593;388.0
1347602400000000000;82.7201;441.0
1347861600000000000;83.3428;494.0
1347948000000000000;81.1793;547.0
1348034400000000000;81.7318;200.0
1348120800000000000;79.5024;253.0
1348207200000000000;79.9938;306.0
1348466400000000000;80.4584;359.0
1348552800000000000;78.149;412.0
1348639200000000000;78.5684;465.0
1348725600000000000;78.9697;518.0
1348812000000000000;76.6058;571.0
1349071200000000000;76.9798;224.0
1349157600000000000;77.3451;277.0
1349244000000000000;74.9548;330.0
1349330400000000000;75.3121;383.0
1349416800000000000;72.9204;436.0
1349676000000000000;73.2829;489.0
1349762400000000000;73.653;542.0
1349848800000000000;71.2837;595.0
1349935200000000000;71.6783;248.0
1350021600000000000;72.0898;301.0
1350280800000000000;69.7712;354.0
1350367200000000000;70.2255;407.0
1350453600000000000;70.7054;460.0
1350540000000000000;68.4636;513.0
1350626400000000000;69.0026;566.0
1350885600000000000;66.8247;219.0
1350972000000000000;67.4321;272.0
1351058400000000000;68.0769;325.0
1351144800000000000;66.0108;378.0
1351231200000000000;66.7354;431.0
1351663200000000000;67.5022;484.0
1351749600000000000;65.5623;537.0
1351836000000000000;66.4167;590.0
1352095200000000000;67.3162;243.0
1352181600000000000;65.5112;296.0
1352268000000000000;66.5021;349.0
1352354400000000000;64.7888;402.0
1352440800000000000;65.8713;455.0
1352700000000000000;66.999;508.0
1352786400000000000;65.4214;561.0
1352872800000000000;66.6375;214.0
1352959200000000000;67.8963;267.0
1353045600000000000;66.4464;320.0
1353304800000000000;67.7863;373.0
1353391200000000000;69.1642;426.0
1353477600000000000;67.8283;479.0
1353650400000000000;69.2765;532.0
1353909600000000000;68.0063;585.0
1353996000000000000;69.5155;238.0
1354082400000000000;71.0513;291.0
1354168800000000000;69.8611;344.0
1354255200000000000;71.442;397.0
1354514400000000000;73.0411;450.0
1354600800000000000;71.9052;503.0
1354687200000000000;73.5313;556.0
1354773600000000000;75.1662;209.0
1354860000000000000;74.0566;262.0
1355119200000000000;75.6993;315.0
1355205600000000000;74.5909;368.0
1355292000000000000;76.2283;421.0
1355378400000000000;77.8581;474.0
1355464800000000000;76.7272;527.0
1355724000000000000;78.3323;580.0
1355810400000000000;79.9205;233.0
1355896800000000000;78.7387;286.0
1355983200000000000;80.2839;339.0
1356069600000000000;81.8035;392.0
1356328800000000000;80.5448;445.0
1356501600000000000;82.0053;498.0
1356588000000000000;80.6826;551.0
1356674400000000000;82.0745;204.0
1356933600000000000;83.4291;257.0
1357106400000000000;81.9945;310.0
1357192800000000000;83.2691;363.0
1357279200000000000;84.5016;416.0
1357538400000000000;82.9407;469.0
1357624800000000000;84.0855;522.0
1357711200000000000;85.1852;575.0
1357797600000000000;83.4894;228.0
1357884000000000000;84.4977;281.0
1358143200000000000;82.7101;334.0
1358229600000000000;83.6268;387.0
1358316000000000000;84.4983;440.0
1358402400000000000;82.5751;493.0
1358488800000000000;83.3583;546.0
1358834400000000000;84.0987;599.0
1358920800000000000;82.0479;252.0
1359007200000000000;82.7073;305.0
1359093600000000000;83.3287;358.0
1359352800000000000;81.164;411.0
1359439200000000000;81.7153;464.0
1359525600000000000;79.4849;517.0
1359612000000000000;79.9753;570.0
1359698400000000000;80.439;223.0
1359957600000000000;78.1288;276.0
1360044000000000000;78.5475;329.0
1360130400000000000;78.9482;382.0
1360216800000000000;76.5838;435.0
1360303200000000000;76.9575;488.0
1360562400000000000;77.3225;541.0
1360648800000000000;74.932;594.0
1360735200000000000;75.2893;247.0
1360821600000000000;72.8977;300.0
1360908000000000000;73.2605;353.0
1361253600000000000;73.6308;406.0
1361340000000000000;71.262;459.0
1361426400000000000;71.6571;512.0
1361512800000000000;72.0693;565.0
1361772000000000000;69.7515;218.0
1361858400000000000;70.2066;271.0
1361944800000000000;70.6875;324.0
1362031200000000000;68.4468;377.0
1362117600000000000;68.9869;430.0
1362376800000000000;66.8102;483.0
1362463200000000000;67.4189;536.0
1362549600000000000;68.065;589.0
1362636000000000000;66.0003;242.0
1362722400000000000;66.7264;295.0
1362981600000000000;67.4947;348.0
1363068000000000000;65.5564;401.0
1363154400000000000;66.4124;454.0
1363240800000000000;67.3135;507.0
1363327200000000000;65.5101;560.0
1363586400000000000;66.5026;213.0
1363672800000000000;64.791;266.0
1363759200000000000;65.8751;319.0
1363845600000000000;67.0044;372.0
1363932000000000000;65.4283;425.0
1364191200000000000;66.646;478.0
1364277600000000000;67.9062;531.0
1364364000000000000;66.4578;584.0
1364450400000000000;67.799;237.0
1364796000000000000;69.1783;290.0
1364882400000000000;67.8436;343.0
1364968800000000000;69.2929;396.0
1365055200000000000;68.0239;449.0
1365141600000000000;69.534;502.0
1365400800000000000;71.0707;555.0
1365487200000000000;69.8813;208.0
1365573600000000000;71.4629;261.0
1365660000000000000;73.0626;314.0
1365746400000000000;71.9272;367.0
1366005600000000000;73.5537;420.0
1366092000000000000;75.1888;473.0
1366178400000000000;74.0793;526.0
1366264800000000000;75.722;579.0
1366351200000000000;74.6136;232.0
1366610400000000000;76.2507;285.0
1366696800000000000;77.8802;338.0
1366783200000000000;76.7488;391.0
1366869600000000000;78.3535;444.0
1366956000000000000;79.941;497.0
1367215200000000000;78.7584;550.0
1367301600000000000;80.3028;203.0
1367388000000000000;81.8214;256.0
1367474400000000000;80.5617;309.0
1367560800000000000;82.021;362.0
1367820000000000000;80.697;415.0
1367906400000000000;82.0877;468.0
1367992800000000000;83.4409;521.0
1368079200000000000;82.0049;574.0
1368165600000000000;83.2781;227.0
1368424800000000000;84.509;280.0
1368511200000000000;82.9466;333.0
1368597600000000000;84.0898;386.0
1368684000000000000;85.1879;439.0
1368770400000000000;83.4904;492.0
1369029600000000000;84.4971;545.0
1369116000000000000;82.7079;598.0
1369202400000000000;83.623;251.0
1369288800000000000;84.4929;304.0
1369375200000000000;82.5682;357.0
1369720800000000000;83.3498;410.0
1369807200000000000;84.0888;463.0
1369893600000000000;82.0365;516.0
1369980000000000000;82.6946;569.0
1370239200000000000;83.3147;222.0
1370325600000000000;81.1487;275.0
1370412000000000000;81.6988;328.0
1370498400000000000;79.4674;381.0
1370584800000000000;79.9567;434.0
1370844000000000000;80.4195;487.0
1370930400000000000;78.1085;540.0
1371016800000000000;78.5266;593.0
1371103200000000000;78.9267;246.0
1371189600000000000;76.5618;299.0
1371448800000000000;76.9351;352.0
1371535200000000000;77.2999;405.0
1371621600000000000;74.9093;458.0
1371708000000000000;75.2666;511.0
1371794400000000000;72.8751;564.0
1372053600000000000;73.2381;217.0
1372140000000000000;73.6087;270.0
1372226400000000000;71.2403;323.0
1372312800000000000;71.636;376.0
1372399200000000000;72.0488;429.0
1372658400000000000;69.7318;482.0
1372744800000000000;70.1878;535.0
1372831200000000000;70.6696;588.0
1373004000000000000;68.4299;241.0
1373263200000000000;68.9712;294.0
1373349600000000000;66.7957;347.0
1373436000000000000;67.4057;400.0
1373522400000000000;68.0532;453.0
1373608800000000000;65.9899;506.0
1373868000000000000;66.7175;559.0
1373954400000000000;67.4873;212.0
1374040800000000000;65.5505;265.0
1374127200000000000;66.4081;318.0
1374213600000000000;67.3108;371.0
1374472800000000000;65.5091;424.0
1374559200000000000;66.5032;477.0
1374645600000000000;64.7932;530.0
1374732000000000000;65.8789;583.0
1374818400000000000;67.0098;236.0
1375077600000000000;65.4353;289.0
1375164000000000000;66.6545;342.0
1375250400000000000;67.9162;395.0
1375336800000000000;66.4692;448.0
1375423200000000000;67.8118;501.0
1375682400000000000;69.1924;554.0
1375768800000000000;67.859;207.0
1375855200000000000;69.3094;260.0
1375941600000000000;68.0414;313.0
1376028000000000000;69.5526;366.0
1376287200000000000;71.0902;419.0
1376373600000000000;69.9016;472.0
1376460000000000000;71.4839;525.0
1376546400000000000;73.0841;578.0
1376632800000000000;71.9492;231.0
1376892000000000000;73.576;284.0
1376978400000000000;75.2114;337.0
1377064800000000000;74.1021;390.0
1377151200000000000;75.7448;443.0
1377237600000000000;74.6362;496.0
1377496800000000000;76.2732;549.0
1377583200000000000;77.9023;202.0
1377669600000000000;76.7705;255.0
1377756000000000000;78.3746;308.0
1377842400000000000;79.9614;361.0
1378188000000000000;78.7781;414.0
1378274400000000000;80.3216;467.0
1378360800000000000;81.8393;520.0
1378447200000000000;80.5785;573.0
1378706400000000000;82.0367;226.0
1378792800000000000;80.7115;279.0
1378879200000000000;82.1008;332.0
1378965600000000000;83.4527;385.0
1379052000000000000;82.0153;438.0
1379311200000000000;83.287;491.0
1379397600000000000;84.5164;544.0
1379484000000000000;82.9524;597.0
1379570400000000000;84.094;250.0
1379656800000000000;85.1905;303.0
1379916000000000000;83.4914;356.0
1380002400000000000;84.4965;409.0
1380088800000000000;82.7057;462.0
1380175200000000000;83.6192;515.0
1380261600000000000;84.4875;568.0
1380520800000000000;82.5612;221.0
1380607200000000000;83.3413;274.0
1380693600000000000;84.0788;327.0
1380780000000000000;82.0251;380.0
1380866400000000000;82.6818;433.0
1381125600000000000;83.3005;486.0
1381212000000000000;81.1333;539.0
1381298400000000000;81.6823;592.0
1381384800000000000;79.4498;245.0
1381471200000000000;79.9381;298.0
1381730400000000000;80.4001;351.0
1381816800000000000;78.0883;404.0
1381903200000000000;78.5056;457.0
1381989600000000000;78.9051;510.0
1382076000000000000;76.5398;563.0
1382335200000000000;76.9128;216.0
1382421600000000000;77.2773;269.0
1382508000000000000;74.8865;322.0
1382594400000000000;75.2438;375.0
1382680800000000000;72.8524;428.0
1382940000000000000;73.2156;481.0
1383026400000000000;73.5866;534.0
1383112800000000000;71.2187;587.0
1383199200000000000;71.6149;240.0
1383285600000000000;72.0284;293.0
1383544800000000000;69.7121;346.0
1383631200000000000;70.169;399.0
1383717600000000000;70.6518;452.0
1383804000000000000;68.4131;505.0
1383890400000000000;68.9555;558.0
1384149600000000000;66.7813;211.0
1384236000000000000;67.3926;264.0
1384322400000000000;68.0414;317.0
1384408800000000000;65.9796;370.0
1384495200000000000;66.7086;423.0
1384754400000000000;67.4799;476.0
1384840800000000000;65.5447;529.0
1384927200000000000;66.4039;582.0
1385013600000000000;67.3082;235.0
1385100000000000000;65.5081;288.0
1385359200000000000;66.5038;341.0
1385445600000000000;64.7954;394.0
1385532000000000000;65.8827;447.0
1385704800000000000;67.0152;500.0
1385964000000000000;65.4423;553.0
1386050400000000000;66.663;206.0
1386136800000000000;67.9262;259.0
1386223200000000000;66.4806;312.0
1386309600000000000;67.8247;365.0
1386568800000000000;69.2065;418.0
1386655200000000000;67.8744;471.0
1386741600000000000;69.326;524.0
1386828000000000000;68.059;577.0
1386914400000000000;69.5712;230.0
1387173600000000000;71.1097;283.0
1387260000000000000;69.9219;336.0
1387346400000000000;71.5048;389.0
1387432800000000000;73.1057;442.0
1387519200000000000;71.9712;495.0
1387778400000000000;73.5984;548.0
1387864800000000000;75.234;201.0
1388037600000000000;74.1248;254.0
1388124000000000000;75.7675;307.0
1388383200000000000;74.6589;360.0
1388469600000000000;76.2956;413.0
1388642400000000000;77.9244;466.0
1388728800000000000;76.7922;519.0
1388988000000000000;78.3957;572.0
1389074400000000000;79.9818;225.0
1389160800000000000;78.7977;278.0
1389247200000000000;80.3404;331.0
1389333600000000000;81.8571;384.0
1389592800000000000;80.5952;437.0
1389679200000000000;82.0523;490.0
1389765600000000000;80.7259;543.0
1389852000000000000;82.1139;596.0
1389938400000000000;83.4644;249.0
1390284000000000000;82.0256;302.0
1390370400000000000;83.2958;355.0
1390456800000000000;84.5237;408.0
1390543200000000000;82.9582;461.0
1390802400000000000;84.0982;514.0
1390888800000000000;85.1931;567.0
1390975200000000000;83.4924;220.0
1391061600000000000;84.4959;273.0
1391148000000000000;82.7034;326.0
1391407200000000000;83.6153;379.0
1391493600000000000;84.482;432.0
1391580000000000000;82.5542;485.0
1391666400000000000;83.3327;538.0
1391752800000000000;84.0687;591.0
1392012000000000000;82.0136;244.0
1392098400000000000;82.6689;297.0
1392184800000000000;83.2864;350.0
1392271200000000000;81.1179;403.0
1392357600000000000;81.6658;456.0
1392703200000000000;79.4321;509.0
1392789600000000000;79.9195;562.0
1392876000000000000;80.3806;215.0
1392962400000000000;78.068;268.0
1393221600000000000;78.4847;321.0
1393308000000000000;78.8836;374.0
1393394400000000000;76.5178;427.0
1393480800000000000;76.8904;480.0
1393567200000000000;77.2547;533.0
1393826400000000000;74.8638;586.0
1393912800000000000;75.2211;239.0
1393999200000000000;72.8298;292.0
1394085600000000000;73.1932;345.0
1394172000000000000;73.5645;398.0
1394431200000000000;71.197;451.0
1394517600000000000;71.5938;504.0
1394604000000000000;72.008;557.0
1394690400000000000;69.6925;210.0
1394776800000000000;70.1502;263.0
1395036000000000000;70.634;316.0
1395122400000000000;68.3964;369.0
1395208800000000000;68.9399;422.0
1395295200000000000;66.7669;475.0
1395381600000000000;67.3795;528.0
1395640800000000000;68.0297;581.0
1395727200000000000;65.9693;234.0
1395813600000000000;66.6998;287.0
1395900000000000000;67.4726;340.0
1395986400000000000;65.539;393.0
1396245600000000000;66.3997;446.0
1396332000000000000;67.3056;499.0
1396418400000000000;65.5071;552.0
1396504800000000000;66.5045;205.0
1396591200000000000;64.7978;258.0
1396850400000000000;65.8867;311.0
1396936800000000000;67.0208;364.0
1397023200000000000;65.4494;417.0
1397109600000000000;66.6716;470.0
1397196000000000000;67.9363;523.0
1397455200000000000;66.4922;576.0
1397541600000000000;67.8375;229.0
1397628000000000000;69.2207;282.0
1397714400000000000;67.8898;335.0
1398060000000000000;69.3425;388.0
1398146400000000000;68.0767;441.0
1398232800000000000;69.5898;494.0
1398319200000000000;71.1292;547.0
1398405600000000000;69.9422;200.0
1398664800000000000;71.5258;253.0
1398751200000000000;73.1272;306.0
1398837600000000000;71.9933;359.0
1398924000000000000;73.6208;412.0
1399010400000000000;75.2566;465.0
1399269600000000000;74.1476;518.0
1399356000000000000;75.7903;571.0
1399442400000000000;74.6815;224.0
1399528800000000000;76.318;277.0
1399615200000000000;77.9465;330.0
1399874400000000000;76.8138;383.0
1399960800000000000;78.4167;436.0
1400047200000000000;80.0022;489.0
1400133600000000000;78.8173;542.0
1400220000000000000;80.3591;595.0
1400479200000000000;81.8749;248.0
1400565600000000000;80.612;301.0
1400652000000000000;82.0679;354.0
1400738400000000000;80.7403;407.0
1400824800000000000;82.127;460.0
1401170400000000000;83.4761;513.0
1401256800000000000;82.0359;566.0
1401343200000000000;83.3046;219.0
1401429600000000000;84.531;272.0
1401688800000000000;82.9639;325.0
1401775200000000000;84.1023;378.0
1401861600000000000;85.1956;431.0
1401948000000000000;83.4933;484.0
1402034400000000000;84.4951;537.0
1402293600000000000;82.7011;590.0
1402380000000000000;83.6114;243.0
1402466400000000000;84.4765;296.0
1402552800000000000;82.5471;349.0
1402639200000000000;83.3241;402.0
1402898400000000000;84.0586;455.0
1402984800000000000;82.0021;508.0
1403071200000000000;82.656;561.0
1403157600000000000;83.2721;214.0
1403244000000000000;81.1025;267.0
1403503200000000000;81.6492;320.0
1403589600000000000;79.4145;373.0
1403676000000000000;79.9009;426.0
1403762400000000000;80.361;479.0
1403848800000000000;78.0477;532.0
1404108000000000000;78.4637;585.0
1404194400000000000;78.862;238.0
1404280800000000000;76.4957;291.0
1404367200000000000;76.868;344.0
1404712800000000000;77.232;397.0
1404799200000000000;74.8411;450.0
1404885600000000000;75.1983;503.0
1404972000000000000;72.8072;556.0
1405058400000000000;73.1708;209.0
1405317600000000000;73.5425;262.0
1405404000000000000;71.1754;315.0
1405490400000000000;71.5728;368.0
1405576800000000000;71.9876;421.0
1405663200000000000;69.6729;474.0
1405922400000000000;70.1315;527.0
1406008800000000000;70.6162;580.0
1406095200000000000;68.3797;233.0
1406181600000000000;68.9244;286.0
1406268000000000000;66.7526;339.0
1406527200000000000;67.3665;392.0
1406613600000000000;68.018;445.0
1406700000000000000;65.959;498.0
1406786400000000000;66.691;551.0
1406872800000000000;67.4654;204.0
1407132000000000000;65.5333;257.0
1407218400000000000;66.3956;310.0
1407304800000000000;67.3031;363.0
1407391200000000000;65.5063;416.0
1407477600000000000;66.5052;469.0
1407736800000000000;64.8001;522.0
1407823200000000000;65.8906;575.0
1407909600000000000;67.0263;228.0
1407996000000000000;65.4565;281.0
1408082400000000000;66.6803;334.0
1408341600000000000;67.9465;387.0
1408428000000000000;66.5037;440.0
1408514400000000000;67.8505;493.0
1408600800000000000;69.235;546.0
1408687200000000000;67.9053;599.0
1408946400000000000;69.3592;252.0
1409032800000000000;68.0944;305.0
1409119200000000000;69.6084;358.0
1409205600000000000;71.1487;411.0
1409292000000000000;69.9625;464.0
1409637600000000000;71.5468;517.0
1409724000000000000;73.1488;570.0
1409810400000000000;72.0153;223.0
1409896800000000000;73.6432;276.0
1410156000000000000;75.2793;329.0
1410242400000000000;74.1703;382.0
1410328800000000000;75.813;435.0
1410415200000000000;74.7042;488.0
1410501600000000000;76.3404;541.0
1410760800000000000;77.9686;594.0
1410847200000000000;76.8354;247.0
1410933600000000000;78.4378;300.0
1411020000000000000;80.0226;353.0
1411106400000000000;78.8369;406.0
1411365600000000000;80.3779;459.0
1411452000000000000;81.8926;512.0
1411538400000000000;80.6286;565.0
1411624800000000000;82.0834;218.0
1411711200000000000;80.7546;271.0
1411970400000000000;82.14;324.0
1412056800000000000;83.4878;377.0
1412143200000000000;82.0461;430.0
1412229600000000000;83.3134;483.0
1412316000000000000;84.5382;536.0
1412575200000000000;82.9696;589.0
1412661600000000000;84.1064;242.0
1412748000000000000;85.1981;295.0
1412834400000000000;83.4942;348.0
1412920800000000000;84.4944;401.0
1413180000000000000;82.6987;454.0
1413266400000000000;83.6074;507.0
1413352800000000000;84.4709;560.0
1413439200000000000;82.5399;213.0
1413525600000000000;83.3154;266.0
1413784800000000000;84.0485;319.0
1413871200000000000;81.9905;372.0
1413957600000000000;82.643;425.0
1414044000000000000;83.2579;478.0
1414130400000000000;81.087;531.0
1414389600000000000;81.6325;584.0
1414476000000000000;79.3968;237.0
1414562400000000000;79.8822;290.0
1414648800000000000;80.3415;343.0
1414735200000000000;78.0273;396.0
1414994400000000000;78.4426;449.0
1415080800000000000;78.8404;502.0
1415167200000000000;76.4737;555.0
1415253600000000000;76.8456;208.0
1415340000000000000;77.2094;261.0
1415599200000000000;74.8183;314.0
1415685600000000000;75.1756;367.0
1415772000000000000;72.7845;420.0
1415858400000000000;73.1484;473.0
1415944800000000000;73.5204;526.0
1416204000000000000;71.1538;579.0
1416290400000000000;71.5517;232.0
1416376800000000000;71.9672;285.0
1416463200000000000;69.6533;338.0
1416549600000000000;70.1128;391.0
1416808800000000000;70.5985;444.0
1416895200000000000;68.363;497.0
1416981600000000000;68.9088;550.0
1417154400000000000;66.7383;203.0
1417413600000000000;67.3535;256.0
1417500000000000000;68.0064;309.0
1417586400000000000;65.9488;362.0
1417672800000000000;66.6823;415.0
1417759200000000000;67.4582;468.0
1418018400000000000;65.5276;521.0
1418104800000000000;66.3916;574.0
1418191200000000000;67.3007;227.0
1418277600000000000;65.5054;280.0
1418364000000000000;66.5061;333.0
1418623200000000000;64.8025;386.0
1418709600000000000;65.8947;439.0
1418796000000000000;67.032;492.0
1418882400000000000;65.4637;545.0
1418968800000000000;66.689;598.0
1419228000000000000;67.9566;251.0
1419314400000000000;66.5153;304.0
1419400800000000000;67.8635;357.0
1419573600000000000;69.2493;410.0
1419832800000000000;67.9208;463.0
1419919200000000000;69.3758;516.0
1420005600000000000;68.1121;569.0
1420178400000000000;69.6271;222.0
1420437600000000000;71.1683;275.0
1420524000000000000;69.9828;328.0
1420610400000000000;71.5679;381.0
1420696800000000000;73.1704;434.0
1420783200000000000;72.0373;487.0
1421042400000000000;73.6656;540.0
1421128800000000000;75.3019;593.0
1421215200000000000;74.1931;246.0
1421301600000000000;75.8358;299.0
1421388000000000000;74.7268;352.0
1421733600000000000;76.3628;405.0
1421820000000000000;77.9906;458.0
1421906400000000000;76.857;511.0
1421992800000000000;78.4588;564.0
1422252000000000000;80.043;217.0
1422338400000000000;78.8565;270.0
1422424800000000000;80.3966;323.0
1422511200000000000;81.9104;376.0
1422597600000000000;80.6453;429.0
1422856800000000000;82.0989;482.0
1422943200000000000;80.7688;535.0
1423029600000000000;82.153;588.0
1423116000000000000;83.4994;241.0
1423202400000000000;82.0563;294.0
1423461600000000000;83.3221;347.0
1423548000000000000;84.5454;400.0
1423634400000000000;82.9752;453.0
1423720800000000000;84.1104;506.0
1423807200000000000;85.2005;559.0
1424152800000000000;83.495;212.0
1424239200000000000;84.4935;265.0
1424325600000000000;82.6962;318.0
1424412000000000000;83.6033;371.0
1424671200000000000;84.4652;424.0
1424757600000000000;82.5327;477.0
1424844000000000000;83.3066;530.0
1424930400000000000;84.0382;583.0
1425016800000000000;81.9788;236.0
1425276000000000000;82.63;289.0
1425362400000000000;83.2436;342.0
1425448800000000000;81.0715;395.0
1425535200000000000;81.6158;448.0
1425621600000000000;79.379;501.0
1425880800000000000;79.8635;554.0
1425967200000000000;80.3219;207.0
1426053600000000000;78.007;260.0
1426140000000000000;78.4216;313.0
1426226400000000000;78.8188;366.0
1426485600000000000;76.4516;419.0
1426572000000000000;76.8232;472.0
1426658400000000000;77.1868;525.0
1426744800000000000;74.7956;578.0
1426831200000000000;75.1528;231.0
1427090400000000000;72.7619;284.0
1427176800000000000;73.126;337.0
1427263200000000000;73.4984;390.0
1427349600000000000;71.1322;443.0
1427436000000000000;71.5307;496.0
1427695200000000000;71.9469;549.0
1427781600000000000;69.6337;202.0
1427868000000000000;70.0941;255.0
1427954400000000000;70.5808;308.0
1428300000000000000;68.3464;361.0
1428386400000000000;68.8934;414.0
1428472800000000000;66.724;467.0
1428559200000000000;67.3405;520.0
1428645600000000000;67.9948;573.0
1428904800000000000;65.9387;226.0
1428991200000000000;66.6736;279.0
1429077600000000000;67.451;332.0
1429164000000000000;65.522;385.0
1429250400000000000;66.3876;438.0
1429509600000000000;67.2983;491.0
1429596000000000000;65.5047;544.0
1429682400000000000;66.5069;597.0
1429768800000000000;64.805;250.0
1429855200000000000;65.8988;303.0
1430114400000000000;67.0376;356.0
1430200800000000000;65.4709;409.0
1430287200000000000;66.6977;462.0
1430373600000000000;67.9669;515.0
1430460000000000000;66.527;568.0
1430719200000000000;67.8765;221.0
1430805600000000000;69.2636;274.0
1430892000000000000;67.9363;327.0
1430978400000000000;69.3925;380.0
1431064800000000000;68.1299;433.0
1431324000000000000;69.6459;486.0
1431410400000000000;71.1879;539.0
1431496800000000000;70.0032;592.0
1431583200000000000;71.5889;245.0
1431669600000000000;73.192;298.0
1431928800000000000;72.0594;351.0
1432015200000000000;73.688;404.0
1432101600000000000;75.3245;457.0
1432188000000000000;74.2158;510.0
1432274400000000000;75.8585;563.0
1432620000000000000;74.7494;216.0
1432706400000000000;76.3852;269.0
1432792800000000000;78.0127;322.0
1432879200000000000;76.8786;375.0
1433138400000000000;78.4798;428.0
1433224800000000000;80.0633;481.0
1433311200000000000;78.876;534.0
1433397600000000000;80.4152;587.0
1433484000000000000;81.928;240.0
1433743200000000000;80.6619;293.0
1433829600000000000;82.1144;346.0
1433916000000000000;80.7831;399.0
1434002400000000000;82.1659;452.0
1434088800000000000;83.5109;505.0
1434348000000000000;82.0664;558.0
1434434400000000000;83.3307;211.0
1434520800000000000;84.5525;264.0
1434607200000000000;82.9807;317.0
1434693600000000000;84.1144;370.0
1434952800000000000;85.2029;423.0
1435039200000000000;83.4957;476.0
1435125600000000000;84.4926;529.0
1435212000000000000;82.6937;582.0
1435298400000000000;83.5992;235.0
1435557600000000000;84.4595;288.0
1435644000000000000;82.5254;341.0
1435730400000000000;83.2979;394.0
1435816800000000000;84.028;447.0
1436162400000000000;81.9672;500.0
1436248800000000000;82.617;553.0
1436335200000000000;83.2292;206.0
1436421600000000000;81.0559;259.0
1436508000000000000;81.5991;312.0
1436767200000000000;79.3612;365.0
1436853600000000000;79.8447;418.0
1436940000000000000;80.3023;471.0
1437026400000000000;77.9866;524.0
1437112800000000000;78.4005;577.0
1437372000000000000;78.7972;230.0
1437458400000000000;76.4295;283.0
1437544800000000000;76.8008;336.0
1437631200000000000;77.1641;389.0
1437717600000000000;74.7728;442.0
1437976800000000000;75.1301;495.0
1438063200000000000;72.7393;548.0
1438149600000000000;73.1036;201.0
1438236000000000000;73.4763;254.0
1438322400000000000;71.1107;307.0
1438581600000000000;71.5097;360.0
1438668000000000000;71.9266;413.0
1438754400000000000;69.6142;466.0
1438840800000000000;70.0755;519.0
1438927200000000000;70.5631;572.0
1439186400000000000;68.3298;225.0
1439272800000000000;68.8779;278.0
1439359200000000000;66.7098;331.0
1439445600000000000;67.3276;384.0
1439532000000000000;67.9833;437.0
1439791200000000000;65.9286;490.0
1439877600000000000;66.665;543.0
1439964000000000000;67.4439;596.0
1440050400000000000;65.5165;249.0
1440136800000000000;66.3836;302.0
1440396000000000000;67.296;355.0
1440482400000000000;65.504;408.0
1440568800000000000;66.5078;461.0
1440655200000000000;64.8076;514.0
1440741600000000000;65.9029;567.0
1441000800000000000;67.0434;220.0
1441087200000000000;65.4782;273.0
1441173600000000000;66.7066;326.0
1441260000000000000;67.9772;379.0
1441346400000000000;66.5387;432.0
1441692000000000000;67.8896;485.0
1441778400000000000;69.278;538.0
1441864800000000000;67.9519;591.0
1441951200000000000;69.4093;244.0
1442210400000000000;68.1477;297.0
1442296800000000000;69.6646;350.0
1442383200000000000;71.2076;403.0
1442469600000000000;70.0236;456.0
1442556000000000000;71.61;509.0
1442815200000000000;73.2136;562.0
1442901600000000000;72.0815;215.0
1442988000000000000;73.7104;268.0
1443074400000000000;75.3472;321.0
1443160800000000000;74.2386;374.0
1443420000000000000;75.8813;427.0
1443506400000000000;74.772;480.0
1443592800000000000;76.4076;533.0
1443679200000000000;78.0347;586.0
1443765600000000000;76.9001;239.0
1444024800000000000;78.5008;292.0
1444111200000000000;80.0836;345.0
1444197600000000000;78.8955;398.0
1444284000000000000;80.4338;451.0
1444370400000000000;81.9457;504.0
1444629600000000000;80.6785;557.0
1444716000000000000;82.1298;210.0
1444802400000000000;80.7972;263.0
1444888800000000000;82.1788;316.0
1444975200000000000;83.5224;369.0
1445234400000000000;82.0765;422.0
1445320800000000000;83.3393;475.0
1445407200000000000;84.5596;528.0
1445493600000000000;82.9862;581.0
1445580000000000000;84.1183;234.0
1445839200000000000;85.2052;287.0
1445925600000000000;83.4964;340.0
1446012000000000000;84.4917;393.0
1446098400000000000;82.6911;446.0
1446184800000000000;83.595;499.0
1446444000000000000;84.4537;552.0
1446530400000000000;82.5181;205.0
1446616800000000000;83.289;258.0
1446703200000000000;84.0177;311.0
1446789600000000000;81.9554;364.0
1447048800000000000;82.6039;417.0
1447135200000000000;83.2148;470.0
1447221600000000000;81.0403;523.0
1447308000000000000;81.5824;576.0
1447394400000000000;79.3434;229.0
1447653600000000000;79.826;282.0
1447740000000000000;80.2826;335.0
1447826400000000000;77.9662;388.0
1447912800000000000;78.3795;441.0
1447999200000000000;78.7755;494.0
1448258400000000000;76.4075;547.0
1448344800000000000;76.7784;200.0
1448431200000000000;77.1415;253.0
1448604000000000000;74.7501;306.0
1448863200000000000;75.1074;359.0
1448949600000000000;72.7167;412.0
1449036000000000000;73.0812;465.0
1449122400000000000;73.4543;518.0
1449208800000000000;71.0891;571.0
1449468000000000000;71.4887;224.0
1449554400000000000;71.9063;277.0
1449640800000000000;69.5947;330.0
1449727200000000000;70.0569;383.0
1449813600000000000;70.5455;436.0
1450072800000000000;68.3133;489.0
1450159200000000000;68.8625;542.0
1450245600000000000;66.6957;595.0
1450332000000000000;67.3148;248.0
1450418400000000000;67.9718;301.0
1450677600000000000;65.9185;354.0
1450764000000000000;66.6564;407.0
1450850400000000000;67.4369;460.0
1450936800000000000;65.5111;513.0
1451282400000000000;66.3798;566.0
1451368800000000000;67.2937;219.0
1451455200000000000;65.5033;272.0
1451541600000000000;66.5088;325.0
1451887200000000000;64.8102;378.0
1451973600000000000;65.9071;431.0
1452060000000000000;67.0492;484.0
1452146400000000000;65.4856;537.0
1452232800000000000;66.7154;590.0
1452492000000000000;67.9875;243.0
1452578400000000000;66.5505;296.0
1452664800000000000;67.9027;349.0
1452751200000000000;69.2924;402.0
1452837600000000000;67.9675;455.0
1453183200000000000;69.426;508.0
1453269600000000000;68.1655;561.0
1453356000000000000;69.6834;214.0
1453442400000000000;71.2272;267.0
1453701600000000000;70.0441;320.0
1453788000000000000;71.6311;373.0
1453874400000000000;73.2353;426.0
1453960800000000000;72.1036;479.0
1454047200000000000;73.7328;532.0
1454306400000000000;75.3698;585.0
1454392800000000000;74.2613;238.0
1454479200000000000;75.904;291.0
1454565600000000000;74.7946;344.0
1454652000000000000;76.4299;397.0
1454911200000000000;78.0567;450.0
1454997600000000000;76.9217;503.0
1455084000000000000;78.5217;556.0
1455170400000000000;80.1038;209.0
1455256800000000000;78.915;262.0
1455602400000000000;80.4524;315.0
1455688800000000000;81.9633;368.0
1455775200000000000;80.695;421.0
1455861600000000000;82.1451;474.0
1456120800000000000;80.8114;527.0
1456207200000000000;82.1916;580.0
1456293600000000000;83.5339;233.0
1456380000000000000;82.0865;286.0
1456466400000000000;83.3478;339.0
1456725600000000000;84.5666;392.0
1456812000000000000;82.9917;445.0
1456898400000000000;84.1222;498.0
1456984800000000000;85.2074;551.0
1457071200000000000;83.497;204.0
1457330400000000000;84.4907;257.0
1457416800000000000;82.6885;310.0
1457503200000000000;83.5908;363.0
1457589600000000000;84.4479;416.0
1457676000000000000;82.5107;469.0
1457935200000000000;83.2801;522.0
1458021600000000000;84.0073;575.0
1458108000000000000;81.9436;228.0
1458194400000000000;82.5907;281.0
1458280800000000000;83.2004;334.0
1458540000000000000;81.0246;387.0
1458626400000000000;81.5656;440.0
1458712800000000000;79.3256;493.0
1458799200000000000;79.8072;546.0
1459144800000000000;80.2629;599.0
1459231200000000000;77.9457;252.0
1459317600000000000;78.3584;305.0
1459404000000000000;78.7539;358.0
1459490400000000000;76.3853;411.0
1459749600000000000;76.7559;464.0
1459836000000000000;77.1188;517.0
1459922400000000000;74.7273;570.0
1460008800000000000;75.0846;223.0
1460095200000000000;72.6941;276.0
1460354400000000000;73.0589;329.0
1460440800000000000;73.4323;382.0
1460527200000000000;71.0676;435.0
1460613600000000000;71.4678;488.0
1460700000000000000;71.886;541.0
1460959200000000000;69.5752;594.0
1461045600000000000;70.0383;247.0
1461132000000000000;70.5279;300.0
1461218400000000000;68.2967;353.0
1461304800000000000;68.8472;406.0
1461564000000000000;66.6816;459.0
1461650400000000000;67.302;512.0
1461736800000000000;67.9604;565.0
1461823200000000000;65.9085;218.0
1461909600000000000;66.6479;271.0
1462168800000000000;67.4299;324.0
1462255200000000000;65.5056;377.0
1462341600000000000;66.3759;430.0
1462428000000000000;67.2915;483.0
1462514400000000000;65.5027;536.0
1462773600000000000;66.5099;589.0
1462860000000000000;64.8128;242.0
1462946400000000000;65.9114;295.0
1463032800000000000;67.055;348.0
1463119200000000000;65.493;401.0
1463378400000000000;66.7243;454.0
1463464800000000000;67.9979;507.0
1463551200000000000;66.5623;560.0
1463637600000000000;67.9158;213.0
1463724000000000000;69.3068;266.0
1463983200000000000;67.9832;319.0
1464069600000000000;69.4428;372.0
1464156000000000000;68.1834;425.0
1464242400000000000;69.7023;478.0
1464328800000000000;71.2469;531.0
1464674400000000000;70.0645;584.0
1464760800000000000;71.6522;237.0
1464847200000000000;73.257;290.0
1464933600000000000;72.1257;343.0
1465192800000000000;73.7553;396.0
1465279200000000000;75.3925;449.0
1465365600000000000;74.2841;502.0
1465452000000000000;75.9267;555.0
1465538400000000000;74.8172;208.0
1465797600000000000;76.4523;261.0
1465884000000000000;78.0787;314.0
1465970400000000000;76.9432;367.0
1466056800000000000;78.5427;420.0
1466143200000000000;80.1241;473.0
1466402400000000000;78.9345;526.0
1466488800000000000;80.471;579.0
1466575200000000000;81.9809;232.0
1466661600000000000;80.7115;285.0
1466748000000000000;82.1605;338.0
1467007200000000000;80.8255;391.0
1467093600000000000;82.2044;444.0
1467180000000000000;83.5453;497.0
1467266400000000000;82.0964;550.0
1467352800000000000;83.3563;203.0
1467698400000000000;84.5735;256.0
1467784800000000000;82.997;309.0
1467871200000000000;84.126;362.0
1467957600000000000;85.2096;415.0
1468216800000000000;83.4975;468.0
1468303200000000000;84.4896;521.0
1468389600000000000;82.6858;574.0
1468476000000000000;83.5865;227.0
1468562400000000000;84.442;280.0
1468821600000000000;82.5033;333.0
1468908000000000000;83.2712;386.0
1468994400000000000;83.9969;439.0
1469080800000000000;81.9318;492.0
1469167200000000000;82.5775;545.0
1469426400000000000;83.1859;598.0
1469512800000000000;81.0089;251.0
1469599200000000000;81.5487;304.0
1469685600000000000;79.3077;357.0
1469772000000000000;79.7883;410.0
1470031200000000000;80.2432;463.0
1470117600000000000;77.9252;516.0
1470204000000000000;78.3372;569.0
1470290400000000000;78.7322;222.0
1470376800000000000;76.3632;275.0
1470636000000000000;76.7335;328.0
1470722400000000000;77.0962;381.0
1470808800000000000;74.7046;434.0
1470895200000000000;75.0619;487.0
1470981600000000000;72.6715;540.0
1471240800000000000;73.0365;593.0
1471327200000000000;73.4103;246.0
1471413600000000000;71.0461;299.0
1471500000000000000;71.4469;352.0
1471586400000000000;71.8658;405.0
1471845600000000000;69.5558;458.0
1471932000000000000;70.0198;511.0
1472018400000000000;70.5104;564.0
1472104800000000000;68.2803;217.0
1472191200000000000;68.8319;270.0
1472450400000000000;66.6675;323.0
1472536800000000000;67.2892;376.0
1472623200000000000;67.949;429.0
1472709600000000000;65.8986;482.0
1472796000000000000;66.6395;535.0
1473141600000000000;67.423;588.0
1473228000000000000;65.5003;241.0
1473314400000000000;66.3722;294.0
1473400800000000000;67.2893;347.0
1473660000000000000;65.5022;400.0
1473746400000000000;66.5109;453.0
1473832800000000000;64.8155;506.0
1473919200000000000;65.9157;559.0
1474005600000000000;67.0609;212.0
1474264800000000000;65.5004;265.0
1474351200000000000;66.7333;318.0
1474437600000000000;68.0083;371.0
1474524000000000000;66.5741;424.0
1474610400000000000;67.9291;477.0
1474869600000000000;69.3213;530.0
1474956000000000000;67.9989;583.0
1475042400000000000;69.4597;236.0
1475128800000000000;68.2013;289.0
1475215200000000000;69.7211;342.0
1475474400000000000;71.2666;395.0
1475560800000000000;70.085;448.0
1475647200000000000;71.6733;501.0
1475733600000000000;73.2786;554.0
1475820000000000000;72.1478;207.0
1476079200000000000;73.7777;260.0
1476165600000000000;75.4151;313.0
1476252000000000000;74.3068;366.0
1476338400000000000;75.9495;419.0
1476424800000000000;74.8398;472.0
1476684000000000000;76.4746;525.0
1476770400000000000;78.1007;578.0
1476856800000000000;76.9647;231.0
1476943200000000000;78.5636;284.0
1477029600000000000;80.1443;337.0
1477288800000000000;78.9539;390.0
1477375200000000000;80.4895;443.0
1477461600000000000;81.9984;496.0
1477548000000000000;80.7279;549.0
1477634400000000000;82.1758;202.0
1477893600000000000;80.8395;255.0
1477980000000000000;82.2171;308.0
1478066400000000000;83.5566;361.0
1478152800000000000;82.1064;414.0
1478239200000000000;83.3647;467.0
1478498400000000000;84.5804;520.0
1478584800000000000;83.0024;573.0
1478671200000000000;84.1297;226.0
1478757600000000000;85.2117;279.0
1478844000000000000;83.498;332.0
1479103200000000000;84.4885;385.0
1479189600000000000;82.6831;438.0
1479276000000000000;83.5821;491.0
1479362400000000000;84.4361;544.0
1479448800000000000;82.4958;597.0
1479708000000000000;83.2622;250.0
1479794400000000000;83.9864;303.0
1479880800000000000;81.9199;356.0
1480053600000000000;82.5643;409.0
1480312800000000000;83.1714;462.0
1480399200000000000;80.9932;515.0
1480485600000000000;81.5319;568.0
1480572000000000000;79.2898;221.0
1480658400000000000;79.7694;274.0
1480917600000000000;80.2235;327.0
1481004000000000000;77.9047;380.0
1481090400000000000;78.3161;433.0
1481176800000000000;78.7105;486.0
1481263200000000000;76.3411;539.0
1481522400000000000;76.711;592.0
1481608800000000000;77.0735;245.0
1481695200000000000;74.6818;298.0
1481781600000000000;75.0392;351.0
1481868000000000000;72.6489;404.0
1482127200000000000;73.0142;457.0
1482213600000000000;73.3884;510.0
1482300000000000000;71.0246;563.0
1482386400000000000;71.426;216.0
1482472800000000000;71.8456;269.0
1482818400000000000;69.5364;322.0
1482904800000000000;70.0013;375.0
1482991200000000000;70.4929;428.0
1483077600000000000;68.2638;481.0
1483423200000000000;68.8166;534.0
1483509600000000000;66.6535;587.0
1483596000000000000;67.2765;240.0
1483682400000000000;67.9377;293.0
1483941600000000000;65.8887;346.0
1484028000000000000;66.6311;399.0
1484114400000000000;67.4161;452.0
1484200800000000000;65.495;505.0
1484287200000000000;66.3685;558.0
1484632800000000000;67.2872;211.0
1484719200000000000;65.5017;264.0
1484805600000000000;66.5121;317.0
1484892000000000000;64.8183;370.0
1485151200000000000;65.9201;423.0
1485237600000000000;67.0669;476.0
1485324000000000000;65.5079;529.0
1485410400000000000;66.7423;582.0
1485496800000000000;68.0188;235.0
1485756000000000000;66.586;288.0
1485842400000000000;67.9423;341.0
1485928800000000000;69.3359;394.0
1486015200000000000;68.0147;447.0
1486101600000000000;69.4766;500.0
1486360800000000000;68.2192;553.0
1486447200000000000;69.74;206.0
1486533600000000000;71.2864;259.0
1486620000000000000;70.1055;312.0
1486706400000000000;71.6945;365.0
1486965600000000000;73.3004;418.0
1487052000000000000;72.17;471.0
1487138400000000000;73.8002;524.0
1487224800000000000;75.4378;577.0
1487311200000000000;74.3296;230.0
1487656800000000000;75.9722;283.0
1487743200000000000;74.8624;336.0
1487829600000000000;76.497;389.0
1487916000000000000;78.1226;442.0
1488175200000000000;76.9862;495.0
1488261600000000000;78.5845;548.0
1488348000000000000;80.1645;201.0
1488434400000000000;78.9733;254.0
1488520800000000000;80.508;307.0
1488780000000000000;82.0159;360.0
1488866400000000000;80.7444;413.0
1488952800000000000;82.191;466.0
1489039200000000000;80.8535;519.0
1489125600000000000;82.2298;572.0
1489384800000000000;83.5679;225.0
1489471200000000000;82.1162;278.0
1489557600000000000;83.3731;331.0
1489644000000000000;84.5873;384.0
1489730400000000000;83.0077;437.0
1489989600000000000;84.1334;490.0
1490076000000000000;85.2138;543.0
1490162400000000000;83.4985;596.0
1490248800000000000;84.4873;249.0
1490335200000000000;82.6803;302.0
1490594400000000000;83.5777;355.0
1490680800000000000;84.4301;408.0
1490767200000000000;82.4883;461.0
1490853600000000000;83.2531;514.0
1490940000000000000;83.9759;567.0
1491199200000000000;81.908;220.0
1491285600000000000;82.551;273.0
1491372000000000000;83.1568;326.0
1491458400000000000;80.9774;379.0
1491544800000000000;81.5149;432.0
1491804000000000000;79.2718;485.0
1491890400000000000;79.7505;538.0
1491976800000000000;80.2037;591.0
1492063200000000000;77.8842;244.0
1492408800000000000;78.2949;297.0
1492495200000000000;78.6888;350.0
1492581600000000000;76.319;403.0
1492668000000000000;76.6886;456.0
1492754400000000000;77.0509;509.0
1493013600000000000;74.659;562.0
1493100000000000000;75.0164;215.0
1493186400000000000;72.6263;268.0
1493272800000000000;72.9919;321.0
1493359200000000000;73.3664;374.0
1493618400000000000;71.0031;427.0
1493704800000000000;71.4051;480.0
1493791200000000000;71.8254;533.0
1493877600000000000;69.517;586.0
1493964000000000000;69.9828;239.0
1494223200000000000;70.4754;292.0
1494309600000000000;68.2474;345.0
1494396000000000000;68.8014;398.0
1494482400000000000;66.6395;451.0
1494568800000000000;67.2639;504.0
1494828000000000000;67.9264;557.0
1494914400000000000;65.8789;210.0
1495000800000000000;66.6227;263.0
1495087200000000000;67.4093;316.0
1495173600000000000;65.4897;369.0
1495432800000000000;66.3648;422.0
1495519200000000000;67.2852;475.0
1495605600000000000;65.5013;528.0
1495692000000000000;66.5133;581.0
1495778400000000000;64.8211;234.0
1496124000000000000;65.9245;287.0
1496210400000000000;67.0729;340.0
1496296800000000000;65.5155;393.0
1496383200000000000;66.7514;446.0
1496642400000000000;68.0294;499.0
1496728800000000000;66.598;552.0
1496815200000000000;67.9556;205.0
1496901600000000000;69.3505;258.0
1496988000000000000;68.0305;311.0
1497247200000000000;69.4935;364.0
1497333600000000000;68.2372;417.0
1497420000000000000;69.7589;470.0
1497506400000000000;71.3062;523.0
1497592800000000000;70.126;576.0
1497852000000000000;71.7157;229.0
1497938400000000000;73.3221;282.0
1498024800000000000;72.1921;335.0
1498111200000000000;73.8227;388.0
1498197600000000000;75.4605;441.0
1498456800000000000;74.3523;494.0
1498543200000000000;75.9949;547.0
1498629600000000000;74.885;200.0
1498716000000000000;76.5193;253.0
1498802400000000000;78.1446;306.0
1499061600000000000;77.0076;359.0
1499234400000000000;78.6053;412.0
1499320800000000000;80.1847;465.0
1499407200000000000;78.9926;518.0
1499666400000000000;80.5264;571.0
1499752800000000000;82.0333;224.0
1499839200000000000;80.7607;277.0
1499925600000000000;82.2062;330.0
1500012000000000000;80.8675;383.0
1500271200000000000;82.2424;436.0
1500357600000000000;83.5792;489.0
1500444000000000000;82.126;542.0
1500530400000000000;83.3814;595.0
1500616800000000000;84.5941;248.0
1500876000000000000;83.0129;301.0
1500962400000000000;84.137;354.0
1501048800000000000;85.2158;407.0
1501135200000000000;83.4989;460.0
1501221600000000000;84.4861;513.0
1501480800000000000;82.6774;566.0
1501567200000000000;83.5733;219.0
1501653600000000000;84.4241;272.0
1501740000000000000;82.4807;325.0
1501826400000000000;83.244;378.0
1502085600000000000;83.9653;431.0
1502172000000000000;81.896;484.0
1502258400000000000;82.5377;537.0
1502344800000000000;83.1422;590.0
1502431200000000000;80.9616;243.0
1502690400000000000;81.498;296.0
1502776800000000000;79.2538;349.0
1502863200000000000;79.7316;402.0
1502949600000000000;80.1839;455.0
1503036000000000000;77.8637;508.0
1503295200000000000;78.2737;561.0
1503381600000000000;78.6671;214.0
1503468000000000000;76.2968;267.0
1503554400000000000;76.6661;320.0
1503640800000000000;77.0282;373.0
1503900000000000000;74.6363;426.0
1503986400000000000;74.9937;479.0
1504072800000000000;72.6037;532.0
1504159200000000000;72.9695;585.0
1504245600000000000;73.3445;238.0
1504591200000000000;70.9817;291.0
1504677600000000000;71.3842;344.0
1504764000000000000;71.8053;397.0
1504850400000000000;69.4977;450.0
1505109600000000000;69.9643;503.0
1505196000000000000;70.4579;556.0
1505282400000000000;68.2311;209.0
1505368800000000000;68.7862;262.0
1505455200000000000;66.6256;315.0
1505714400000000000;67.2513;368.0
1505800800000000000;67.9152;421.0
1505887200000000000;65.8691;474.0
1505973600000000000;66.6144;527.0
1506060000000000000;67.4026;580.0
1506319200000000000;65.4845;233.0
1506405600000000000;66.3612;286.0
1506492000000000000;67.2832;339.0
1506578400000000000;65.5009;392.0
1506664800000000000;66.5146;445.0
1506924000000000000;64.824;498.0
1507010400000000000;65.929;551.0
1507096800000000000;67.079;204.0
1507183200000000000;65.5231;257.0
1507269600000000000;66.7605;310.0
1507528800000000000;68.04;363.0
1507615200000000000;66.61;416.0
1507701600000000000;67.969;469.0
1507788000000000000;69.3651;522.0
1507874400000000000;68.0463;575.0
1508133600000000000;69.5105;228.0
1508220000000000000;68.2552;281.0
1508306400000000000;69.7779;334.0
1508392800000000000;71.326;387.0
1508479200000000000;70.1466;440.0
1508738400000000000;71.7369;493.0
1508824800000000000;73.3438;546.0
1508911200000000000;72.2143;599.0
1508997600000000000;73.8451;252.0
1509084000000000000;75.4832;305.0
1509343200000000000;74.3751;358.0
1509429600000000000;76.0177;411.0
1509516000000000000;74.9076;464.0
1509602400000000000;76.5416;517.0
1509688800000000000;78.1665;570.0
1509948000000000000;77.0291;223.0
1510034400000000000;78.6262;276.0
1510120800000000000;80.2048;329.0
1510207200000000000;79.012;382.0
1510293600000000000;80.5449;435.0
1510552800000000000;82.0508;488.0
1510639200000000000;80.7771;541.0
1510725600000000000;82.2214;594.0
1510812000000000000;80.8814;247.0
1510898400000000000;82.255;300.0
1511157600000000000;83.5904;353.0
1511244000000000000;82.1358;406.0
1511330400000000000;83.3897;459.0
1511503200000000000;84.6008;512.0
1511762400000000000;83.018;565.0
1511848800000000000;84.1406;218.0
1511935200000000000;85.2178;271.0
1512021600000000000;83.4992;324.0
1512108000000000000;84.4848;377.0
1512367200000000000;82.6745;430.0
1512453600000000000;83.5687;483.0
1512540000000000000;84.418;536.0
1512626400000000000;82.473;589.0
1512712800000000000;83.2349;242.0
1512972000000000000;83.9547;295.0
1513058400000000000;81.884;348.0
1513144800000000000;82.5243;401.0
1513231200000000000;83.1276;454.0
1513317600000000000;80.9457;507.0
1513576800000000000;81.481;560.0
1513663200000000000;79.2358;213.0
1513749600000000000;79.7126;266.0
1513836000000000000;80.1641;319.0
1513922400000000000;77.8431;372.0
1514268000000000000;78.2525;425.0
1514354400000000000;78.6453;478.0
1514440800000000000;76.2746;531.0
1514527200000000000;76.6436;584.0
1514872800000000000;77.0055;237.0
1514959200000000000;74.6135;290.0
1515045600000000000;74.971;343.0
1515132000000000000;72.5811;396.0
1515391200000000000;72.9472;449.0
1515477600000000000;73.3225;502.0
1515564000000000000;70.9602;555.0
1515650400000000000;71.3634;208.0
1515736800000000000;71.7851;261.0
1516082400000000000;69.4784;314.0
1516168800000000000;69.9459;367.0
1516255200000000000;70.4405;420.0
1516341600000000000;68.2148;473.0
1516600800000000000;68.7711;526.0
1516687200000000000;66.6117;579.0
1516773600000000000;67.2387;232.0
1516860000000000000;67.904;285.0
1516946400000000000;65.8594;338.0
1517205600000000000;66.6062;391.0
1517292000000000000;67.3959;444.0
1517378400000000000;65.4794;497.0
1517464800000000000;66.3577;550.0
1517551200000000000;67.2813;203.0
1517810400000000000;65.5006;256.0
1517896800000000000;66.5159;309.0
1517983200000000000;64.827;362.0
1518069600000000000;65.9335;415.0
1518156000000000000;67.0851;468.0
1518415200000000000;65.5308;521.0
1518501600000000000;66.7697;574.0
1518588000000000000;68.0506;227.0
1518674400000000000;66.6221;280.0
1518760800000000000;67.9824;333.0
1519106400000000000;69.3798;386.0
1519192800000000000;68.0622;439.0
1519279200000000000;69.5275;492.0
1519365600000000000;68.2732;545.0
1519624800000000000;69.7969;598.0
1519711200000000000;71.3458;251.0
1519797600000000000;70.1672;304.0
1519884000000000000;71.7581;357.0
1519970400000000000;73.3656;410.0
1520229600000000000;72.2365;463.0
1520316000000000000;73.8676;516.0
1520402400000000000;75.5058;569.0
1520488800000000000;74.3978;222.0
1520575200000000000;76.0404;275.0
1520834400000000000;74.9302;328.0
1520920800000000000;76.5639;381.0
1521007200000000000;78.1884;434.0
1521093600000000000;77.0505;487.0
1521180000000000000;78.647;540.0
1521439200000000000;80.2249;593.0
1521525600000000000;79.0313;246.0
1521612000000000000;80.5633;299.0
1521698400000000000;82.0681;352.0
1521784800000000000;80.7934;405.0
1522044000000000000;82.2365;458.0
1522130400000000000;80.8952;511.0
1522216800000000000;82.2676;564.0
1522303200000000000;83.6015;217.0
1522648800000000000;82.1455;270.0
1522735200000000000;83.3979;323.0
1522821600000000000;84.6075;376.0
1522908000000000000;83.0231;429.0
1522994400000000000;84.1441;482.0
1523253600000000000;85.2197;535.0
1523340000000000000;83.4995;588.0
1523426400000000000;84.4834;241.0
1523512800000000000;82.6715;294.0
1523599200000000000;83.5642;347.0
1523858400000000000;84.4118;400.0
1523944800000000000;82.4653;453.0
1524031200000000000;83.2257;506.0
1524117600000000000;83.944;559.0
1524204000000000000;81.8719;212.0
1524463200000000000;82.5109;265.0
1524549600000000000;83.1129;318.0
1524636000000000000;80.9298;371.0
1524722400000000000;81.464;424.0
1524808800000000000;79.2177;477.0
1525068000000000000;79.6936;530.0
1525154400000000000;80.1443;583.0
1525240800000000000;77.8225;236.0
1525327200000000000;78.2313;289.0
1525413600000000000;78.6235;342.0
1525672800000000000;76.2524;395.0
1525759200000000000;76.6211;448.0
1525845600000000000;76.9828;501.0
1525932000000000000;74.5908;554.0
1526018400000000000;74.9483;207.0
1526277600000000000;72.5586;260.0
1526364000000000000;72.9249;313.0
1526450400000000000;73.3006;366.0
1526536800000000000;70.9388;419.0
1526623200000000000;71.3426;472.0
1526882400000000000;71.765;525.0
1526968800000000000;69.4591;578.0
1527055200000000000;69.9276;231.0
1527141600000000000;70.4232;284.0
1527228000000000000;68.1985;337.0
1527573600000000000;68.756;390.0
1527660000000000000;66.5979;443.0
1527746400000000000;67.2262;496.0
1527832800000000000;67.8929;549.0
1528092000000000000;65.8497;202.0
1528178400000000000;66.598;255.0
1528264800000000000;67.3892;308.0
1528351200000000000;65.4743;361.0
1528437600000000000;66.3542;414.0
1528696800000000000;67.2794;467.0
1528783200000000000;65.5004;520.0
1528869600000000000;66.5173;573.0
1528956000000000000;64.83;226.0
1529042400000000000;65.9381;279.0
1529301600000000000;67.0913;332.0
1529388000000000000;65.5385;385.0
1529474400000000000;66.779;438.0
1529560800000000000;68.0613;491.0
1529647200000000000;66.6342;544.0
1529906400000000000;67.9958;597.0
1529992800000000000;69.3945;250.0
1530079200000000000;68.0782;303.0
1530165600000000000;69.5445;356.0
1530252000000000000;68.2913;409.0
1530511200000000000;69.8159;462.0
1530597600000000000;71.3657;515.0
1530770400000000000;70.1878;568.0
1530856800000000000;71.7794;221.0
1531116000000000000;73.3873;274.0
1531202400000000000;72.2587;327.0
1531288800000000000;73.8901;380.0
1531375200000000000;75.5285;433.0
1531461600000000000;74.4206;486.0
1531720800000000000;76.0631;539.0
1531807200000000000;74.9527;592.0
1531893600000000000;76.5862;245.0
1531980000000000000;78.2103;298.0
1532066400000000000;77.0719;351.0
1532325600000000000;78.6678;404.0
1532412000000000000;80.245;457.0
1532498400000000000;79.0505;510.0
1532584800000000000;80.5816;563.0
1532671200000000000;82.0855;216.0
1532930400000000000;80.8096;269.0
1533016800000000000;82.2515;322.0
1533103200000000000;80.9091;375.0
1533189600000000000;82.28;428.0
1533276000000000000;83.6126;481.0
1533535200000000000;82.1551;534.0
1533621600000000000;83.406;587.0
1533708000000000000;84.6141;240.0
1533794400000000000;83.0282;293.0
1533880800000000000;84.1475;346.0
1534140000000000000;85.2215;399.0
1534226400000000000;83.4997;452.0
1534312800000000000;84.482;505.0
1534399200000000000;82.6685;558.0
1534485600000000000;83.5595;211.0
1534744800000000000;84.4056;264.0
1534831200000000000;82.4576;317.0
1534917600000000000;83.2164;370.0
1535004000000000000;83.9333;423.0
1535090400000000000;81.8598;476.0
1535349600000000000;82.4974;529.0
1535436000000000000;83.0981;582.0
1535522400000000000;80.9139;235.0
1535608800000000000;81.4469;288.0
1535695200000000000;79.1996;341.0
1536040800000000000;79.6746;394.0
1536127200000000000;80.1244;447.0
1536213600000000000;77.8019;500.0
1536300000000000000;78.21;553.0
1536559200000000000;78.6018;206.0
1536645600000000000;76.2302;259.0
1536732000000000000;76.5986;312.0
1536818400000000000;76.9601;365.0
1536904800000000000;74.568;418.0
1537164000000000000;74.9255;471.0
1537250400000000000;72.536;524.0
1537336800000000000;72.9027;577.0
1537423200000000000;73.2787;230.0
1537509600000000000;70.9174;283.0
1537768800000000000;71.3218;336.0
1537855200000000000;71.745;389.0
1537941600000000000;69.4398;442.0
1538028000000000000;69.9092;495.0
1538114400000000000;70.4059;548.0
1538373600000000000;68.1823;201.0
1538460000000000000;68.7409;254.0
1538546400000000000;66.5841;307.0
1538632800000000000;67.2137;360.0
1538719200000000000;67.8818;413.0
1538978400000000000;65.8401;466.0
1539064800000000000;66.5899;519.0
1539151200000000000;67.3826;572.0
1539237600000000000;65.4693;225.0
1539324000000000000;66.3508;278.0
1539583200000000000;67.2776;331.0
1539669600000000000;65.5002;384.0
1539756000000000000;66.5187;437.0
1539842400000000000;64.833;490.0
1539928800000000000;65.9428;543.0
1540188000000000000;67.0975;596.0
1540274400000000000;65.5463;249.0
1540360800000000000;66.7883;302.0
1540447200000000000;68.0721;355.0
1540533600000000000;66.6463;408.0
1540792800000000000;68.0093;461.0
1540879200000000000;69.4093;514.0
1540965600000000000;68.0941;567.0
1541052000000000000;69.5616;220.0
1541138400000000000;68.3094;273.0
1541397600000000000;69.835;326.0
1541484000000000000;71.3856;379.0
1541570400000000000;70.2084;432.0
1541656800000000000;71.8006;485.0
1541743200000000000;73.4091;538.0
1542002400000000000;72.2809;591.0
1542088800000000000;73.9126;244.0
1542175200000000000;75.5512;297.0
1542261600000000000;74.4434;350.0
1542348000000000000;76.0858;403.0
1542607200000000000;74.9753;456.0
1542693600000000000;76.6085;509.0
1542780000000000000;78.2322;562.0
1542952800000000000;77.0933;215.0
1543212000000000000;78.6886;268.0
1543298400000000000;80.265;321.0
1543384800000000000;79.0698;374.0
1543471200000000000;80.5999;427.0
1543557600000000000;82.1028;480.0
1543816800000000000;80.8258;533.0
1543903200000000000;82.2666;586.0
1544076000000000000;80.9228;239.0
1544162400000000000;82.2925;292.0
1544421600000000000;83.6237;345.0
1544508000000000000;82.1647;398.0
1544594400000000000;83.4142;451.0
1544680800000000000;84.6206;504.0
1544767200000000000;83.0332;557.0
1545026400000000000;84.1509;210.0
1545112800000000000;85.2233;263.0
1545199200000000000;83.4999;316.0
1545285600000000000;84.4805;369.0
1545372000000000000;82.6654;422.0
1545631200000000000;83.5548;475.0
1545804000000000000;84.3994;528.0
1545890400000000000;82.4498;581.0
1545976800000000000;83.2071;234.0
1546236000000000000;83.9225;287.0
1546408800000000000;81.8476;340.0
1546495200000000000;82.4839;393.0
1546581600000000000;83.0833;446.0
1546840800000000000;80.8979;499.0
1546927200000000000;81.4298;552.0
1547013600000000000;79.1815;205.0
1547100000000000000;79.6555;258.0
1547186400000000000;80.1045;311.0
1547445600000000000;77.7813;364.0
1547532000000000000;78.1887;417.0
1547618400000000000;78.58;470.0
1547704800000000000;76.208;523.0
1547791200000000000;76.5761;576.0
1548136800000000000;76.9374;229.0
1548223200000000000;74.5453;282.0
1548309600000000000;74.9028;335.0
1548396000000000000;72.5135;388.0
1548655200000000000;72.8804;441.0
1548741600000000000;73.2569;494.0
1548828000000000000;70.896;547.0
1548914400000000000;71.3011;200.0
1549000800000000000;71.7249;253.0
1549260000000000000;69.4206;306.0
1549346400000000000;69.8909;359.0
1549432800000000000;70.3886;412.0
1549519200000000000;68.1661;465.0
1549605600000000000;68.7259;518.0
1549864800000000000;66.5703;571.0
1549951200000000000;67.2013;224.0
1550037600000000000;67.8708;277.0
1550124000000000000;65.8305;330.0
1550210400000000000;66.5818;383.0
1550556000000000000;67.3761;436.0
1550642400000000000;65.4643;489.0
1550728800000000000;66.3474;542.0
1550815200000000000;67.2759;595.0
1551074400000000000;65.5001;248.0
1551160800000000000;66.5202;301.0
1551247200000000000;64.8361;354.0
1551333600000000000;65.9475;407.0
1551420000000000000;67.1038;460.0
1551679200000000000;65.5542;513.0
1551765600000000000;66.7976;566.0
1551852000000000000;68.0829;219.0
1551938400000000000;66.6585;272.0
1552024800000000000;68.0229;325.0
1552284000000000000;69.4241;378.0
1552370400000000000;68.1101;431.0
1552456800000000000;69.5787;484.0
1552543200000000000;68.3276;537.0
1552629600000000000;69.854;590.0
1552888800000000000;71.4055;243.0
1552975200000000000;70.2291;296.0
1553061600000000000;71.8219;349.0
1553148000000000000;73.4309;402.0
1553234400000000000;72.3031;455.0
1553493600000000000;73.9351;508.0
1553580000000000000;75.5739;561.0
1553666400000000000;74.4661;214.0
1553752800000000000;76.1085;267.0
1553839200000000000;74.9978;320.0
1554098400000000000;76.6307;373.0
1554184800000000000;78.2541;426.0
1554271200000000000;77.1146;479.0
1554357600000000000;78.7093;532.0
1554444000000000000;80.2851;585.0
1554703200000000000;79.089;238.0
1554789600000000000;80.6182;291.0
1554876000000000000;82.1201;344.0
1554962400000000000;80.842;397.0
1555048800000000000;82.2816;450.0
1555308000000000000;80.9365;503.0
1555394400000000000;82.3049;556.0
1555480800000000000;83.6347;209.0
1555567200000000000;82.1743;262.0
1555912800000000000;83.4222;315.0
1555999200000000000;84.6272;368.0
1556085600000000000;83.0381;421.0
1556172000000000000;84.1543;474.0
1556258400000000000;85.225;527.0
1556517600000000000;83.5;580.0
1556604000000000000;84.479;233.0
1556690400000000000;82.6623;286.0
1556776800000000000;83.5501;339.0
1556863200000000000;84.393;392.0
1557122400000000000;82.4419;445.0
1557208800000000000;83.1977;498.0
1557295200000000000;83.9117;551.0
1557381600000000000;81.8354;204.0
1557468000000000000;82.4703;257.0
1557727200000000000;83.0685;310.0
1557813600000000000;80.8819;363.0
1557900000000000000;81.4127;416.0
1557986400000000000;79.1633;469.0
1558072800000000000;79.6364;522.0
1558332000000000000;80.0846;575.0
1558418400000000000;77.7606;228.0
1558504800000000000;78.1674;281.0
1558591200000000000;78.5582;334.0
1558677600000000000;76.1858;387.0
1559023200000000000;76.5536;440.0
1559109600000000000;76.9147;493.0
1559196000000000000;74.5225;546.0
1559282400000000000;74.8801;599.0
1559541600000000000;72.4909;252.0
1559628000000000000;72.8581;305.0
1559714400000000000;73.235;358.0
1559800800000000000;70.8747;411.0
1559887200000000000;71.2803;464.0
1560146400000000000;71.7049;517.0
1560232800000000000;69.4014;570.0
1560319200000000000;69.8727;223.0
1560405600000000000;70.3713;276.0
1560492000000000000;68.1499;329.0
1560751200000000000;68.711;382.0
1560837600000000000;66.5566;435.0
1560924000000000000;67.1889;488.0
1561010400000000000;67.8598;541.0
1561096800000000000;65.821;594.0
1561356000000000000;66.5738;247.0
1561442400000000000;67.3696;300.0
1561528800000000000;65.4594;353.0
1561615200000000000;66.3441;406.0
1561701600000000000;67.2742;459.0
1561960800000000000;65.5;512.0
1562047200000000000;66.5218;565.0
1562133600000000000;64.8393;218.0
1562306400000000000;65.9523;271.0
1562565600000000000;67.1101;324.0
1562652000000000000;65.562;377.0
1562738400000000000;66.807;430.0
1562824800000000000;68.0937;483.0
1562911200000000000;66.6708;536.0
1563170400000000000;68.0365;589.0
1563256800000000000;69.439;242.0
1563343200000000000;68.1262;295.0
1563429600000000000;69.5959;348.0
1563516000000000000;68.3458;401.0
1563775200000000000;69.8732;454.0
1563861600000000000;71.4254;507.0
1563948000000000000;70.2498;560.0
1564034400000000000;71.8432;213.0
1564120800000000000;73.4528;266.0
1564380000000000000;72.3253;319.0
1564466400000000000;73.9577;372.0
1564552800000000000;75.5966;425.0
1564639200000000000;74.4889;478.0
1564725600000000000;76.1312;531.0
1564984800000000000;75.0203;584.0
1565071200000000000;76.653;237.0
1565157600000000000;78.2759;290.0
1565244000000000000;77.136;343.0
1565330400000000000;78.73;396.0
1565589600000000000;80.3051;449.0
1565676000000000000;79.1082;502.0
1565762400000000000;80.6365;555.0
1565848800000000000;82.1373;208.0
1565935200000000000;80.8581;261.0
1566194400000000000;82.2965;314.0
1566280800000000000;80.9502;367.0
1566367200000000000;82.3172;420.0
1566453600000000000;83.6456;473.0
1566540000000000000;82.1838;526.0
1566799200000000000;83.4302;579.0
1566885600000000000;84.6336;232.0
1566972000000000000;83.043;285.0
1567058400000000000;84.1575;338.0
1567144800000000000;85.2267;391.0
1567490400000000000;83.5;444.0
1567576800000000000;84.4774;497.0
1567663200000000000;82.6591;550.0
1567749600000000000;83.5453;203.0
1568008800000000000;84.3867;256.0
1568095200000000000;82.434;309.0
1568181600000000000;83.1883;362.0
1568268000000000000;83.9008;415.0
1568354400000000000;81.8231;468.0
1568613600000000000;82.4567;521.0
1568700000000000000;83.0536;574.0
1568786400000000000;80.8658;227.0
1568872800000000000;81.3955;280.0
1568959200000000000;79.1451;333.0
1569218400000000000;79.6173;386.0
1569304800000000000;80.0646;439.0
1569391200000000000;77.7399;492.0
1569477600000000000;78.1461;545.0
1569564000000000000;78.5363;598.0
1569823200000000000;76.1636;251.0
1569909600000000000;76.5311;304.0
1569996000000000000;76.892;357.0
1570082400000000000;74.4997;410.0
1570168800000000000;74.8574;463.0
1570428000000000000;72.4684;516.0
1570514400000000000;72.8359;569.0
1570600800000000000;73.2132;222.0
1570687200000000000;70.8534;275.0
1570773600000000000;71.2596;328.0
1571032800000000000;71.6849;381.0
1571119200000000000;69.3823;434.0
1571205600000000000;69.8544;487.0
1571292000000000000;70.3541;540.0
1571378400000000000;68.1338;593.0
1571637600000000000;68.696;246.0
1571724000000000000;66.543;299.0
1571810400000000000;67.1766;352.0
1571896800000000000;67.8489;405.0
1571983200000000000;65.8115;458.0
1572242400000000000;66.5658;511.0
1572328800000000000;67.3632;564.0
1572415200000000000;65.4546;217.0
1572501600000000000;66.3408;270.0
1572588000000000000;67.2725;323.0
1572847200000000000;65.5;376.0
1572933600000000000;66.5234;429.0
1573020000000000000;64.8425;482.0
1573106400000000000;65.9571;535.0
1573192800000000000;67.1165;588.0
1573452000000000000;65.57;241.0
1573538400000000000;66.8164;294.0
1573624800000000000;68.1046;347.0
1573711200000000000;66.6831;400.0
1573797600000000000;68.0501;453.0
1574056800000000000;69.4539;506.0
1574143200000000000;68.1423;559.0
1574229600000000000;69.6131;212.0
1574316000000000000;68.364;265.0
1574402400000000000;69.8923;318.0
1574661600000000000;71.4454;371.0
1574748000000000000;70.2705;424.0
1574834400000000000;71.8645;477.0
1575007200000000000;73.4746;530.0
1575266400000000000;72.3475;583.0
1575352800000000000;73.9802;236.0
1575439200000000000;75.6193;289.0
1575525600000000000;74.5117;342.0
1575612000000000000;76.1539;395.0
1575871200000000000;75.0429;448.0
1575957600000000000;76.6752;501.0
1576044000000000000;78.2978;554.0
1576130400000000000;77.1573;207.0
1576216800000000000;78.7507;260.0
1576476000000000000;80.3251;313.0
1576562400000000000;79.1273;366.0
1576648800000000000;80.6547;419.0
1576735200000000000;82.1545;472.0
1576821600000000000;80.8742;525.0
1577080800000000000;82.3114;578.0
1577167200000000000;80.9639;231.0
1577340000000000000;82.3295;284.0
1577426400000000000;83.6565;337.0
1577685600000000000;82.1932;390.0
1577772000000000000;83.4381;443.0
1577944800000000000;84.64;496.0
1578031200000000000;83.0478;549.0
1578290400000000000;84.1608;202.0
1578376800000000000;85.2283;255.0
1578463200000000000;83.5;308.0
1578549600000000000;84.4758;361.0
1578636000000000000;82.6558;414.0
1578895200000000000;83.5405;467.0
1578981600000000000;84.3802;520.0
1579068000000000000;82.426;573.0
1579154400000000000;83.1788;226.0
1579240800000000000;83.8899;279.0
1579586400000000000;81.8108;332.0
1579672800000000000;82.4431;385.0
1579759200000000000;83.0387;438.0
1579845600000000000;80.8497;491.0
1580104800000000000;81.3783;544.0
1580191200000000000;79.1269;597.0
1580277600000000000;79.5981;250.0
1580364000000000000;80.0446;303.0
1580450400000000000;77.7192;356.0
1580709600000000000;78.1248;409.0
1580796000000000000;78.5145;462.0
1580882400000000000;76.1413;515.0
1580968800000000000;76.5085;568.0
1581055200000000000;76.8693;221.0
1581314400000000000;74.477;274.0
1581400800000000000;74.8347;327.0
1581487200000000000;72.4459;380.0
1581573600000000000;72.8137;433.0
1581660000000000000;73.1913;486.0
1582005600000000000;70.832;539.0
1582092000000000000;71.2389;592.0
1582178400000000000;71.665;245.0
1582264800000000000;69.3631;298.0
1582524000000000000;69.8362;351.0
1582610400000000000;70.3369;404.0
1582696800000000000;68.1178;457.0
1582783200000000000;68.6812;510.0
1582869600000000000;66.5293;563.0
1583128800000000000;67.1643;216.0
1583215200000000000;67.838;269.0
1583301600000000000;65.8021;322.0
1583388000000000000;66.5579;375.0
1583474400000000000;67.3568;428.0
1583733600000000000;65.4498;481.0
1583820000000000000;66.3376;534.0
1583906400000000000;67.2709;587.0
1583992800000000000;65.5;240.0
1584079200000000000;66.525;293.0
1584338400000000000;64.8458;346.0
1584424800000000000;65.962;399.0
1584511200000000000;67.123;452.0
1584597600000000000;65.578;505.0
1584684000000000000;66.8259;558.0
1584943200000000000;68.1156;211.0
1585029600000000000;66.6954;264.0
1585116000000000000;68.0638;317.0
1585202400000000000;69.4688;370.0
1585288800000000000;68.1584;423.0
1585548000000000000;69.6303;476.0
1585634400000000000;68.3822;529.0
1585720800000000000;69.9115;582.0
1585807200000000000;71.4654;235.0
1585893600000000000;70.2912;288.0
1586152800000000000;71.8859;341.0
1586239200000000000;73.4965;394.0
1586325600000000000;72.3698;447.0
1586412000000000000;74.0027;500.0
1586757600000000000;75.642;553.0
1586844000000000000;74.5344;206.0
1586930400000000000;76.1766;259.0
1587016800000000000;75.0654;312.0
1587103200000000000;76.6975;365.0
1587362400000000000;78.3196;418.0
1587448800000000000;77.1786;471.0
1587535200000000000;78.7714;524.0
1587621600000000000;80.345;577.0
1587708000000000000;79.1464;230.0
1587967200000000000;80.6729;283.0
1588053600000000000;82.1717;336.0
1588140000000000000;80.8903;389.0
1588226400000000000;82.3263;442.0
1588312800000000000;80.9774;495.0
1588572000000000000;82.3418;548.0
1588658400000000000;83.6674;201.0
1588744800000000000;82.2026;254.0
1588831200000000000;83.446;307.0
1588917600000000000;84.6464;360.0
1589176800000000000;83.0526;413.0
1589263200000000000;84.1639;466.0
1589349600000000000;85.2298;519.0
1589436000000000000;83.4999;572.0
1589522400000000000;84.4741;225.0
1589781600000000000;82.6525;278.0
1589868000000000000;83.5355;331.0
1589954400000000000;84.3738;384.0
1590040800000000000;82.418;437.0
1590127200000000000;83.1693;490.0
1590472800000000000;83.8789;543.0
1590559200000000000;81.7984;596.0
1590645600000000000;82.4294;249.0
1590732000000000000;83.0237;302.0
1590991200000000000;80.8335;355.0
1591077600000000000;81.361;408.0
1591164000000000000;79.1086;461.0
1591250400000000000;79.5789;514.0
1591336800000000000;80.0246;567.0
1591596000000000000;77.6984;220.0
1591682400000000000;78.1034;273.0
1591768800000000000;78.4926;326.0
1591855200000000000;76.1191;379.0
1591941600000000000;76.486;432.0
1592200800000000000;76.8466;485.0
1592287200000000000;74.4542;538.0
1592373600000000000;74.812;591.0
1592460000000000000;72.4233;244.0
1592546400000000000;72.7914;297.0
1592805600000000000;73.1695;350.0
1592892000000000000;70.8107;403.0
1592978400000000000;71.2183;456.0
1593064800000000000;71.645;509.0
1593151200000000000;69.344;562.0
1593410400000000000;69.8181;215.0
1593496800000000000;70.3198;268.0
1593583200000000000;68.1017;321.0
1593669600000000000;68.6663;374.0
1594015200000000000;66.5158;427.0
1594101600000000000;67.1521;480.0
1594188000000000000;67.8272;533.0
1594274400000000000;65.7927;586.0
1594360800000000000;66.55;239.0
1594620000000000000;67.3505;292.0
1594706400000000000;65.445;345.0
1594792800000000000;66.3345;398.0
1594879200000000000;67.2694;451.0
1594965600000000000;65.5001;504.0
1595224800000000000;66.5268;557.0
1595311200000000000;64.8492;210.0
1595397600000000000;65.9669;263.0
1595484000000000000;67.1295;316.0
1595570400000000000;65.586;369.0
1595829600000000000;66.8355;422.0
1595916000000000000;68.1266;475.0
1596002400000000000;66.7078;528.0
1596088800000000000;68.0775;581.0
1596175200000000000;69.4838;234.0
1596434400000000000;68.1746;287.0
1596520800000000000;69.6476;340.0
1596607200000000000;68.4005;393.0
1596693600000000000;69.9307;446.0
1596780000000000000;71.4854;499.0
1597039200000000000;70.3119;552.0
1597125600000000000;71.9072;205.0
1597212000000000000;73.5183;258.0
1597298400000000000;72.3921;311.0
1597384800000000000;74.0253;364.0
1597644000000000000;75.6647;417.0
1597730400000000000;74.5572;470.0
1597816800000000000;76.1993;523.0
1597903200000000000;75.0879;576.0
1597989600000000000;76.7197;229.0
1598248800000000000;78.3414;282.0
1598335200000000000;77.1999;335.0
1598421600000000000;78.7921;388.0
1598508000000000000;80.3649;441.0
1598594400000000000;79.1655;494.0
1598853600000000000;80.691;547.0
1598940000000000000;82.1888;200.0
1599026400000000000;80.9063;253.0
1599112800000000000;82.3411;306.0
1599199200000000000;80.991;359.0
1599544800000000000;82.354;412.0
1599631200000000000;83.6782;465.0
1599717600000000000;82.212;518.0
1599804000000000000;83.4539;571.0
1600063200000000000;84.6527;224.0
1600149600000000000;83.0573;277.0
1600236000000000000;84.1671;330.0
1600322400000000000;85.2313;383.0
1600408800000000000;83.4998;436.0
1600668000000000000;84.4723;489.0
1600754400000000000;82.6492;542.0
1600840800000000000;83.5306;595.0
1600927200000000000;84.3672;248.0
1601013600000000000;82.4099;301.0
1601272800000000000;83.1597;354.0
1601359200000000000;83.8679;407.0
1601445600000000000;81.786;460.0
1601532000000000000;82.4156;513.0
1601618400000000000;83.0087;566.0
1601877600000000000;80.8173;219.0
1601964000000000000;81.3437;272.0
1602050400000000000;79.0903;325.0
1602136800000000000;79.5597;378.0
1602223200000000000;80.0045;431.0
1602482400000000000;77.6777;484.0
1602568800000000000;78.0821;537.0
1602655200000000000;78.4707;590.0
1602741600000000000;76.0968;243.0
1602828000000000000;76.4635;296.0
1603087200000000000;76.8239;349.0
1603173600000000000;74.4314;402.0
1603260000000000000;74.7893;455.0
1603346400000000000;72.4008;508.0
1603432800000000000;72.7692;561.0
1603692000000000000;73.1477;214.0
1603778400000000000;70.7895;267.0
1603864800000000000;71.1976;320.0
1603951200000000000;71.6251;373.0
1604037600000000000;69.325;426.0
1604296800000000000;69.7999;479.0
1604383200000000000;70.3027;532.0
1604469600000000000;68.0858;585.0
1604556000000000000;68.6515;238.0
1604642400000000000;66.5023;291.0
1604901600000000000;67.1399;344.0
1604988000000000000;67.8164;397.0
1605074400000000000;65.7834;450.0
1605160800000000000;66.5422;503.0
1605247200000000000;67.3442;556.0
1605506400000000000;65.4404;209.0
1605592800000000000;66.3314;262.0
1605679200000000000;67.268;315.0
1605765600000000000;65.5003;368.0
1605852000000000000;66.5286;421.0
1606111200000000000;64.8526;474.0
1606197600000000000;65.9719;527.0
1606284000000000000;67.1361;580.0
1606456800000000000;65.5941;233.0
1606716000000000000;66.8451;286.0
1606802400000000000;68.1376;339.0
1606888800000000000;66.7202;392.0
1606975200000000000;68.0913;445.0
1607061600000000000;69.4988;498.0
1607320800000000000;68.1908;551.0
1607407200000000000;69.6649;204.0
1607493600000000000;68.4188;257.0
1607580000000000000;69.9499;310.0
1607666400000000000;71.5055;363.0
1607925600000000000;70.3327;416.0
1608012000000000000;71.9286;469.0
1608098400000000000;73.5402;522.0
1608184800000000000;72.4143;575.0
1608271200000000000;74.0478;228.0
1608530400000000000;75.6874;281.0
1608616800000000000;74.5799;334.0
1608703200000000000;76.222;387.0
1608789600000000000;75.1104;440.0
1609135200000000000;76.7419;493.0
1609221600000000000;78.3632;546.0
1609308000000000000;77.2212;599.0
1609394400000000000;78.8127;252.0
1609740000000000000;80.3848;305.0
1609826400000000000;79.1845;358.0
1609912800000000000;80.7091;411.0
1609999200000000000;82.2059;464.0
1610085600000000000;80.9222;517.0
1610344800000000000;82.3558;570.0
1610431200000000000;81.0045;223.0
1610517600000000000;82.3661;276.0
1610604000000000000;83.6889;329.0
1610690400000000000;82.2213;382.0
1611036000000000000;83.4616;435.0
1611122400000000000;84.6589;488.0
1611208800000000000;83.062;541.0
1611295200000000000;84.1701;594.0
1611554400000000000;85.2328;247.0
1611640800000000000;83.4996;300.0
1611727200000000000;84.4705;353.0
1611813600000000000;82.6457;406.0
1611900000000000000;83.5256;459.0
1612159200000000000;84.3606;512.0
1612245600000000000;82.4018;565.0
1612332000000000000;83.1501;218.0
1612418400000000000;83.8568;271.0
1612504800000000000;81.7735;324.0
1612764000000000000;82.4018;377.0
1612850400000000000;82.9937;430.0
1612936800000000000;80.8011;483.0
1613023200000000000;81.3264;536.0
1613109600000000000;79.072;589.0
1613455200000000000;79.5405;242.0
1613541600000000000;79.9845;295.0
1613628000000000000;77.6569;348.0
1613714400000000000;78.0607;401.0
1613973600000000000;78.4488;454.0
1614060000000000000;76.0745;507.0
1614146400000000000;76.4409;560.0
1614232800000000000;76.8012;213.0
1614319200000000000;74.4087;266.0
1614578400000000000;74.7666;319.0
1614664800000000000;72.3783;372.0
1614751200000000000;72.747;425.0
1614837600000000000;73.1259;478.0
1614924000000000000;70.7682;531.0
1615183200000000000;71.177;584.0
1615269600000000000;71.6053;237.0
1615356000000000000;69.3059;290.0
1615442400000000000;69.7818;343.0
1615528800000000000;70.2856;396.0
1615788000000000000;68.0698;449.0
1615874400000000000;68.6368;502.0
1615960800000000000;66.4888;555.0
1616047200000000000;67.1278;208.0
1616133600000000000;67.8057;261.0
1616392800000000000;65.7741;314.0
1616479200000000000;66.5345;367.0
1616565600000000000;67.338;420.0
1616652000000000000;65.4357;473.0
1616738400000000000;66.3284;526.0
1616997600000000000;67.2665;579.0
1617084000000000000;65.5005;232.0
1617170400000000000;66.5304;285.0
1617256800000000000;64.856;338.0
1617602400000000000;65.977;391.0
1617688800000000000;67.1427;444.0
1617775200000000000;65.6023;497.0
1617861600000000000;66.8547;550.0
1617948000000000000;68.1487;203.0
1618207200000000000;66.7327;256.0
1618293600000000000;68.1051;309.0
1618380000000000000;69.5139;362.0
1618466400000000000;68.207;415.0
1618552800000000000;69.6823;468.0
1618812000000000000;68.4372;521.0
1618898400000000000;69.9692;574.0
1618984800000000000;71.5256;227.0
1619071200000000000;70.3535;280.0
1619157600000000000;71.95;333.0
1619416800000000000;73.5621;386.0
1619503200000000000;72.4366;439.0
1619589600000000000;74.0704;492.0
1619676000000000000;75.7102;545.0
1619762400000000000;74.6027;598.0
1620021600000000000;76.2447;251.0
1620108000000000000;75.1329;304.0
1620194400000000000;76.7641;357.0
1620280800000000000;78.385;410.0
1620367200000000000;77.2424;463.0
1620626400000000000;78.8333;516.0
1620712800000000000;80.4047;569.0
1620799200000000000;79.2036;222.0
1620885600000000000;80.7272;275.0
1620972000000000000;82.2229;328.0
1621231200000000000;80.9381;381.0
1621317600000000000;82.3706;434.0
1621404000000000000;81.0179;487.0
1621490400000000000;82.3782;540.0
1621576800000000000;83.6996;593.0
1621836000000000000;82.2305;246.0
1621922400000000000;83.4694;299.0
1622008800000000000;84.6651;352.0
1622095200000000000;83.0666;405.0
1622181600000000000;84.1731;458.0
1622527200000000000;85.2341;511.0
1622613600000000000;83.4993;564.0
1622700000000000000;84.4687;217.0
1622786400000000000;82.6422;270.0
1623045600000000000;83.5205;323.0
1623132000000000000;84.354;376.0
1623218400000000000;82.3936;429.0
1623304800000000000;83.1404;482.0
1623391200000000000;83.8457;535.0
1623650400000000000;81.761;588.0
1623736800000000000;82.388;241.0
1623823200000000000;82.9786;294.0
1623909600000000000;80.7848;347.0
1623996000000000000;81.309;400.0
1624255200000000000;79.0536;453.0
1624341600000000000;79.5212;506.0
1624428000000000000;79.9644;559.0
1624514400000000000;77.6361;212.0
1624600800000000000;78.0393;265.0
1624860000000000000;78.4269;318.0
1624946400000000000;76.0522;371.0
1625032800000000000;76.4183;424.0
1625119200000000000;76.7785;477.0
1625205600000000000;74.3859;530.0
1625551200000000000;74.744;583.0
1625637600000000000;72.3558;236.0
1625724000000000000;72.7248;289.0
1625810400000000000;73.1042;342.0
1626069600000000000;70.747;395.0
1626156000000000000;71.1564;448.0
1626242400000000000;71.5854;501.0
1626328800000000000;69.2869;554.0
1626415200000000000;69.7638;207.0
1626674400000000000;70.2686;260.0
1626760800000000000;68.0539;313.0
1626847200000000000;68.6221;366.0
1626933600000000000;66.4754;419.0
1627020000000000000;67.1157;472.0
1627279200000000000;67.795;525.0
1627365600000000000;65.7649;578.0
1627452000000000000;66.5268;231.0
1627538400000000000;67.3319;284.0
1627624800000000000;65.4312;337.0
1627884000000000000;66.3254;390.0
1627970400000000000;67.2652;443.0
1628056800000000000;65.5008;496.0
1628143200000000000;66.5323;549.0
1628229600000000000;64.8595;202.0
1628488800000000000;65.9821;255.0
1628575200000000000;67.1494;308.0
1628661600000000000;65.6105;361.0
1628748000000000000;66.8645;414.0
1628834400000000000;68.1599;467.0
1629093600000000000;66.7453;520.0
1629180000000000000;68.119;573.0
1629266400000000000;69.529;226.0
1629352800000000000;68.2233;279.0
1629439200000000000;69.6997;332.0
1629698400000000000;68.4556;385.0
1629784800000000000;69.9885;438.0
1629871200000000000;71.5457;491.0
1629957600000000000;70.3743;544.0
1630044000000000000;71.9715;597.0
1630303200000000000;73.584;250.0
1630389600000000000;72.4589;303.0
1630476000000000000;74.093;356.0
1630562400000000000;75.7329;409.0
1630648800000000000;74.6255;462.0
1630994400000000000;76.2674;515.0
1631080800000000000;75.1554;568.0
1631167200000000000;76.7862;221.0
1631253600000000000;78.4067;274.0
1631512800000000000;77.2636;327.0
1631599200000000000;78.8539;380.0
1631685600000000000;80.4245;433.0
1631772000000000000;79.2226;486.0
1631858400000000000;80.7452;539.0
1632117600000000000;82.2399;592.0
1632204000000000000;80.954;245.0
1632290400000000000;82.3852;298.0
1632376800000000000;81.0313;351.0
1632463200000000000;82.3903;404.0
1632722400000000000;83.7103;457.0
1632808800000000000;82.2397;510.0
1632895200000000000;83.477;563.0
1632981600000000000;84.6712;216.0
1633068000000000000;83.0711;269.0
1633327200000000000;84.176;322.0
1633413600000000000;85.2355;375.0
1633500000000000000;83.499;428.0
1633586400000000000;84.4667;481.0
1633672800000000000;82.6387;534.0
1633932000000000000;83.5153;587.0
1634018400000000000;84.3473;240.0
1634104800000000000;82.3854;293.0
1634191200000000000;83.1307;346.0
1634277600000000000;83.8345;399.0
1634536800000000000;81.7484;452.0
1634623200000000000;82.3741;505.0
1634709600000000000;82.9634;558.0
1634796000000000000;80.7685;211.0
1634882400000000000;81.2916;264.0
1635141600000000000;79.0352;317.0
1635228000000000000;79.5019;370.0
1635314400000000000;79.9443;423.0
1635400800000000000;77.6153;476.0
1635487200000000000;78.0178;529.0
1635746400000000000;78.405;582.0
1635832800000000000;76.0299;235.0
1635919200000000000;76.3958;288.0
1636005600000000000;76.7558;341.0
1636092000000000000;74.3632;394.0
1636351200000000000;74.7213;447.0
1636437600000000000;72.3334;500.0
1636524000000000000;72.7027;553.0
1636610400000000000;73.0824;206.0
1636696800000000000;70.7258;259.0
1636956000000000000;71.1358;312.0
1637042400000000000;71.5656;365.0
1637128800000000000;69.268;418.0
1637215200000000000;69.7457;471.0
1637301600000000000;70.2516;524.0
1637560800000000000;68.038;577.0
1637647200000000000;68.6074;230.0
1637733600000000000;66.462;283.0
1637906400000000000;67.1037;336.0
1638165600000000000;67.7844;389.0
1638252000000000000;65.7558;442.0
1638338400000000000;66.5191;495.0
1638424800000000000;67.3258;548.0
1638511200000000000;65.4266;201.0
1638770400000000000;66.3225;254.0
1638856800000000000;67.2639;307.0
1638943200000000000;65.5011;360.0
1639029600000000000;66.5342;413.0
1639116000000000000;64.8631;466.0
1639375200000000000;65.9873;519.0
1639461600000000000;67.1561;572.0
1639548000000000000;65.6188;225.0
1639634400000000000;66.8742;278.0
1639720800000000000;68.1711;331.0
1639980000000000000;66.7579;384.0
1640066400000000000;68.1329;437.0
1640152800000000000;69.5442;490.0
1640239200000000000;68.2397;543.0
1640584800000000000;69.7171;596.0
1640671200000000000;68.474;249.0
1640757600000000000;70.0078;302.0
1640844000000000000;71.5658;355.0
1640930400000000000;70.3952;408.0
1641189600000000000;71.9929;461.0
1641276000000000000;73.606;514.0
1641362400000000000;72.4812;567.0
1641448800000000000;74.1155;220.0
1641535200000000000;75.7556;273.0
1641794400000000000;74.6482;326.0
1641880800000000000;76.2901;379.0
1641967200000000000;75.1779;432.0
1642053600000000000;76.8084;485.0
1642140000000000000;78.4284;538.0
1642485600000000000;77.2848;591.0
1642572000000000000;78.8744;244.0
1642658400000000000;80.4443;297.0
1642744800000000000;79.2415;350.0
1643004000000000000;80.7633;403.0
1643090400000000000;82.2569;456.0
1643176800000000000;80.9699;509.0
1643263200000000000;82.3999;562.0
1643349600000000000;81.0447;215.0
1643608800000000000;82.4023;268.0
1643695200000000000;83.7209;321.0
1643781600000000000;82.2488;374.0
1643868000000000000;83.4847;427.0
1643954400000000000;84.6773;480.0
1644213600000000000;83.0756;533.0
1644300000000000000;84.1789;586.0
1644386400000000000;85.2367;239.0
1644472800000000000;83.4987;292.0
1644559200000000000;84.4648;345.0
1644818400000000000;82.6351;398.0
1644904800000000000;83.5101;451.0
1644991200000000000;84.3405;504.0
1645077600000000000;82.3771;557.0
1645164000000000000;83.1209;210.0
1645509600000000000;83.8233;263.0
1645596000000000000;81.7358;316.0
1645682400000000000;82.3602;369.0
1645768800000000000;82.9482;422.0
1646028000000000000;80.7522;475.0
1646114400000000000;81.2742;528.0
1646200800000000000;79.0168;581.0
1646287200000000000;79.4825;234.0
1646373600000000000;79.9241;287.0
1646632800000000000;77.5944;340.0
1646719200000000000;77.9964;393.0
1646805600000000000;78.3831;446.0
1646892000000000000;76.0076;499.0
1646978400000000000;76.3732;552.0
1647237600000000000;76.733;205.0
1647324000000000000;74.3404;258.0
1647410400000000000;74.6986;311.0
1647496800000000000;72.3109;364.0
1647583200000000000;72.6805;417.0
1647842400000000000;73.0607;470.0
1647928800000000000;70.7046;523.0
1648015200000000000;71.1153;576.0
1648101600000000000;71.5458;229.0
1648188000000000000;69.249;282.0
1648447200000000000;69.7278;335.0
1648533600000000000;70.2346;388.0
1648620000000000000;68.0222;441.0
1648706400000000000;68.5928;494.0
1648792800000000000;66.4487;547.0
1649052000000000000;67.0917;200.0
1649138400000000000;67.7739;253.0
1649224800000000000;65.7467;306.0
1649311200000000000;66.5115;359.0
1649397600000000000;67.3197;412.0
1649656800000000000;65.4222;465.0
1649743200000000000;66.3197;518.0
1649829600000000000;67.2627;571.0
1649916000000000000;65.5015;224.0
1650261600000000000;66.5363;277.0
1650348000000000000;64.8667;330.0
1650434400000000000;65.9925;383.0
1650520800000000000;67.1629;436.0
1650607200000000000;65.6271;489.0
1650866400000000000;66.884;542.0
1650952800000000000;68.1823;595.0
1651039200000000000;66.7705;248.0
1651125600000000000;68.1468;301.0
1651212000000000000;69.5594;354.0
1651471200000000000;68.256;407.0
1651557600000000000;69.7345;460.0
1651644000000000000;68.4925;513.0
1651730400000000000;70.0272;566.0
1651816800000000000;71.586;219.0
1652076000000000000;70.416;272.0
1652162400000000000;72.0144;325.0
1652248800000000000;73.6279;378.0
1652335200000000000;72.5036;431.0
1652421600000000000;74.1381;484.0
1652680800000000000;75.7783;537.0
1652767200000000000;74.671;590.0
1652853600000000000;76.3127;243.0
1652940000000000000;75.2003;296.0
1653026400000000000;76.8306;349.0
1653285600000000000;78.4502;402.0
1653372000000000000;77.306;455.0
1653458400000000000;78.895;508.0
1653544800000000000;80.4641;561.0
1653631200000000000;79.2604;214.0
1653976800000000000;80.7812;267.0
1654063200000000000;82.2738;320.0
1654149600000000000;80.9857;373.0
1654236000000000000;82.4145;426.0
1654495200000000000;81.058;479.0
1654581600000000000;82.4142;532.0
1654668000000000000;83.7314;585.0
1654754400000000000;82.2579;238.0
1654840800000000000;83.4922;291.0
1655100000000000000;84.6833;344.0
1655186400000000000;83.08;397.0
1655272800000000000;84.1818;450.0
1655359200000000000;85.2379;503.0
1655445600000000000;83.4983;556.0
1655791200000000000;84.4627;209.0
1655877600000000000;82.6315;262.0
1655964000000000000;83.5049;315.0
1656050400000000000;84.3337;368.0
1656309600000000000;82.3687;421.0
1656396000000000000;83.1111;474.0
1656482400000000000;83.812;527.0
1656568800000000000;81.7232;580.0
1656655200000000000;82.3462;233.0
1657000800000000000;82.933;286.0
1657087200000000000;80.7358;339.0
1657173600000000000;81.2567;392.0
1657260000000000000;78.9983;445.0
1657519200000000000;79.4631;498.0
1657605600000000000;79.9039;551.0
1657692000000000000;77.5735;204.0
1657778400000000000;77.9749;257.0
1657864800000000000;78.3611;310.0
1658124000000000000;75.9853;363.0
1658210400000000000;76.3506;416.0
1658296800000000000;76.7103;469.0
1658383200000000000;74.3177;522.0
1658469600000000000;74.6759;575.0
1658728800000000000;72.2884;228.0
1658815200000000000;72.6584;281.0
1658901600000000000;73.039;334.0
1658988000000000000;70.6834;387.0
1659074400000000000;71.0948;440.0
1659333600000000000;71.526;493.0
1659420000000000000;69.2301;546.0
1659506400000000000;69.7098;599.0
1659592800000000000;70.2177;252.0
1659679200000000000;68.0064;305.0
1659938400000000000;68.5783;358.0
1660024800000000000;66.4354;411.0
1660111200000000000;67.0798;464.0
1660197600000000000;67.7633;517.0
1660284000000000000;65.7376;570.0
1660543200000000000;66.504;223.0
1660629600000000000;67.3137;276.0
1660716000000000000;65.4178;329.0
1660802400000000000;66.3169;382.0
1660888800000000000;67.2615;435.0
1661148000000000000;65.502;488.0
1661234400000000000;66.5383;541.0
1661320800000000000;64.8704;594.0
1661407200000000000;65.9977;247.0
1661493600000000000;67.1697;300.0
1661752800000000000;65.6355;353.0
1661839200000000000;66.8939;406.0
1661925600000000000;68.1936;459.0
1662012000000000000;66.7832;512.0
1662098400000000000;68.1608;565.0
1662444000000000000;69.5746;218.0
1662530400000000000;68.2724;271.0
1662616800000000000;69.752;324.0
1662703200000000000;68.5109;377.0
1662962400000000000;70.0466;430.0
1663048800000000000;71.6062;483.0
1663135200000000000;70.4369;536.0
1663221600000000000;72.0358;589.0
1663308000000000000;73.6499;242.0
1663567200000000000;72.5259;295.0
1663653600000000000;74.1607;348.0
1663740000000000000;75.8011;401.0
1663826400000000000;74.6937;454.0
1663912800000000000;76.3354;507.0
1664172000000000000;75.2228;560.0
1664258400000000000;76.8527;213.0
1664344800000000000;78.4719;266.0
1664431200000000000;77.3272;319.0
1664517600000000000;78.9155;372.0
1664776800000000000;80.4838;425.0
1664863200000000000;79.2793;478.0
1664949600000000000;80.7992;531.0
1665036000000000000;82.2907;584.0
1665122400000000000;81.0014;237.0
1665381600000000000;82.429;290.0
1665468000000000000;81.0713;343.0
1665554400000000000;82.4262;396.0
1665640800000000000;83.7419;449.0
1665727200000000000;82.2669;502.0
1665986400000000000;83.4997;555.0
1666072800000000000;84.6892;208.0
1666159200000000000;83.0844;261.0
1666245600000000000;84.1845;314.0
1666332000000000000;85.2391;367.0
1666591200000000000;83.4978;420.0
1666677600000000000;84.4606;473.0
1666764000000000000;82.6277;526.0
1666850400000000000;83.4996;579.0
1666936800000000000;84.3268;232.0
1667196000000000000;82.3603;285.0
1667282400000000000;83.1012;338.0
1667368800000000000;83.8007;391.0
1667455200000000000;81.7105;444.0
1667541600000000000;82.3322;497.0
1667800800000000000;82.9178;550.0
1667887200000000000;80.7193;203.0
1667973600000000000;81.2392;256.0
1668060000000000000;78.9798;309.0
1668146400000000000;79.4437;362.0
1668405600000000000;79.8837;415.0
1668492000000000000;77.5526;468.0
1668578400000000000;77.9534;521.0
1668664800000000000;78.3391;574.0
1668751200000000000;75.9629;227.0
1669010400000000000;76.328;280.0
1669096800000000000;76.6876;333.0
1669183200000000000;74.2949;386.0
1669356000000000000;74.6533;439.0
1669615200000000000;72.266;492.0
1669701600000000000;72.6362;545.0
1669788000000000000;73.0173;598.0
1669874400000000000;70.6623;251.0
1669960800000000000;71.0743;304.0
1670220000000000000;71.5063;357.0
1670306400000000000;69.2112;410.0
1670392800000000000;69.6919;463.0
1670479200000000000;70.2009;516.0
1670565600000000000;67.9907;569.0
1670824800000000000;68.5637;222.0
1670911200000000000;66.4221;275.0
1670997600000000000;67.0679;328.0
1671084000000000000;67.7529;381.0
1671170400000000000;65.7286;434.0
1671429600000000000;66.4965;487.0
1671516000000000000;67.3078;540.0
1671602400000000000;65.4134;593.0
1671688800000000000;66.3141;246.0
1671775200000000000;67.2604;299.0
1672120800000000000;65.5025;352.0
1672207200000000000;66.5405;405.0
1672293600000000000;64.8741;458.0
1672380000000000000;66.0031;511.0
1672725600000000000;67.1766;564.0
1672812000000000000;65.6439;217.0
1672898400000000000;66.9038;270.0
1672984800000000000;68.205;323.0
1673244000000000000;66.7959;376.0
1673330400000000000;68.1749;429.0
1673416800000000000;69.5899;482.0
1673503200000000000;68.2889;535.0
1673589600000000000;69.7696;588.0
1673935200000000000;68.5295;241.0
1674021600000000000;70.066;294.0
1674108000000000000;71.6264;347.0
1674194400000000000;70.4578;400.0
1674453600000000000;72.0573;453.0
1674540000000000000;73.6719;506.0
1674626400000000000;72.5482;559.0
1674712800000000000;74.1833;212.0
1674799200000000000;75.8238;265.0
1675058400000000000;74.7165;318.0
1675144800000000000;76.3581;371.0
1675231200000000000;75.2452;424.0
1675317600000000000;76.8748;477.0
1675404000000000000;78.4936;530.0
1675663200000000000;77.3483;583.0
1675749600000000000;78.936;236.0
1675836000000000000;80.5036;289.0
1675922400000000000;79.2982;342.0
1676008800000000000;80.8171;395.0
1676268000000000000;82.3076;448.0
1676354400000000000;81.0172;501.0
1676440800000000000;82.4435;554.0
1676527200000000000;81.0845;207.0
1676613600000000000;82.438;260.0
1676959200000000000;83.7523;313.0
1677045600000000000;82.2759;366.0
1677132000000000000;83.5072;419.0
1677218400000000000;84.6951;472.0
1677477600000000000;83.0887;525.0
1677564000000000000;84.1872;578.0
1677650400000000000;85.2402;231.0
1677736800000000000;83.4973;284.0
1677823200000000000;84.4585;337.0
1678082400000000000;82.624;390.0
1678168800000000000;83.4942;443.0
1678255200000000000;84.3199;496.0
1678341600000000000;82.3519;549.0
1678428000000000000;83.0912;202.0
1678687200000000000;83.7893;255.0
1678773600000000000;81.6977;308.0
1678860000000000000;82.3181;361.0
1678946400000000000;82.9024;414.0
1679032800000000000;80.7029;467.0
1679292000000000000;81.2217;520.0
1679378400000000000;78.9613;573.0
1679464800000000000;79.4243;226.0
1679551200000000000;79.8635;279.0
1679637600000000000;77.5317;332.0
1679896800000000000;77.9319;385.0
1679983200000000000;78.3172;438.0
1680069600000000000;75.9406;491.0
1680156000000000000;76.3054;544.0
1680242400000000000;76.6648;597.0
1680501600000000000;74.2721;250.0
1680588000000000000;74.6306;303.0
1680674400000000000;72.2435;356.0
1680760800000000000;72.6141;409.0
1681106400000000000;72.9956;462.0
1681192800000000000;70.6411;515.0
1681279200000000000;71.0538;568.0
1681365600000000000;71.4866;221.0
1681452000000000000;69.1924;274.0
1681711200000000000;69.674;327.0
1681797600000000000;70.184;380.0
1681884000000000000;67.975;433.0
1681970400000000000;68.5492;486.0
1682056800000000000;66.4089;539.0
1682316000000000000;67.0561;592.0
1682402400000000000;67.7424;245.0
1682488800000000000;65.7197;298.0
1682575200000000000;66.4891;351.0
1682661600000000000;67.3019;404.0
1682920800000000000;65.4091;457.0
1683007200000000000;66.3114;510.0
1683093600000000000;67.2593;563.0
1683180000000000000;65.503;216.0
1683266400000000000;66.5426;269.0
1683525600000000000;64.8779;322.0
1683612000000000000;66.0085;375.0
1683698400000000000;67.1836;428.0
1683784800000000000;65.6524;481.0
1683871200000000000;66.9138;534.0
1684130400000000000;68.2164;587.0
1684216800000000000;66.8087;240.0
1684303200000000000;68.189;293.0
1684389600000000000;69.6052;346.0
1684476000000000000;68.3054;399.0
1684735200000000000;69.7871;452.0
1684821600000000000;68.548;505.0
1684908000000000000;70.0854;558.0
1684994400000000000;71.6466;211.0
1685080800000000000;70.4788;264.0
1685426400000000000;72.0789;317.0
1685512800000000000;73.6938;370.0
1685599200000000000;72.5706;423.0
1685685600000000000;74.2059;476.0
1685944800000000000;75.8465;529.0
1686031200000000000;74.7392;582.0
1686117600000000000;76.3807;235.0
1686204000000000000;75.2677;288.0
1686290400000000000;76.8969;341.0
1686549600000000000;78.5152;394.0
1686636000000000000;77.3694;447.0
1686722400000000000;78.9564;500.0
1686808800000000000;80.5233;553.0
1686895200000000000;79.317;206.0
1687240800000000000;80.8349;259.0
1687327200000000000;82.3244;312.0
1687413600000000000;81.0328;365.0
1687500000000000000;82.458;418.0
1687759200000000000;81.0976;471.0
1687845600000000000;82.4498;524.0
1687932000000000000;83.7627;577.0
1688018400000000000;82.2848;230.0
1688104800000000000;83.5146;283.0
1688364000000000000;84.701;336.0
1688536800000000000;83.093;389.0
1688623200000000000;84.1899;442.0
1688709600000000000;85.2412;495.0
1688968800000000000;83.4967;548.0
1689055200000000000;84.4562;201.0
1689141600000000000;82.6202;254.0
1689228000000000000;83.4888;307.0
1689314400000000000;84.3129;360.0
1689573600000000000;82.3433;413.0
1689660000000000000;83.0812;466.0
1689746400000000000;83.7779;519.0
1689832800000000000;81.6849;572.0
1689919200000000000;82.304;225.0
1690178400000000000;82.8871;278.0
1690264800000000000;80.6864;331.0
1690351200000000000;81.2041;384.0
1690437600000000000;78.9427;437.0
1690524000000000000;79.4048;490.0
1690783200000000000;79.8432;543.0
1690869600000000000;77.5108;596.0
1690956000000000000;77.9104;249.0
1691042400000000000;78.2952;302.0
1691128800000000000;75.9182;355.0
1691388000000000000;76.2828;408.0
1691474400000000000;76.6421;461.0
1691560800000000000;74.2494;514.0
1691647200000000000;74.608;567.0
1691733600000000000;72.2211;220.0
1691992800000000000;72.592;273.0
1692079200000000000;72.9739;326.0
1692165600000000000;70.62;379.0
1692252000000000000;71.0334;432.0
1692338400000000000;71.4669;485.0
1692597600000000000;69.1736;538.0
1692684000000000000;69.6561;591.0
1692770400000000000;70.1672;244.0
1692856800000000000;67.9593;297.0
1692943200000000000;68.5348;350.0
1693202400000000000;66.3958;403.0
1693288800000000000;67.0443;456.0
1693375200000000000;67.7321;509.0
1693461600000000000;65.7108;562.0
1693548000000000000;66.4817;215.0
1693893600000000000;67.2961;268.0
1693980000000000000;65.4049;321.0
1694066400000000000;66.3088;374.0
1694152800000000000;67.2583;427.0
1694412000000000000;65.5037;480.0
1694498400000000000;66.5449;533.0
1694584800000000000;64.8818;586.0
1694671200000000000;66.0139;239.0
1694757600000000000;67.1906;292.0
1695016800000000000;65.6609;345.0
1695103200000000000;66.9238;398.0
1695189600000000000;68.2278;451.0
1695276000000000000;66.8215;504.0
1695362400000000000;68.2031;557.0
1695621600000000000;69.6206;210.0
1695708000000000000;68.3219;263.0
1695794400000000000;69.8047;316.0
1695880800000000000;68.5666;369.0
1695967200000000000;70.1049;422.0
1696226400000000000;71.6669;475.0
1696312800000000000;70.4997;528.0
1696399200000000000;72.1004;581.0
1696485600000000000;73.7159;234.0
1696572000000000000;72.593;287.0
1696831200000000000;74.2285;340.0
1696917600000000000;75.8693;393.0
1697004000000000000;74.762;446.0
1697090400000000000;76.4034;499.0
1697176800000000000;75.2901;552.0
1697436000000000000;76.919;205.0
1697522400000000000;78.5369;258.0
1697608800000000000;77.3905;311.0
1697695200000000000;78.9769;364.0
1697781600000000000;80.5429;417.0
1698040800000000000;79.3358;470.0
1698127200000000000;80.8528;523.0
1698213600000000000;82.3411;576.0
1698300000000000000;81.0485;229.0
1698386400000000000;82.4724;282.0
1698645600000000000;81.1108;335.0
1698732000000000000;82.4616;388.0
1698818400000000000;83.7731;441.0
1698904800000000000;82.2937;494.0
1698991200000000000;83.5219;547.0
1699250400000000000;84.7068;200.0
1699336800000000000;83.0972;253.0
1699423200000000000;84.1925;306.0
1699509600000000000;85.2422;359.0
1699596000000000000;83.496;412.0
1699855200000000000;84.454;465.0
1699941600000000000;82.6163;518.0
1700028000000000000;83.4833;571.0
1700114400000000000;84.3059;224.0
1700200800000000000;82.3348;277.0
1700460000000000000;83.0712;330.0
1700546400000000000;83.7664;383.0
1700632800000000000;81.672;436.0
1700805600000000000;82.2898;489.0
1701064800000000000;82.8717;542.0
1701151200000000000;80.6698;595.0
1701237600000000000;81.1864;248.0
1701324000000000000;78.9241;301.0
1701410400000000000;79.3853;354.0
1701669600000000000;79.8229;407.0
1701756000000000000;77.4898;460.0
1701842400000000000;77.8888;513.0
1701928800000000000;78.2731;566.0
1702015200000000000;75.8959;219.0
1702274400000000000;76.2602;272.0
1702360800000000000;76.6194;325.0
1702447200000000000;74.2266;378.0
1702533600000000000;74.5853;431.0
1702620000000000000;72.1987;484.0
1702879200000000000;72.5699;537.0
1702965600000000000;72.9523;590.0
1703052000000000000;70.599;243.0
1703138400000000000;71.0129;296.0
1703224800000000000;71.4473;349.0
1703570400000000000;69.1548;402.0
1703656800000000000;69.6383;455.0
1703743200000000000;70.1505;508.0
1703829600000000000;67.9437;561.0
1704175200000000000;68.5204;214.0
1704261600000000000;66.3827;267.0
1704348000000000000;67.0326;320.0
1704434400000000000;67.7218;373.0
1704693600000000000;65.7019;426.0
1704780000000000000;66.4744;479.0
1704866400000000000;67.2904;532.0
1704952800000000000;65.4007;585.0
1705039200000000000;66.3062;238.0
1705384800000000000;67.2574;291.0
1705471200000000000;65.5043;344.0
1705557600000000000;66.5472;397.0
1705644000000000000;64.8857;450.0
1705903200000000000;66.0194;503.0
1705989600000000000;67.1977;556.0
1706076000000000000;65.6695;209.0
1706162400000000000;66.9339;262.0
1706248800000000000;68.2393;315.0
1706508000000000000;66.8344;368.0
1706594400000000000;68.2173;421.0
1706680800000000000;69.636;474.0
1706767200000000000;68.3385;527.0
1706853600000000000;69.8224;580.0
1707112800000000000;68.5852;233.0
1707199200000000000;70.1244;286.0
1707285600000000000;71.6872;339.0
1707372000000000000;70.5207;392.0
1707458400000000000;72.122;445.0
1707717600000000000;73.7379;498.0
1707804000000000000;72.6153;551.0
1707890400000000000;74.2511;204.0
1707976800000000000;75.892;257.0
1708063200000000000;74.7847;310.0
1708408800000000000;76.426;363.0
1708495200000000000;75.3125;416.0
1708581600000000000;76.9411;469.0
1708668000000000000;78.5585;522.0
1708927200000000000;77.4116;575.0
1709013600000000000;78.9973;228.0
1709100000000000000;80.5625;281.0
1709186400000000000;79.3546;334.0
1709272800000000000;80.8706;387.0
1709532000000000000;82.3579;440.0
1709618400000000000;81.0641;493.0
1709704800000000000;82.4868;546.0
1709791200000000000;81.1238;599.0
1709877600000000000;82.4733;252.0
1710136800000000000;83.7834;305.0
1710223200000000000;82.3025;358.0
1710309600000000000;83.5292;411.0
1710396000000000000;84.7125;464.0
1710482400000000000;83.1013;517.0
1710741600000000000;84.195;570.0
1710828000000000000;85.2431;223.0
1710914400000000000;83.4953;276.0
1711000800000000000;84.4516;329.0
1711087200000000000;82.6123;382.0
1711346400000000000;83.4778;435.0
1711432800000000000;84.2988;488.0
1711519200000000000;82.3262;541.0
1711605600000000000;83.0611;594.0
1711951200000000000;83.7549;247.0
1712037600000000000;81.6592;300.0
1712124000000000000;82.2756;353.0
1712210400000000000;82.8563;406.0
1712296800000000000;80.6532;459.0
1712556000000000000;81.1688;512.0
1712642400000000000;78.9054;565.0
1712728800000000000;79.3658;218.0
1712815200000000000;79.8026;271.0
1712901600000000000;77.4688;324.0
1713160800000000000;77.8673;377.0
1713247200000000000;78.2511;430.0
1713333600000000000;75.8735;483.0
1713420000000000000;76.2376;536.0
1713506400000000000;76.5966;589.0
1713765600000000000;74.2039;242.0
1713852000000000000;74.5627;295.0
1713938400000000000;72.1763;348.0
1714024800000000000;72.5479;401.0
1714111200000000000;72.9307;454.0
1714370400000000000;70.5779;507.0
1714456800000000000;70.9925;560.0
1714543200000000000;71.4276;213.0
1714629600000000000;69.1361;266.0
1714716000000000000;69.6206;319.0
1714975200000000000;70.1338;372.0
1715061600000000000;67.9282;425.0
1715148000000000000;68.5061;478.0
1715234400000000000;66.3697;531.0
1715320800000000000;67.0209;584.0
1715580000000000000;67.7115;237.0
1715666400000000000;65.6931;290.0
1715752800000000000;66.4671;343.0
1715839200000000000;67.2847;396.0
1715925600000000000;65.3966;449.0
1716184800000000000;66.3037;502.0
1716271200000000000;67.2565;555.0
1716357600000000000;65.5051;208.0
1716444000000000000;66.5495;261.0
1716530400000000000;64.8897;314.0
1716876000000000000;66.025;367.0
1716962400000000000;67.2048;420.0
1717048800000000000;65.6782;473.0
1717135200000000000;66.944;526.0
1717394400000000000;68.2509;579.0
1717480800000000000;66.8473;232.0
1717567200000000000;68.2315;285.0
1717653600000000000;69.6515;338.0
1717740000000000000;68.3551;391.0
1717999200000000000;69.8401;444.0
1718085600000000000;68.6039;497.0
1718172000000000000;70.144;550.0
1718258400000000000;71.7075;203.0
1718344800000000000;70.5417;256.0
1718604000000000000;72.1435;309.0
1718690400000000000;73.7599;362.0
1718863200000000000;72.6377;415.0
1718949600000000000;74.2738;468.0
1719208800000000000;75.9148;521.0
1719295200000000000;74.8075;574.0
1719381600000000000;76.4486;227.0
1719468000000000000;75.3349;280.0
1719554400000000000;76.9632;333.0
1719813600000000000;78.5801;386.0
1719900000000000000;77.4326;439.0
1719986400000000000;79.0176;492.0
1720159200000000000;80.5822;545.0
1720418400000000000;79.3733;598.0
1720504800000000000;80.8883;251.0
1720591200000000000;82.3746;304.0
1720677600000000000;81.0796;357.0
1720764000000000000;82.5011;410.0
1721023200000000000;81.1369;463.0
1721109600000000000;82.485;516.0
1721196000000000000;83.7936;569.0
1721282400000000000;82.3112;222.0
1721368800000000000;83.5365;275.0
1721628000000000000;84.7182;328.0
1721714400000000000;83.1054;381.0
1721800800000000000;84.1975;434.0
1721887200000000000;85.244;487.0
1721973600000000000;83.4945;540.0
1722232800000000000;84.4493;593.0
1722319200000000000;82.6083;246.0
1722405600000000000;83.4722;299.0
1722492000000000000;84.2917;352.0
1722578400000000000;82.3175;405.0
1722837600000000000;83.0509;458.0
1722924000000000000;83.7433;511.0
1723010400000000000;81.6462;564.0
1723096800000000000;82.2614;217.0
1723183200000000000;82.8408;270.0
1723442400000000000;80.6366;323.0
1723528800000000000;81.1511;376.0
1723615200000000000;78.8868;429.0
1723701600000000000;79.3463;482.0
1723788000000000000;79.7823;535.0
1724047200000000000;77.4478;588.0
1724133600000000000;77.8457;241.0
1724220000000000000;78.2291;294.0
1724306400000000000;75.8511;347.0
1724392800000000000;76.2149;400.0
1724652000000000000;76.5739;453.0
1724738400000000000;74.1811;506.0
1724824800000000000;74.54;559.0
1724911200000000000;72.1539;212.0
1724997600000000000;72.5258;265.0
1725343200000000000;72.9091;318.0
1725429600000000000;70.5569;371.0
1725516000000000000;70.9722;424.0
1725602400000000000;71.4081;477.0
1725861600000000000;69.1173;530.0
1725948000000000000;69.6028;583.0
1726034400000000000;70.1171;236.0
1726120800000000000;67.9126;289.0
1726207200000000000;68.4918;342.0
1726466400000000000;66.3567;395.0
1726552800000000000;67.0092;448.0
1726639200000000000;67.7013;501.0
1726725600000000000;65.6844;554.0
1726812000000000000;66.4599;207.0
1727071200000000000;67.279;260.0
1727157600000000000;65.3925;313.0
1727244000000000000;66.3013;366.0
1727330400000000000;67.2556;419.0
1727416800000000000;65.5059;472.0
1727676000000000000;66.5519;525.0
1727762400000000000;64.8937;578.0
1727848800000000000;66.0306;231.0
1727935200000000000;67.2119;284.0
1728021600000000000;65.6868;337.0
1728280800000000000;66.9542;390.0
1728367200000000000;68.2625;443.0
1728453600000000000;66.8603;496.0
1728540000000000000;68.2458;549.0
1728626400000000000;69.667;202.0
1728885600000000000;68.3717;255.0
1728972000000000000;69.8578;308.0
1729058400000000000;68.6226;361.0
1729144800000000000;70.1635;414.0
1729231200000000000;71.7279;467.0
1729490400000000000;70.5627;520.0
1729576800000000000;72.1651;573.0
1729663200000000000;73.782;226.0
1729749600000000000;72.6601;279.0
1729836000000000000;74.2964;332.0
1730095200000000000;75.9375;385.0
1730181600000000000;74.8302;438.0
1730268000000000000;76.4713;491.0
1730354400000000000;75.3573;544.0
1730440800000000000;76.9852;597.0
1730700000000000000;78.6017;250.0
1730786400000000000;77.4537;303.0
1730872800000000000;79.038;356.0
1730959200000000000;80.6017;409.0
1731045600000000000;79.392;462.0
1731304800000000000;80.906;515.0
1731391200000000000;82.3912;568.0
1731477600000000000;81.0951;221.0
1731564000000000000;82.5154;274.0
1731650400000000000;81.1498;327.0
1731909600000000000;82.4966;380.0
1731996000000000000;83.8038;433.0
1732082400000000000;82.3199;486.0
1732168800000000000;83.5437;539.0
1732255200000000000;84.7238;592.0
1732514400000000000;83.1095;245.0
1732600800000000000;84.1999;298.0
1732687200000000000;85.2448;351.0
1732860000000000000;83.4937;404.0
1733119200000000000;84.4468;457.0
1733205600000000000;82.6043;510.0
1733292000000000000;83.4666;563.0
1733378400000000000;84.2845;216.0
1733464800000000000;82.3088;269.0
1733724000000000000;83.0407;322.0
1733810400000000000;83.7317;375.0
1733896800000000000;81.6332;428.0
1733983200000000000;82.2471;481.0
1734069600000000000;82.8253;534.0
1734328800000000000;80.6199;587.0
1734415200000000000;81.1334;240.0
1734501600000000000;78.8681;293.0
1734588000000000000;79.3267;346.0
1734674400000000000;79.7619;399.0
1734933600000000000;77.4267;452.0
1735020000000000000;77.8241;505.0
1735192800000000000;78.207;558.0
1735279200000000000;75.8287;211.0
1735538400000000000;76.1923;264.0
1735624800000000000;76.5511;317.0
1735797600000000000;74.1584;370.0
1735884000000000000;74.5174;423.0
1736143200000000000;72.1315;476.0
1736229600000000000;72.5037;529.0
1736316000000000000;72.8875;582.0
1736488800000000000;70.5358;235.0
1736748000000000000;70.9518;288.0
1736834400000000000;71.3885;341.0
1736920800000000000;69.0987;394.0
1737007200000000000;69.5851;447.0
1737093600000000000;70.1004;500.0
1737439200000000000;67.8971;553.0
1737525600000000000;68.4775;206.0
1737612000000000000;66.3437;259.0
1737698400000000000;66.9977;312.0
1737957600000000000;67.6911;365.0
1738044000000000000;65.6757;418.0
1738130400000000000;66.4528;471.0
1738216800000000000;67.2734;524.0
1738303200000000000;65.3885;577.0
1738562400000000000;66.2989;230.0
1738648800000000000;67.2549;283.0
1738735200000000000;65.5067;336.0
1738821600000000000;66.5544;389.0
1738908000000000000;64.8978;442.0
1739167200000000000;66.0362;495.0
1739253600000000000;67.2192;548.0
1739340000000000000;65.6956;201.0
1739426400000000000;66.9644;254.0
1739512800000000000;68.2741;307.0
1739858400000000000;66.8733;360.0
1739944800000000000;68.2601;413.0
1740031200000000000;69.6825;466.0
1740117600000000000;68.3884;519.0
1740376800000000000;69.8755;572.0
1740463200000000000;68.6413;225.0
1740549600000000000;70.1831;278.0
1740636000000000000;71.7483;331.0
1740722400000000000;70.5838;384.0
1740981600000000000;72.1867;437.0
1741068000000000000;73.804;490.0
1741154400000000000;72.6825;543.0
1741240800000000000;74.319;596.0
1741327200000000000;75.9603;249.0
1741586400000000000;74.853;302.0
1741672800000000000;76.4939;355.0
1741759200000000000;75.3797;408.0
1741845600000000000;77.0073;461.0
1741932000000000000;78.6233;514.0
1742191200000000000;77.4747;567.0
1742277600000000000;79.0583;220.0
1742364000000000000;80.6213;273.0
1742450400000000000;79.4107;326.0
1742536800000000000;80.9237;379.0
1742796000000000000;82.4079;432.0
1742882400000000000;81.1106;485.0
1742968800000000000;82.5296;538.0
1743055200000000000;81.1628;591.0
1743141600000000000;82.5081;244.0
1743400800000000000;83.8139;297.0
1743487200000000000;82.3286;350.0
1743573600000000000;83.5508;403.0
1743660000000000000;84.7294;456.0
1743746400000000000;83.1134;509.0
1744005600000000000;84.2023;562.0
1744092000000000000;85.2455;215.0
1744178400000000000;83.4929;268.0
1744264800000000000;84.4443;321.0
1744351200000000000;82.6002;374.0
1744610400000000000;83.4609;427.0
1744696800000000000;84.2772;480.0
1744783200000000000;82.3;533.0
1744869600000000000;83.0305;586.0
1745215200000000000;83.72;239.0
1745301600000000000;81.6202;292.0
1745388000000000000;82.2327;345.0
1745474400000000000;82.8097;398.0
1745560800000000000;80.6032;451.0
1745820000000000000;81.1156;504.0
1745906400000000000;78.8493;557.0
1745992800000000000;79.3071;210.0
1746079200000000000;79.7416;263.0
1746165600000000000;77.4057;316.0
1746424800000000000;77.8025;369.0
1746511200000000000;78.1849;422.0
1746597600000000000;75.8063;475.0
1746684000000000000;76.1697;528.0
1746770400000000000;76.5284;581.0
1747029600000000000;74.1357;234.0
1747116000000000000;74.4948;287.0
1747202400000000000;72.1091;340.0
1747288800000000000;72.4817;393.0
1747375200000000000;72.8659;446.0
1747634400000000000;70.5148;499.0
1747720800000000000;70.9315;552.0
1747807200000000000;71.369;205.0
1747893600000000000;69.08;258.0
1747980000000000000;69.5674;311.0
